[2025-10-18T17:06:13.051+0000] {manager.py:483} INFO - Processing files using up to 2 processes at a time 
[2025-10-18T17:06:13.051+0000] {manager.py:484} INFO - Process each file at most once every 30 seconds
[2025-10-18T17:06:13.052+0000] {manager.py:485} INFO - Checking for new files in /opt/airflow/dags every 300 seconds
[2025-10-18T17:06:13.052+0000] {manager.py:821} INFO - Searching for files in /opt/airflow/dags
[2025-10-18T17:06:13.055+0000] {manager.py:824} INFO - There are 0 files in /opt/airflow/dags
[2025-10-18T17:11:13.465+0000] {manager.py:821} INFO - Searching for files in /opt/airflow/dags
[2025-10-18T17:11:13.470+0000] {manager.py:824} INFO - There are 0 files in /opt/airflow/dags
[2025-10-18T17:16:14.019+0000] {manager.py:821} INFO - Searching for files in /opt/airflow/dags
[2025-10-18T17:16:14.023+0000] {manager.py:824} INFO - There are 0 files in /opt/airflow/dags
[2025-10-18T17:21:14.572+0000] {manager.py:821} INFO - Searching for files in /opt/airflow/dags
[2025-10-18T17:21:14.575+0000] {manager.py:824} INFO - There are 0 files in /opt/airflow/dags
[2025-10-18T17:26:15.127+0000] {manager.py:821} INFO - Searching for files in /opt/airflow/dags
[2025-10-18T17:26:15.130+0000] {manager.py:824} INFO - There are 0 files in /opt/airflow/dags
[2025-10-18T17:31:15.775+0000] {manager.py:821} INFO - Searching for files in /opt/airflow/dags
[2025-10-18T17:31:15.777+0000] {manager.py:824} INFO - There are 0 files in /opt/airflow/dags
[2025-10-18T17:36:16.368+0000] {manager.py:821} INFO - Searching for files in /opt/airflow/dags
[2025-10-18T17:36:16.374+0000] {manager.py:824} INFO - There are 1 files in /opt/airflow/dags
[2025-10-18T17:36:28.518+0000] {manager.py:997} INFO - 
================================================================================
DAG File Processing Stats

File Path                                  PID    Runtime      # DAGs    # Errors  Last Runtime    Last Run               Last # of DB Queries
-----------------------------------------  -----  ---------  --------  ----------  --------------  -------------------  ----------------------
/opt/airflow/dags/driven_data_pipeline.py                           0           1  0.05s           2025-10-18T17:36:16                       3
================================================================================
[2025-10-18T17:36:58.834+0000] {manager.py:997} INFO - 
================================================================================
DAG File Processing Stats

File Path                                  PID    Runtime      # DAGs    # Errors  Last Runtime    Last Run               Last # of DB Queries
-----------------------------------------  -----  ---------  --------  ----------  --------------  -------------------  ----------------------
/opt/airflow/dags/driven_data_pipeline.py                           0           1  0.04s           2025-10-18T17:36:46                       5
================================================================================
[2025-10-18T17:37:29.146+0000] {manager.py:997} INFO - 
================================================================================
DAG File Processing Stats

File Path                                  PID    Runtime      # DAGs    # Errors  Last Runtime    Last Run               Last # of DB Queries
-----------------------------------------  -----  ---------  --------  ----------  --------------  -------------------  ----------------------
/opt/airflow/dags/driven_data_pipeline.py                           0           1  0.05s           2025-10-18T17:37:17                       5
================================================================================
[2025-10-18T17:37:59.418+0000] {manager.py:997} INFO - 
================================================================================
DAG File Processing Stats

File Path                                  PID    Runtime      # DAGs    # Errors  Last Runtime    Last Run               Last # of DB Queries
-----------------------------------------  -----  ---------  --------  ----------  --------------  -------------------  ----------------------
/opt/airflow/dags/driven_data_pipeline.py                           0           1  0.04s           2025-10-18T17:37:47                       5
================================================================================
[2025-10-18T17:38:29.699+0000] {manager.py:997} INFO - 
================================================================================
DAG File Processing Stats

File Path                                  PID    Runtime      # DAGs    # Errors  Last Runtime    Last Run               Last # of DB Queries
-----------------------------------------  -----  ---------  --------  ----------  --------------  -------------------  ----------------------
/opt/airflow/dags/driven_data_pipeline.py                           0           1  0.04s           2025-10-18T17:38:17                       5
================================================================================
[2025-10-18T17:38:59.951+0000] {manager.py:997} INFO - 
================================================================================
DAG File Processing Stats

File Path                                  PID    Runtime      # DAGs    # Errors  Last Runtime    Last Run               Last # of DB Queries
-----------------------------------------  -----  ---------  --------  ----------  --------------  -------------------  ----------------------
/opt/airflow/dags/driven_data_pipeline.py                           0           1  0.02s           2025-10-18T17:38:47                       5
================================================================================
[2025-10-18T17:39:30.251+0000] {manager.py:997} INFO - 
================================================================================
DAG File Processing Stats

File Path                                  PID    Runtime      # DAGs    # Errors  Last Runtime    Last Run               Last # of DB Queries
-----------------------------------------  -----  ---------  --------  ----------  --------------  -------------------  ----------------------
/opt/airflow/dags/driven_data_pipeline.py                           0           1  0.03s           2025-10-18T17:39:18                       5
================================================================================
[2025-10-18T17:40:00.524+0000] {manager.py:997} INFO - 
================================================================================
DAG File Processing Stats

File Path                                  PID    Runtime      # DAGs    # Errors  Last Runtime    Last Run               Last # of DB Queries
-----------------------------------------  -----  ---------  --------  ----------  --------------  -------------------  ----------------------
/opt/airflow/dags/driven_data_pipeline.py                           0           1  0.03s           2025-10-18T17:39:48                       5
================================================================================
[2025-10-18T17:40:30.797+0000] {manager.py:997} INFO - 
================================================================================
DAG File Processing Stats

File Path                                  PID    Runtime      # DAGs    # Errors  Last Runtime    Last Run               Last # of DB Queries
-----------------------------------------  -----  ---------  --------  ----------  --------------  -------------------  ----------------------
/opt/airflow/dags/driven_data_pipeline.py                           0           1  0.03s           2025-10-18T17:40:18                       5
================================================================================
[2025-10-18T17:41:01.043+0000] {manager.py:997} INFO - 
================================================================================
DAG File Processing Stats

File Path                                  PID    Runtime      # DAGs    # Errors  Last Runtime    Last Run               Last # of DB Queries
-----------------------------------------  -----  ---------  --------  ----------  --------------  -------------------  ----------------------
/opt/airflow/dags/driven_data_pipeline.py                           0           1  0.04s           2025-10-18T17:40:48                       5
================================================================================
[2025-10-18T17:41:17.171+0000] {manager.py:821} INFO - Searching for files in /opt/airflow/dags
[2025-10-18T17:41:17.179+0000] {manager.py:824} INFO - There are 1 files in /opt/airflow/dags
[2025-10-18T17:41:31.347+0000] {manager.py:997} INFO - 
================================================================================
DAG File Processing Stats

File Path                                  PID    Runtime      # DAGs    # Errors  Last Runtime    Last Run               Last # of DB Queries
-----------------------------------------  -----  ---------  --------  ----------  --------------  -------------------  ----------------------
/opt/airflow/dags/driven_data_pipeline.py                           0           1  0.05s           2025-10-18T17:41:19                       5
================================================================================
[2025-10-18T17:42:01.630+0000] {manager.py:997} INFO - 
================================================================================
DAG File Processing Stats

File Path                                  PID    Runtime      # DAGs    # Errors  Last Runtime    Last Run               Last # of DB Queries
-----------------------------------------  -----  ---------  --------  ----------  --------------  -------------------  ----------------------
/opt/airflow/dags/driven_data_pipeline.py                           0           1  0.04s           2025-10-18T17:41:49                       5
================================================================================
[2025-10-18T17:42:31.943+0000] {manager.py:997} INFO - 
================================================================================
DAG File Processing Stats

File Path                                  PID    Runtime      # DAGs    # Errors  Last Runtime    Last Run               Last # of DB Queries
-----------------------------------------  -----  ---------  --------  ----------  --------------  -------------------  ----------------------
/opt/airflow/dags/driven_data_pipeline.py                           0           1  0.05s           2025-10-18T17:42:19                       5
================================================================================
[2025-10-18T17:43:02.319+0000] {manager.py:997} INFO - 
================================================================================
DAG File Processing Stats

File Path                                  PID    Runtime      # DAGs    # Errors  Last Runtime    Last Run               Last # of DB Queries
-----------------------------------------  -----  ---------  --------  ----------  --------------  -------------------  ----------------------
/opt/airflow/dags/driven_data_pipeline.py                           1           0  0.38s           2025-10-18T17:42:40                      45
================================================================================
[2025-10-18T17:43:32.975+0000] {manager.py:997} INFO - 
================================================================================
DAG File Processing Stats

File Path                                  PID    Runtime      # DAGs    # Errors  Last Runtime    Last Run               Last # of DB Queries
-----------------------------------------  -----  ---------  --------  ----------  --------------  -------------------  ----------------------
/opt/airflow/dags/driven_data_pipeline.py                           1           0  0.28s           2025-10-18T17:43:11                      12
================================================================================
[2025-10-18T17:44:03.636+0000] {manager.py:997} INFO - 
================================================================================
DAG File Processing Stats

File Path                                  PID    Runtime      # DAGs    # Errors  Last Runtime    Last Run               Last # of DB Queries
-----------------------------------------  -----  ---------  --------  ----------  --------------  -------------------  ----------------------
/opt/airflow/dags/driven_data_pipeline.py                           1           0  0.10s           2025-10-18T17:43:41                      12
================================================================================
[2025-10-18T17:44:33.999+0000] {manager.py:997} INFO - 
================================================================================
DAG File Processing Stats

File Path                                  PID    Runtime      # DAGs    # Errors  Last Runtime    Last Run               Last # of DB Queries
-----------------------------------------  -----  ---------  --------  ----------  --------------  -------------------  ----------------------
/opt/airflow/dags/driven_data_pipeline.py                           1           0  0.13s           2025-10-18T17:44:11                      12
================================================================================
[2025-10-18T17:45:04.295+0000] {manager.py:997} INFO - 
================================================================================
DAG File Processing Stats

File Path                                  PID    Runtime      # DAGs    # Errors  Last Runtime    Last Run               Last # of DB Queries
-----------------------------------------  -----  ---------  --------  ----------  --------------  -------------------  ----------------------
/opt/airflow/dags/driven_data_pipeline.py                           1           0  0.15s           2025-10-18T17:44:42                      12
================================================================================
[2025-10-18T17:45:34.708+0000] {manager.py:997} INFO - 
================================================================================
DAG File Processing Stats

File Path                                  PID    Runtime      # DAGs    # Errors  Last Runtime    Last Run               Last # of DB Queries
-----------------------------------------  -----  ---------  --------  ----------  --------------  -------------------  ----------------------
/opt/airflow/dags/driven_data_pipeline.py                           1           0  0.14s           2025-10-18T17:45:12                      12
================================================================================
[2025-10-18T17:46:04.961+0000] {manager.py:997} INFO - 
================================================================================
DAG File Processing Stats

File Path                                  PID    Runtime      # DAGs    # Errors  Last Runtime    Last Run               Last # of DB Queries
-----------------------------------------  -----  ---------  --------  ----------  --------------  -------------------  ----------------------
/opt/airflow/dags/driven_data_pipeline.py                           1           0  0.15s           2025-10-18T17:45:42                      12
================================================================================
[2025-10-18T17:46:17.205+0000] {manager.py:821} INFO - Searching for files in /opt/airflow/dags
[2025-10-18T17:46:17.210+0000] {manager.py:824} INFO - There are 1 files in /opt/airflow/dags
[2025-10-18T17:46:35.325+0000] {manager.py:997} INFO - 
================================================================================
DAG File Processing Stats

File Path                                  PID    Runtime      # DAGs    # Errors  Last Runtime    Last Run               Last # of DB Queries
-----------------------------------------  -----  ---------  --------  ----------  --------------  -------------------  ----------------------
/opt/airflow/dags/driven_data_pipeline.py                           1           0  0.13s           2025-10-18T17:46:13                      12
================================================================================
[2025-10-18T17:47:05.640+0000] {manager.py:997} INFO - 
================================================================================
DAG File Processing Stats

File Path                                  PID    Runtime      # DAGs    # Errors  Last Runtime    Last Run               Last # of DB Queries
-----------------------------------------  -----  ---------  --------  ----------  --------------  -------------------  ----------------------
/opt/airflow/dags/driven_data_pipeline.py                           1           0  0.14s           2025-10-18T17:46:43                      12
================================================================================
[2025-10-18T17:47:36.015+0000] {manager.py:997} INFO - 
================================================================================
DAG File Processing Stats

File Path                                  PID    Runtime      # DAGs    # Errors  Last Runtime    Last Run               Last # of DB Queries
-----------------------------------------  -----  ---------  --------  ----------  --------------  -------------------  ----------------------
/opt/airflow/dags/driven_data_pipeline.py                           1           0  0.13s           2025-10-18T17:47:13                      12
================================================================================
[2025-10-18T17:48:06.279+0000] {manager.py:997} INFO - 
================================================================================
DAG File Processing Stats

File Path                                  PID    Runtime      # DAGs    # Errors  Last Runtime    Last Run               Last # of DB Queries
-----------------------------------------  -----  ---------  --------  ----------  --------------  -------------------  ----------------------
/opt/airflow/dags/driven_data_pipeline.py                           1           0  0.13s           2025-10-18T17:47:44                      12
================================================================================
[2025-10-18T17:48:36.651+0000] {manager.py:997} INFO - 
================================================================================
DAG File Processing Stats

File Path                                  PID    Runtime      # DAGs    # Errors  Last Runtime    Last Run               Last # of DB Queries
-----------------------------------------  -----  ---------  --------  ----------  --------------  -------------------  ----------------------
/opt/airflow/dags/driven_data_pipeline.py                           1           0  0.14s           2025-10-18T17:48:14                      12
================================================================================
[2025-10-18T17:49:06.932+0000] {manager.py:997} INFO - 
================================================================================
DAG File Processing Stats

File Path                                  PID    Runtime      # DAGs    # Errors  Last Runtime    Last Run               Last # of DB Queries
-----------------------------------------  -----  ---------  --------  ----------  --------------  -------------------  ----------------------
/opt/airflow/dags/driven_data_pipeline.py                           1           0  0.14s           2025-10-18T17:48:44                      12
================================================================================
[2025-10-18T17:49:37.270+0000] {manager.py:997} INFO - 
================================================================================
DAG File Processing Stats

File Path                                  PID    Runtime      # DAGs    # Errors  Last Runtime    Last Run               Last # of DB Queries
-----------------------------------------  -----  ---------  --------  ----------  --------------  -------------------  ----------------------
/opt/airflow/dags/driven_data_pipeline.py                           1           0  0.13s           2025-10-18T17:49:15                      12
================================================================================
[2025-10-18T17:50:07.555+0000] {manager.py:997} INFO - 
================================================================================
DAG File Processing Stats

File Path                                  PID    Runtime      # DAGs    # Errors  Last Runtime    Last Run               Last # of DB Queries
-----------------------------------------  -----  ---------  --------  ----------  --------------  -------------------  ----------------------
/opt/airflow/dags/driven_data_pipeline.py                           1           0  0.12s           2025-10-18T17:49:45                      12
================================================================================
[2025-10-18T17:50:37.878+0000] {manager.py:997} INFO - 
================================================================================
DAG File Processing Stats

File Path                                  PID    Runtime      # DAGs    # Errors  Last Runtime    Last Run               Last # of DB Queries
-----------------------------------------  -----  ---------  --------  ----------  --------------  -------------------  ----------------------
/opt/airflow/dags/driven_data_pipeline.py                           1           0  0.14s           2025-10-18T17:50:15                      12
================================================================================
[2025-10-18T17:51:08.235+0000] {manager.py:997} INFO - 
================================================================================
DAG File Processing Stats

File Path                                  PID    Runtime      # DAGs    # Errors  Last Runtime    Last Run               Last # of DB Queries
-----------------------------------------  -----  ---------  --------  ----------  --------------  -------------------  ----------------------
/opt/airflow/dags/driven_data_pipeline.py                           1           0  0.13s           2025-10-18T17:50:46                      12
================================================================================
[2025-10-18T17:51:17.357+0000] {manager.py:821} INFO - Searching for files in /opt/airflow/dags
[2025-10-18T17:51:17.361+0000] {manager.py:824} INFO - There are 1 files in /opt/airflow/dags
[2025-10-18T17:51:38.626+0000] {manager.py:997} INFO - 
================================================================================
DAG File Processing Stats

File Path                                  PID    Runtime      # DAGs    # Errors  Last Runtime    Last Run               Last # of DB Queries
-----------------------------------------  -----  ---------  --------  ----------  --------------  -------------------  ----------------------
/opt/airflow/dags/driven_data_pipeline.py                           0           1  0.21s           2025-10-18T17:51:20                       3
================================================================================
[2025-10-18T17:52:09.041+0000] {manager.py:997} INFO - 
================================================================================
DAG File Processing Stats

File Path                                  PID    Runtime      # DAGs    # Errors  Last Runtime    Last Run               Last # of DB Queries
-----------------------------------------  -----  ---------  --------  ----------  --------------  -------------------  ----------------------
/opt/airflow/dags/driven_data_pipeline.py                           0           1  0.11s           2025-10-18T17:51:50                       5
================================================================================
[2025-10-18T17:52:39.344+0000] {manager.py:997} INFO - 
================================================================================
DAG File Processing Stats

File Path                                  PID    Runtime      # DAGs    # Errors  Last Runtime    Last Run               Last # of DB Queries
-----------------------------------------  -----  ---------  --------  ----------  --------------  -------------------  ----------------------
/opt/airflow/dags/driven_data_pipeline.py                           0           1  0.12s           2025-10-18T17:52:21                       5
================================================================================
[2025-10-18T17:53:09.695+0000] {manager.py:997} INFO - 
================================================================================
DAG File Processing Stats

File Path                                  PID    Runtime      # DAGs    # Errors  Last Runtime    Last Run               Last # of DB Queries
-----------------------------------------  -----  ---------  --------  ----------  --------------  -------------------  ----------------------
/opt/airflow/dags/driven_data_pipeline.py                           0           1  0.13s           2025-10-18T17:52:51                       5
================================================================================
[2025-10-18T17:53:40.102+0000] {manager.py:997} INFO - 
================================================================================
DAG File Processing Stats

File Path                                  PID    Runtime      # DAGs    # Errors  Last Runtime    Last Run               Last # of DB Queries
-----------------------------------------  -----  ---------  --------  ----------  --------------  -------------------  ----------------------
/opt/airflow/dags/driven_data_pipeline.py                           0           1  0.11s           2025-10-18T17:53:21                       5
================================================================================
[2025-10-18T17:54:10.479+0000] {manager.py:997} INFO - 
================================================================================
DAG File Processing Stats

File Path                                  PID    Runtime      # DAGs    # Errors  Last Runtime    Last Run               Last # of DB Queries
-----------------------------------------  -----  ---------  --------  ----------  --------------  -------------------  ----------------------
/opt/airflow/dags/driven_data_pipeline.py                           0           1  0.13s           2025-10-18T17:53:52                       5
================================================================================
[2025-10-18T17:54:40.819+0000] {manager.py:997} INFO - 
================================================================================
DAG File Processing Stats

File Path                                  PID    Runtime      # DAGs    # Errors  Last Runtime    Last Run               Last # of DB Queries
-----------------------------------------  -----  ---------  --------  ----------  --------------  -------------------  ----------------------
/opt/airflow/dags/driven_data_pipeline.py                           0           1  0.10s           2025-10-18T17:54:22                       5
================================================================================
[2025-10-18T17:55:11.103+0000] {manager.py:997} INFO - 
================================================================================
DAG File Processing Stats

File Path                                  PID    Runtime      # DAGs    # Errors  Last Runtime    Last Run               Last # of DB Queries
-----------------------------------------  -----  ---------  --------  ----------  --------------  -------------------  ----------------------
/opt/airflow/dags/driven_data_pipeline.py                           0           1  0.14s           2025-10-18T17:54:53                       5
================================================================================
[2025-10-18T17:55:41.436+0000] {manager.py:997} INFO - 
================================================================================
DAG File Processing Stats

File Path                                  PID    Runtime      # DAGs    # Errors  Last Runtime    Last Run               Last # of DB Queries
-----------------------------------------  -----  ---------  --------  ----------  --------------  -------------------  ----------------------
/opt/airflow/dags/driven_data_pipeline.py                           0           1  0.12s           2025-10-18T17:55:23                       5
================================================================================
[2025-10-18T17:56:11.798+0000] {manager.py:997} INFO - 
================================================================================
DAG File Processing Stats

File Path                                  PID    Runtime      # DAGs    # Errors  Last Runtime    Last Run               Last # of DB Queries
-----------------------------------------  -----  ---------  --------  ----------  --------------  -------------------  ----------------------
/opt/airflow/dags/driven_data_pipeline.py                           0           1  0.10s           2025-10-18T17:55:53                       5
================================================================================
[2025-10-18T17:56:17.853+0000] {manager.py:821} INFO - Searching for files in /opt/airflow/dags
[2025-10-18T17:56:17.855+0000] {manager.py:824} INFO - There are 1 files in /opt/airflow/dags
[2025-10-18T17:56:42.087+0000] {manager.py:997} INFO - 
================================================================================
DAG File Processing Stats

File Path                                  PID    Runtime      # DAGs    # Errors  Last Runtime    Last Run               Last # of DB Queries
-----------------------------------------  -----  ---------  --------  ----------  --------------  -------------------  ----------------------
/opt/airflow/dags/driven_data_pipeline.py                           0           1  0.13s           2025-10-18T17:56:24                       5
================================================================================
[2025-10-18T17:57:12.413+0000] {manager.py:997} INFO - 
================================================================================
DAG File Processing Stats

File Path                                  PID    Runtime      # DAGs    # Errors  Last Runtime    Last Run               Last # of DB Queries
-----------------------------------------  -----  ---------  --------  ----------  --------------  -------------------  ----------------------
/opt/airflow/dags/driven_data_pipeline.py                           0           1  0.10s           2025-10-18T17:56:54                       5
================================================================================
[2025-10-18T17:57:42.739+0000] {manager.py:997} INFO - 
================================================================================
DAG File Processing Stats

File Path                                  PID    Runtime      # DAGs    # Errors  Last Runtime    Last Run               Last # of DB Queries
-----------------------------------------  -----  ---------  --------  ----------  --------------  -------------------  ----------------------
/opt/airflow/dags/driven_data_pipeline.py                           0           1  0.08s           2025-10-18T17:57:24                       5
================================================================================
[2025-10-18T17:58:13.024+0000] {manager.py:997} INFO - 
================================================================================
DAG File Processing Stats

File Path                                  PID    Runtime      # DAGs    # Errors  Last Runtime    Last Run               Last # of DB Queries
-----------------------------------------  -----  ---------  --------  ----------  --------------  -------------------  ----------------------
/opt/airflow/dags/driven_data_pipeline.py                           0           1  0.12s           2025-10-18T17:57:54                       5
================================================================================
[2025-10-18T17:58:43.391+0000] {manager.py:997} INFO - 
================================================================================
DAG File Processing Stats

File Path                                  PID    Runtime      # DAGs    # Errors  Last Runtime    Last Run               Last # of DB Queries
-----------------------------------------  -----  ---------  --------  ----------  --------------  -------------------  ----------------------
/opt/airflow/dags/driven_data_pipeline.py                           0           1  0.13s           2025-10-18T17:58:25                       5
================================================================================
[2025-10-18T17:59:13.717+0000] {manager.py:997} INFO - 
================================================================================
DAG File Processing Stats

File Path                                  PID    Runtime      # DAGs    # Errors  Last Runtime    Last Run               Last # of DB Queries
-----------------------------------------  -----  ---------  --------  ----------  --------------  -------------------  ----------------------
/opt/airflow/dags/driven_data_pipeline.py                           0           1  0.12s           2025-10-18T17:58:55                       5
================================================================================
[2025-10-18T17:59:44.097+0000] {manager.py:997} INFO - 
================================================================================
DAG File Processing Stats

File Path                                  PID    Runtime      # DAGs    # Errors  Last Runtime    Last Run               Last # of DB Queries
-----------------------------------------  -----  ---------  --------  ----------  --------------  -------------------  ----------------------
/opt/airflow/dags/driven_data_pipeline.py                           0           1  0.10s           2025-10-18T17:59:25                       5
================================================================================
[2025-10-18T18:00:14.415+0000] {manager.py:997} INFO - 
================================================================================
DAG File Processing Stats

File Path                                  PID    Runtime      # DAGs    # Errors  Last Runtime    Last Run               Last # of DB Queries
-----------------------------------------  -----  ---------  --------  ----------  --------------  -------------------  ----------------------
/opt/airflow/dags/driven_data_pipeline.py                           0           1  0.11s           2025-10-18T17:59:56                       5
================================================================================
[2025-10-18T18:00:44.749+0000] {manager.py:997} INFO - 
================================================================================
DAG File Processing Stats

File Path                                  PID    Runtime      # DAGs    # Errors  Last Runtime    Last Run               Last # of DB Queries
-----------------------------------------  -----  ---------  --------  ----------  --------------  -------------------  ----------------------
/opt/airflow/dags/driven_data_pipeline.py                           0           1  0.12s           2025-10-18T18:00:26                       5
================================================================================
[2025-10-18T18:01:15.053+0000] {manager.py:997} INFO - 
================================================================================
DAG File Processing Stats

File Path                                  PID    Runtime      # DAGs    # Errors  Last Runtime    Last Run               Last # of DB Queries
-----------------------------------------  -----  ---------  --------  ----------  --------------  -------------------  ----------------------
/opt/airflow/dags/driven_data_pipeline.py                           0           1  0.19s           2025-10-18T18:00:57                       5
================================================================================
[2025-10-18T18:01:18.080+0000] {manager.py:821} INFO - Searching for files in /opt/airflow/dags
[2025-10-18T18:01:18.086+0000] {manager.py:824} INFO - There are 1 files in /opt/airflow/dags
[2025-10-18T18:01:45.361+0000] {manager.py:997} INFO - 
================================================================================
DAG File Processing Stats

File Path                                  PID    Runtime      # DAGs    # Errors  Last Runtime    Last Run               Last # of DB Queries
-----------------------------------------  -----  ---------  --------  ----------  --------------  -------------------  ----------------------
/opt/airflow/dags/driven_data_pipeline.py                           0           1  0.10s           2025-10-18T18:01:27                       5
================================================================================
[2025-10-18T18:02:15.667+0000] {manager.py:997} INFO - 
================================================================================
DAG File Processing Stats

File Path                                  PID    Runtime      # DAGs    # Errors  Last Runtime    Last Run               Last # of DB Queries
-----------------------------------------  -----  ---------  --------  ----------  --------------  -------------------  ----------------------
/opt/airflow/dags/driven_data_pipeline.py                           0           1  0.11s           2025-10-18T18:01:57                       5
================================================================================
[2025-10-18T18:02:45.962+0000] {manager.py:997} INFO - 
================================================================================
DAG File Processing Stats

File Path                                  PID    Runtime      # DAGs    # Errors  Last Runtime    Last Run               Last # of DB Queries
-----------------------------------------  -----  ---------  --------  ----------  --------------  -------------------  ----------------------
/opt/airflow/dags/driven_data_pipeline.py                           0           1  0.09s           2025-10-18T18:02:27                       5
================================================================================
[2025-10-18T18:03:16.303+0000] {manager.py:997} INFO - 
================================================================================
DAG File Processing Stats

File Path                                  PID    Runtime      # DAGs    # Errors  Last Runtime    Last Run               Last # of DB Queries
-----------------------------------------  -----  ---------  --------  ----------  --------------  -------------------  ----------------------
/opt/airflow/dags/driven_data_pipeline.py                           0           1  0.09s           2025-10-18T18:02:58                       5
================================================================================
[2025-10-18T18:03:46.651+0000] {manager.py:997} INFO - 
================================================================================
DAG File Processing Stats

File Path                                  PID    Runtime      # DAGs    # Errors  Last Runtime    Last Run               Last # of DB Queries
-----------------------------------------  -----  ---------  --------  ----------  --------------  -------------------  ----------------------
/opt/airflow/dags/driven_data_pipeline.py                           0           1  0.10s           2025-10-18T18:03:28                       5
================================================================================
[2025-10-18T18:04:16.976+0000] {manager.py:997} INFO - 
================================================================================
DAG File Processing Stats

File Path                                  PID    Runtime      # DAGs    # Errors  Last Runtime    Last Run               Last # of DB Queries
-----------------------------------------  -----  ---------  --------  ----------  --------------  -------------------  ----------------------
/opt/airflow/dags/driven_data_pipeline.py                           0           1  0.11s           2025-10-18T18:03:58                       5
================================================================================
[2025-10-18T18:04:47.324+0000] {manager.py:997} INFO - 
================================================================================
DAG File Processing Stats

File Path                                  PID    Runtime      # DAGs    # Errors  Last Runtime    Last Run               Last # of DB Queries
-----------------------------------------  -----  ---------  --------  ----------  --------------  -------------------  ----------------------
/opt/airflow/dags/driven_data_pipeline.py                           0           1  0.11s           2025-10-18T18:04:29                       5
================================================================================
[2025-10-18T18:05:17.668+0000] {manager.py:997} INFO - 
================================================================================
DAG File Processing Stats

File Path                                  PID    Runtime      # DAGs    # Errors  Last Runtime    Last Run               Last # of DB Queries
-----------------------------------------  -----  ---------  --------  ----------  --------------  -------------------  ----------------------
/opt/airflow/dags/driven_data_pipeline.py                           0           1  0.10s           2025-10-18T18:04:59                       5
================================================================================
[2025-10-18T18:05:47.965+0000] {manager.py:997} INFO - 
================================================================================
DAG File Processing Stats

File Path                                  PID    Runtime      # DAGs    # Errors  Last Runtime    Last Run               Last # of DB Queries
-----------------------------------------  -----  ---------  --------  ----------  --------------  -------------------  ----------------------
/opt/airflow/dags/driven_data_pipeline.py                           0           1  0.12s           2025-10-18T18:05:29                       5
================================================================================
[2025-10-18T18:06:18.304+0000] {manager.py:821} INFO - Searching for files in /opt/airflow/dags
[2025-10-18T18:06:18.311+0000] {manager.py:824} INFO - There are 1 files in /opt/airflow/dags
[2025-10-18T18:06:18.326+0000] {manager.py:997} INFO - 
================================================================================
DAG File Processing Stats

File Path                                  PID    Runtime      # DAGs    # Errors  Last Runtime    Last Run               Last # of DB Queries
-----------------------------------------  -----  ---------  --------  ----------  --------------  -------------------  ----------------------
/opt/airflow/dags/driven_data_pipeline.py                           0           1  0.16s           2025-10-18T18:06:00                       5
================================================================================
[2025-10-18T18:06:48.723+0000] {manager.py:997} INFO - 
================================================================================
DAG File Processing Stats

File Path                                  PID    Runtime      # DAGs    # Errors  Last Runtime    Last Run               Last # of DB Queries
-----------------------------------------  -----  ---------  --------  ----------  --------------  -------------------  ----------------------
/opt/airflow/dags/driven_data_pipeline.py                           0           1  0.12s           2025-10-18T18:06:45                       5
================================================================================
[2025-10-18T18:07:19.041+0000] {manager.py:997} INFO - 
================================================================================
DAG File Processing Stats

File Path                                  PID    Runtime      # DAGs    # Errors  Last Runtime    Last Run               Last # of DB Queries
-----------------------------------------  -----  ---------  --------  ----------  --------------  -------------------  ----------------------
/opt/airflow/dags/driven_data_pipeline.py                           0           1  0.10s           2025-10-18T18:07:16                       5
================================================================================
[2025-10-18T18:07:49.347+0000] {manager.py:997} INFO - 
================================================================================
DAG File Processing Stats

File Path                                  PID    Runtime      # DAGs    # Errors  Last Runtime    Last Run               Last # of DB Queries
-----------------------------------------  -----  ---------  --------  ----------  --------------  -------------------  ----------------------
/opt/airflow/dags/driven_data_pipeline.py                           0           1  0.10s           2025-10-18T18:07:46                       5
================================================================================
[2025-10-18T18:08:19.638+0000] {manager.py:997} INFO - 
================================================================================
DAG File Processing Stats

File Path                                  PID    Runtime      # DAGs    # Errors  Last Runtime    Last Run               Last # of DB Queries
-----------------------------------------  -----  ---------  --------  ----------  --------------  -------------------  ----------------------
/opt/airflow/dags/driven_data_pipeline.py                           0           1  0.09s           2025-10-18T18:08:16                       5
================================================================================
[2025-10-18T18:08:49.852+0000] {manager.py:997} INFO - 
================================================================================
DAG File Processing Stats

File Path                                  PID    Runtime      # DAGs    # Errors  Last Runtime    Last Run               Last # of DB Queries
-----------------------------------------  -----  ---------  --------  ----------  --------------  -------------------  ----------------------
/opt/airflow/dags/driven_data_pipeline.py                           0           1  0.08s           2025-10-18T18:08:46                       5
================================================================================
[2025-10-18T18:09:20.199+0000] {manager.py:997} INFO - 
================================================================================
DAG File Processing Stats

File Path                                  PID    Runtime      # DAGs    # Errors  Last Runtime    Last Run               Last # of DB Queries
-----------------------------------------  -----  ---------  --------  ----------  --------------  -------------------  ----------------------
/opt/airflow/dags/driven_data_pipeline.py                           0           1  0.11s           2025-10-18T18:09:06                       5
================================================================================
[2025-10-18T18:09:50.558+0000] {manager.py:997} INFO - 
================================================================================
DAG File Processing Stats

File Path                                  PID    Runtime      # DAGs    # Errors  Last Runtime    Last Run               Last # of DB Queries
-----------------------------------------  -----  ---------  --------  ----------  --------------  -------------------  ----------------------
/opt/airflow/dags/driven_data_pipeline.py                           1           0  0.17s           2025-10-18T18:09:21                      34
================================================================================
[2025-10-18T18:10:20.894+0000] {manager.py:997} INFO - 
================================================================================
DAG File Processing Stats

File Path                                  PID    Runtime      # DAGs    # Errors  Last Runtime    Last Run               Last # of DB Queries
-----------------------------------------  -----  ---------  --------  ----------  --------------  -------------------  ----------------------
/opt/airflow/dags/driven_data_pipeline.py                           1           0  0.16s           2025-10-18T18:09:51                      12
================================================================================
[2025-10-18T18:10:51.282+0000] {manager.py:997} INFO - 
================================================================================
DAG File Processing Stats

File Path                                  PID    Runtime      # DAGs    # Errors  Last Runtime    Last Run               Last # of DB Queries
-----------------------------------------  -----  ---------  --------  ----------  --------------  -------------------  ----------------------
/opt/airflow/dags/driven_data_pipeline.py                           1           0  0.18s           2025-10-18T18:10:22                      12
================================================================================
[2025-10-18T18:11:18.535+0000] {manager.py:821} INFO - Searching for files in /opt/airflow/dags
[2025-10-18T18:11:18.541+0000] {manager.py:824} INFO - There are 1 files in /opt/airflow/dags
[2025-10-18T18:11:21.581+0000] {manager.py:997} INFO - 
================================================================================
DAG File Processing Stats

File Path                                  PID    Runtime      # DAGs    # Errors  Last Runtime    Last Run               Last # of DB Queries
-----------------------------------------  -----  ---------  --------  ----------  --------------  -------------------  ----------------------
/opt/airflow/dags/driven_data_pipeline.py                           1           0  0.11s           2025-10-18T18:10:52                      12
================================================================================
[2025-10-18T18:11:52.081+0000] {manager.py:997} INFO - 
================================================================================
DAG File Processing Stats

File Path                                  PID    Runtime      # DAGs    # Errors  Last Runtime    Last Run               Last # of DB Queries
-----------------------------------------  -----  ---------  --------  ----------  --------------  -------------------  ----------------------
/opt/airflow/dags/driven_data_pipeline.py                           0           1  0.10s           2025-10-18T18:11:47                       5
================================================================================
[2025-10-18T18:12:22.436+0000] {manager.py:997} INFO - 
================================================================================
DAG File Processing Stats

File Path                                  PID    Runtime      # DAGs    # Errors  Last Runtime    Last Run               Last # of DB Queries
-----------------------------------------  -----  ---------  --------  ----------  --------------  -------------------  ----------------------
/opt/airflow/dags/driven_data_pipeline.py                           0           1  0.09s           2025-10-18T18:12:17                       5
================================================================================
[2025-10-18T18:12:52.762+0000] {manager.py:997} INFO - 
================================================================================
DAG File Processing Stats

File Path                                  PID    Runtime      # DAGs    # Errors  Last Runtime    Last Run               Last # of DB Queries
-----------------------------------------  -----  ---------  --------  ----------  --------------  -------------------  ----------------------
/opt/airflow/dags/driven_data_pipeline.py                           0           1  0.11s           2025-10-18T18:12:47                       5
================================================================================
[2025-10-18T18:13:23.113+0000] {manager.py:997} INFO - 
================================================================================
DAG File Processing Stats

File Path                                  PID    Runtime      # DAGs    # Errors  Last Runtime    Last Run               Last # of DB Queries
-----------------------------------------  -----  ---------  --------  ----------  --------------  -------------------  ----------------------
/opt/airflow/dags/driven_data_pipeline.py                           0           1  0.12s           2025-10-18T18:13:18                       5
================================================================================
[2025-10-18T18:13:53.428+0000] {manager.py:997} INFO - 
================================================================================
DAG File Processing Stats

File Path                                  PID    Runtime      # DAGs    # Errors  Last Runtime    Last Run               Last # of DB Queries
-----------------------------------------  -----  ---------  --------  ----------  --------------  -------------------  ----------------------
/opt/airflow/dags/driven_data_pipeline.py                           0           1  0.12s           2025-10-18T18:13:48                       5
================================================================================
[2025-10-18T18:14:23.794+0000] {manager.py:997} INFO - 
================================================================================
DAG File Processing Stats

File Path                                  PID    Runtime      # DAGs    # Errors  Last Runtime    Last Run               Last # of DB Queries
-----------------------------------------  -----  ---------  --------  ----------  --------------  -------------------  ----------------------
/opt/airflow/dags/driven_data_pipeline.py                           0           1  0.12s           2025-10-18T18:14:18                       5
================================================================================
[2025-10-18T18:14:54.127+0000] {manager.py:997} INFO - 
================================================================================
DAG File Processing Stats

File Path                                  PID    Runtime      # DAGs    # Errors  Last Runtime    Last Run               Last # of DB Queries
-----------------------------------------  -----  ---------  --------  ----------  --------------  -------------------  ----------------------
/opt/airflow/dags/driven_data_pipeline.py                           0           1  0.10s           2025-10-18T18:14:49                       5
================================================================================
[2025-10-18T18:15:24.475+0000] {manager.py:997} INFO - 
================================================================================
DAG File Processing Stats

File Path                                  PID    Runtime      # DAGs    # Errors  Last Runtime    Last Run               Last # of DB Queries
-----------------------------------------  -----  ---------  --------  ----------  --------------  -------------------  ----------------------
/opt/airflow/dags/driven_data_pipeline.py                           0           1  0.14s           2025-10-18T18:15:19                       5
================================================================================
[2025-10-18T18:15:54.825+0000] {manager.py:997} INFO - 
================================================================================
DAG File Processing Stats

File Path                                  PID    Runtime      # DAGs    # Errors  Last Runtime    Last Run               Last # of DB Queries
-----------------------------------------  -----  ---------  --------  ----------  --------------  -------------------  ----------------------
/opt/airflow/dags/driven_data_pipeline.py                           1           0  0.18s           2025-10-18T18:15:42                      34
================================================================================
[2025-10-18T18:16:19.057+0000] {manager.py:821} INFO - Searching for files in /opt/airflow/dags
[2025-10-18T18:16:19.064+0000] {manager.py:824} INFO - There are 1 files in /opt/airflow/dags
[2025-10-18T18:16:25.143+0000] {manager.py:997} INFO - 
================================================================================
DAG File Processing Stats

File Path                                  PID    Runtime      # DAGs    # Errors  Last Runtime    Last Run               Last # of DB Queries
-----------------------------------------  -----  ---------  --------  ----------  --------------  -------------------  ----------------------
/opt/airflow/dags/driven_data_pipeline.py                           1           0  0.09s           2025-10-18T18:16:13                      12
================================================================================
[2025-10-18T18:16:55.457+0000] {manager.py:997} INFO - 
================================================================================
DAG File Processing Stats

File Path                                  PID    Runtime      # DAGs    # Errors  Last Runtime    Last Run               Last # of DB Queries
-----------------------------------------  -----  ---------  --------  ----------  --------------  -------------------  ----------------------
/opt/airflow/dags/driven_data_pipeline.py                           1           0  0.12s           2025-10-18T18:16:43                      12
================================================================================
[2025-10-18T18:17:25.776+0000] {manager.py:997} INFO - 
================================================================================
DAG File Processing Stats

File Path                                  PID    Runtime      # DAGs    # Errors  Last Runtime    Last Run               Last # of DB Queries
-----------------------------------------  -----  ---------  --------  ----------  --------------  -------------------  ----------------------
/opt/airflow/dags/driven_data_pipeline.py                           1           0  0.11s           2025-10-18T18:17:13                      12
================================================================================
[2025-10-18T18:17:56.037+0000] {manager.py:997} INFO - 
================================================================================
DAG File Processing Stats

File Path                                  PID    Runtime      # DAGs    # Errors  Last Runtime    Last Run               Last # of DB Queries
-----------------------------------------  -----  ---------  --------  ----------  --------------  -------------------  ----------------------
/opt/airflow/dags/driven_data_pipeline.py                           1           0  0.11s           2025-10-18T18:17:44                      12
================================================================================
[2025-10-18T18:18:26.417+0000] {manager.py:997} INFO - 
================================================================================
DAG File Processing Stats

File Path                                  PID    Runtime      # DAGs    # Errors  Last Runtime    Last Run               Last # of DB Queries
-----------------------------------------  -----  ---------  --------  ----------  --------------  -------------------  ----------------------
/opt/airflow/dags/driven_data_pipeline.py                           1           0  0.13s           2025-10-18T18:18:14                      12
================================================================================
[2025-10-18T18:18:56.711+0000] {manager.py:997} INFO - 
================================================================================
DAG File Processing Stats

File Path                                  PID    Runtime      # DAGs    # Errors  Last Runtime    Last Run               Last # of DB Queries
-----------------------------------------  -----  ---------  --------  ----------  --------------  -------------------  ----------------------
/opt/airflow/dags/driven_data_pipeline.py                           1           0  0.12s           2025-10-18T18:18:44                      12
================================================================================
[2025-10-18T18:19:27.034+0000] {manager.py:997} INFO - 
================================================================================
DAG File Processing Stats

File Path                                  PID    Runtime      # DAGs    # Errors  Last Runtime    Last Run               Last # of DB Queries
-----------------------------------------  -----  ---------  --------  ----------  --------------  -------------------  ----------------------
/opt/airflow/dags/driven_data_pipeline.py                           1           0  0.14s           2025-10-18T18:19:15                      12
================================================================================
[2025-10-18T18:19:57.394+0000] {manager.py:997} INFO - 
================================================================================
DAG File Processing Stats

File Path                                  PID    Runtime      # DAGs    # Errors  Last Runtime    Last Run               Last # of DB Queries
-----------------------------------------  -----  ---------  --------  ----------  --------------  -------------------  ----------------------
/opt/airflow/dags/driven_data_pipeline.py                           1           0  0.12s           2025-10-18T18:19:45                      12
================================================================================
[2025-10-18T18:20:27.696+0000] {manager.py:997} INFO - 
================================================================================
DAG File Processing Stats

File Path                                  PID    Runtime      # DAGs    # Errors  Last Runtime    Last Run               Last # of DB Queries
-----------------------------------------  -----  ---------  --------  ----------  --------------  -------------------  ----------------------
/opt/airflow/dags/driven_data_pipeline.py                           1           0  0.14s           2025-10-18T18:20:15                      12
================================================================================
[2025-10-18T18:20:58.038+0000] {manager.py:997} INFO - 
================================================================================
DAG File Processing Stats

File Path                                  PID    Runtime      # DAGs    # Errors  Last Runtime    Last Run               Last # of DB Queries
-----------------------------------------  -----  ---------  --------  ----------  --------------  -------------------  ----------------------
/opt/airflow/dags/driven_data_pipeline.py                           1           0  0.14s           2025-10-18T18:20:46                      12
================================================================================
[2025-10-18T18:21:19.223+0000] {manager.py:821} INFO - Searching for files in /opt/airflow/dags
[2025-10-18T18:21:19.226+0000] {manager.py:824} INFO - There are 1 files in /opt/airflow/dags
[2025-10-18T18:21:28.316+0000] {manager.py:997} INFO - 
================================================================================
DAG File Processing Stats

File Path                                  PID    Runtime      # DAGs    # Errors  Last Runtime    Last Run               Last # of DB Queries
-----------------------------------------  -----  ---------  --------  ----------  --------------  -------------------  ----------------------
/opt/airflow/dags/driven_data_pipeline.py                           1           0  0.17s           2025-10-18T18:21:09                      34
================================================================================
[2025-10-18T18:21:58.570+0000] {manager.py:997} INFO - 
================================================================================
DAG File Processing Stats

File Path                                  PID    Runtime      # DAGs    # Errors  Last Runtime    Last Run               Last # of DB Queries
-----------------------------------------  -----  ---------  --------  ----------  --------------  -------------------  ----------------------
/opt/airflow/dags/driven_data_pipeline.py                           1           0  0.11s           2025-10-18T18:21:56                      12
================================================================================
[2025-10-18T18:22:28.898+0000] {manager.py:997} INFO - 
================================================================================
DAG File Processing Stats

File Path                                  PID    Runtime      # DAGs    # Errors  Last Runtime    Last Run               Last # of DB Queries
-----------------------------------------  -----  ---------  --------  ----------  --------------  -------------------  ----------------------
/opt/airflow/dags/driven_data_pipeline.py                           1           0  0.13s           2025-10-18T18:22:26                      12
================================================================================
[2025-10-18T18:22:59.158+0000] {manager.py:997} INFO - 
================================================================================
DAG File Processing Stats

File Path                                  PID    Runtime      # DAGs    # Errors  Last Runtime    Last Run               Last # of DB Queries
-----------------------------------------  -----  ---------  --------  ----------  --------------  -------------------  ----------------------
/opt/airflow/dags/driven_data_pipeline.py                           1           0  0.13s           2025-10-18T18:22:57                      12
================================================================================
[2025-10-18T18:23:29.504+0000] {manager.py:997} INFO - 
================================================================================
DAG File Processing Stats

File Path                                  PID    Runtime      # DAGs    # Errors  Last Runtime    Last Run               Last # of DB Queries
-----------------------------------------  -----  ---------  --------  ----------  --------------  -------------------  ----------------------
/opt/airflow/dags/driven_data_pipeline.py                           1           0  0.16s           2025-10-18T18:23:27                      12
================================================================================
[2025-10-18T18:23:59.778+0000] {manager.py:997} INFO - 
================================================================================
DAG File Processing Stats

File Path                                  PID    Runtime      # DAGs    # Errors  Last Runtime    Last Run               Last # of DB Queries
-----------------------------------------  -----  ---------  --------  ----------  --------------  -------------------  ----------------------
/opt/airflow/dags/driven_data_pipeline.py                           1           0  0.13s           2025-10-18T18:23:57                      12
================================================================================
[2025-10-18T18:24:30.118+0000] {manager.py:997} INFO - 
================================================================================
DAG File Processing Stats

File Path                                  PID    Runtime      # DAGs    # Errors  Last Runtime    Last Run               Last # of DB Queries
-----------------------------------------  -----  ---------  --------  ----------  --------------  -------------------  ----------------------
/opt/airflow/dags/driven_data_pipeline.py                           1           0  0.13s           2025-10-18T18:24:28                      12
================================================================================
[2025-10-18T18:25:00.405+0000] {manager.py:997} INFO - 
================================================================================
DAG File Processing Stats

File Path                                  PID    Runtime      # DAGs    # Errors  Last Runtime    Last Run               Last # of DB Queries
-----------------------------------------  -----  ---------  --------  ----------  --------------  -------------------  ----------------------
/opt/airflow/dags/driven_data_pipeline.py                           1           0  0.14s           2025-10-18T18:24:58                      12
================================================================================
[2025-10-18T18:25:30.760+0000] {manager.py:997} INFO - 
================================================================================
DAG File Processing Stats

File Path                                  PID    Runtime      # DAGs    # Errors  Last Runtime    Last Run               Last # of DB Queries
-----------------------------------------  -----  ---------  --------  ----------  --------------  -------------------  ----------------------
/opt/airflow/dags/driven_data_pipeline.py                           1           0  0.13s           2025-10-18T18:25:28                      12
================================================================================
[2025-10-18T18:26:01.046+0000] {manager.py:997} INFO - 
================================================================================
DAG File Processing Stats

File Path                                  PID    Runtime      # DAGs    # Errors  Last Runtime    Last Run               Last # of DB Queries
-----------------------------------------  -----  ---------  --------  ----------  --------------  -------------------  ----------------------
/opt/airflow/dags/driven_data_pipeline.py                           1           0  0.13s           2025-10-18T18:25:59                      12
================================================================================
[2025-10-18T18:26:19.289+0000] {manager.py:821} INFO - Searching for files in /opt/airflow/dags
[2025-10-18T18:26:19.292+0000] {manager.py:824} INFO - There are 1 files in /opt/airflow/dags
[2025-10-18T18:26:31.398+0000] {manager.py:997} INFO - 
================================================================================
DAG File Processing Stats

File Path                                  PID    Runtime      # DAGs    # Errors  Last Runtime    Last Run               Last # of DB Queries
-----------------------------------------  -----  ---------  --------  ----------  --------------  -------------------  ----------------------
/opt/airflow/dags/driven_data_pipeline.py                           1           0  0.13s           2025-10-18T18:26:29                      12
================================================================================
[2025-10-18T18:27:01.701+0000] {manager.py:997} INFO - 
================================================================================
DAG File Processing Stats

File Path                                  PID    Runtime      # DAGs    # Errors  Last Runtime    Last Run               Last # of DB Queries
-----------------------------------------  -----  ---------  --------  ----------  --------------  -------------------  ----------------------
/opt/airflow/dags/driven_data_pipeline.py                           1           0  0.14s           2025-10-18T18:26:59                      12
================================================================================
[2025-10-18T18:27:32.009+0000] {manager.py:997} INFO - 
================================================================================
DAG File Processing Stats

File Path                                  PID    Runtime      # DAGs    # Errors  Last Runtime    Last Run               Last # of DB Queries
-----------------------------------------  -----  ---------  --------  ----------  --------------  -------------------  ----------------------
/opt/airflow/dags/driven_data_pipeline.py                           1           0  0.16s           2025-10-18T18:27:30                      12
================================================================================
[2025-10-18T18:28:02.385+0000] {manager.py:997} INFO - 
================================================================================
DAG File Processing Stats

File Path                                  PID    Runtime      # DAGs    # Errors  Last Runtime    Last Run               Last # of DB Queries
-----------------------------------------  -----  ---------  --------  ----------  --------------  -------------------  ----------------------
/opt/airflow/dags/driven_data_pipeline.py                           1           0  0.14s           2025-10-18T18:28:00                      12
================================================================================
[2025-10-18T18:28:32.719+0000] {manager.py:997} INFO - 
================================================================================
DAG File Processing Stats

File Path                                  PID    Runtime      # DAGs    # Errors  Last Runtime    Last Run               Last # of DB Queries
-----------------------------------------  -----  ---------  --------  ----------  --------------  -------------------  ----------------------
/opt/airflow/dags/driven_data_pipeline.py                           1           0  0.12s           2025-10-18T18:28:30                      12
================================================================================
[2025-10-18T18:29:03.038+0000] {manager.py:997} INFO - 
================================================================================
DAG File Processing Stats

File Path                                  PID    Runtime      # DAGs    # Errors  Last Runtime    Last Run               Last # of DB Queries
-----------------------------------------  -----  ---------  --------  ----------  --------------  -------------------  ----------------------
/opt/airflow/dags/driven_data_pipeline.py                           1           0  0.13s           2025-10-18T18:29:01                      12
================================================================================
[2025-10-18T18:29:33.424+0000] {manager.py:997} INFO - 
================================================================================
DAG File Processing Stats

File Path                                  PID    Runtime      # DAGs    # Errors  Last Runtime    Last Run               Last # of DB Queries
-----------------------------------------  -----  ---------  --------  ----------  --------------  -------------------  ----------------------
/opt/airflow/dags/driven_data_pipeline.py                           1           0  0.12s           2025-10-18T18:29:31                      12
================================================================================
[2025-10-18T18:30:03.739+0000] {manager.py:997} INFO - 
================================================================================
DAG File Processing Stats

File Path                                  PID    Runtime      # DAGs    # Errors  Last Runtime    Last Run               Last # of DB Queries
-----------------------------------------  -----  ---------  --------  ----------  --------------  -------------------  ----------------------
/opt/airflow/dags/driven_data_pipeline.py                           1           0  0.11s           2025-10-18T18:30:01                      12
================================================================================
[2025-10-18T18:30:34.142+0000] {manager.py:997} INFO - 
================================================================================
DAG File Processing Stats

File Path                                  PID    Runtime      # DAGs    # Errors  Last Runtime    Last Run               Last # of DB Queries
-----------------------------------------  -----  ---------  --------  ----------  --------------  -------------------  ----------------------
/opt/airflow/dags/driven_data_pipeline.py                           1           0  0.13s           2025-10-18T18:30:32                      12
================================================================================
[2025-10-18T18:31:04.483+0000] {manager.py:997} INFO - 
================================================================================
DAG File Processing Stats

File Path                                  PID    Runtime      # DAGs    # Errors  Last Runtime    Last Run               Last # of DB Queries
-----------------------------------------  -----  ---------  --------  ----------  --------------  -------------------  ----------------------
/opt/airflow/dags/driven_data_pipeline.py                           1           0  0.12s           2025-10-18T18:31:02                      12
================================================================================
[2025-10-18T18:31:19.652+0000] {manager.py:821} INFO - Searching for files in /opt/airflow/dags
[2025-10-18T18:31:19.654+0000] {manager.py:824} INFO - There are 1 files in /opt/airflow/dags
[2025-10-18T18:31:34.881+0000] {manager.py:997} INFO - 
================================================================================
DAG File Processing Stats

File Path                                  PID    Runtime      # DAGs    # Errors  Last Runtime    Last Run               Last # of DB Queries
-----------------------------------------  -----  ---------  --------  ----------  --------------  -------------------  ----------------------
/opt/airflow/dags/driven_data_pipeline.py                           1           0  0.19s           2025-10-18T18:31:23                      34
================================================================================
[2025-10-18T18:32:05.238+0000] {manager.py:997} INFO - 
================================================================================
DAG File Processing Stats

File Path                                  PID    Runtime      # DAGs    # Errors  Last Runtime    Last Run               Last # of DB Queries
-----------------------------------------  -----  ---------  --------  ----------  --------------  -------------------  ----------------------
/opt/airflow/dags/driven_data_pipeline.py                           1           0  0.14s           2025-10-18T18:31:54                      12
================================================================================
[2025-10-18T18:32:35.568+0000] {manager.py:997} INFO - 
================================================================================
DAG File Processing Stats

File Path                                  PID    Runtime      # DAGs    # Errors  Last Runtime    Last Run               Last # of DB Queries
-----------------------------------------  -----  ---------  --------  ----------  --------------  -------------------  ----------------------
/opt/airflow/dags/driven_data_pipeline.py                           1           0  0.13s           2025-10-18T18:32:24                      12
================================================================================
[2025-10-18T18:33:05.918+0000] {manager.py:997} INFO - 
================================================================================
DAG File Processing Stats

File Path                                  PID    Runtime      # DAGs    # Errors  Last Runtime    Last Run               Last # of DB Queries
-----------------------------------------  -----  ---------  --------  ----------  --------------  -------------------  ----------------------
/opt/airflow/dags/driven_data_pipeline.py                           1           0  0.12s           2025-10-18T18:32:54                      12
================================================================================
[2025-10-18T18:33:36.268+0000] {manager.py:997} INFO - 
================================================================================
DAG File Processing Stats

File Path                                  PID    Runtime      # DAGs    # Errors  Last Runtime    Last Run               Last # of DB Queries
-----------------------------------------  -----  ---------  --------  ----------  --------------  -------------------  ----------------------
/opt/airflow/dags/driven_data_pipeline.py                           1           0  0.09s           2025-10-18T18:33:25                      12
================================================================================
[2025-10-18T18:34:06.577+0000] {manager.py:997} INFO - 
================================================================================
DAG File Processing Stats

File Path                                  PID    Runtime      # DAGs    # Errors  Last Runtime    Last Run               Last # of DB Queries
-----------------------------------------  -----  ---------  --------  ----------  --------------  -------------------  ----------------------
/opt/airflow/dags/driven_data_pipeline.py                           1           0  0.11s           2025-10-18T18:33:55                      12
================================================================================
[2025-10-18T18:34:36.961+0000] {manager.py:997} INFO - 
================================================================================
DAG File Processing Stats

File Path                                  PID    Runtime      # DAGs    # Errors  Last Runtime    Last Run               Last # of DB Queries
-----------------------------------------  -----  ---------  --------  ----------  --------------  -------------------  ----------------------
/opt/airflow/dags/driven_data_pipeline.py                           1           0  0.12s           2025-10-18T18:34:25                      12
================================================================================
[2025-10-18T18:35:07.306+0000] {manager.py:997} INFO - 
================================================================================
DAG File Processing Stats

File Path                                  PID    Runtime      # DAGs    # Errors  Last Runtime    Last Run               Last # of DB Queries
-----------------------------------------  -----  ---------  --------  ----------  --------------  -------------------  ----------------------
/opt/airflow/dags/driven_data_pipeline.py                           1           0  0.13s           2025-10-18T18:34:56                      12
================================================================================
[2025-10-18T18:35:37.704+0000] {manager.py:997} INFO - 
================================================================================
DAG File Processing Stats

File Path                                  PID    Runtime      # DAGs    # Errors  Last Runtime    Last Run               Last # of DB Queries
-----------------------------------------  -----  ---------  --------  ----------  --------------  -------------------  ----------------------
/opt/airflow/dags/driven_data_pipeline.py                           1           0  0.12s           2025-10-18T18:35:26                      12
================================================================================
[2025-10-18T18:36:08.039+0000] {manager.py:997} INFO - 
================================================================================
DAG File Processing Stats

File Path                                  PID    Runtime      # DAGs    # Errors  Last Runtime    Last Run               Last # of DB Queries
-----------------------------------------  -----  ---------  --------  ----------  --------------  -------------------  ----------------------
/opt/airflow/dags/driven_data_pipeline.py                           1           0  0.12s           2025-10-18T18:35:57                      12
================================================================================
[2025-10-18T18:36:20.163+0000] {manager.py:821} INFO - Searching for files in /opt/airflow/dags
[2025-10-18T18:36:20.167+0000] {manager.py:824} INFO - There are 1 files in /opt/airflow/dags
[2025-10-18T18:36:38.377+0000] {manager.py:997} INFO - 
================================================================================
DAG File Processing Stats

File Path                                  PID    Runtime      # DAGs    # Errors  Last Runtime    Last Run               Last # of DB Queries
-----------------------------------------  -----  ---------  --------  ----------  --------------  -------------------  ----------------------
/opt/airflow/dags/driven_data_pipeline.py                           1           0  0.13s           2025-10-18T18:36:27                      12
================================================================================
[2025-10-18T18:37:08.710+0000] {manager.py:997} INFO - 
================================================================================
DAG File Processing Stats

File Path                                  PID    Runtime      # DAGs    # Errors  Last Runtime    Last Run               Last # of DB Queries
-----------------------------------------  -----  ---------  --------  ----------  --------------  -------------------  ----------------------
/opt/airflow/dags/driven_data_pipeline.py                           1           0  0.13s           2025-10-18T18:36:57                      12
================================================================================
[2025-10-18T18:37:38.992+0000] {manager.py:997} INFO - 
================================================================================
DAG File Processing Stats

File Path                                  PID    Runtime      # DAGs    # Errors  Last Runtime    Last Run               Last # of DB Queries
-----------------------------------------  -----  ---------  --------  ----------  --------------  -------------------  ----------------------
/opt/airflow/dags/driven_data_pipeline.py                           1           0  0.14s           2025-10-18T18:37:28                      12
================================================================================
[2025-10-18T18:38:09.283+0000] {manager.py:997} INFO - 
================================================================================
DAG File Processing Stats

File Path                                  PID    Runtime      # DAGs    # Errors  Last Runtime    Last Run               Last # of DB Queries
-----------------------------------------  -----  ---------  --------  ----------  --------------  -------------------  ----------------------
/opt/airflow/dags/driven_data_pipeline.py                           1           0  0.14s           2025-10-18T18:37:58                      12
================================================================================
[2025-10-18T18:38:39.605+0000] {manager.py:997} INFO - 
================================================================================
DAG File Processing Stats

File Path                                  PID    Runtime      # DAGs    # Errors  Last Runtime    Last Run               Last # of DB Queries
-----------------------------------------  -----  ---------  --------  ----------  --------------  -------------------  ----------------------
/opt/airflow/dags/driven_data_pipeline.py                           1           0  0.11s           2025-10-18T18:38:28                      12
================================================================================
[2025-10-18T18:39:09.890+0000] {manager.py:997} INFO - 
================================================================================
DAG File Processing Stats

File Path                                  PID    Runtime      # DAGs    # Errors  Last Runtime    Last Run               Last # of DB Queries
-----------------------------------------  -----  ---------  --------  ----------  --------------  -------------------  ----------------------
/opt/airflow/dags/driven_data_pipeline.py                           1           0  0.16s           2025-10-18T18:38:58                      12
================================================================================
[2025-10-18T18:39:40.275+0000] {manager.py:997} INFO - 
================================================================================
DAG File Processing Stats

File Path                                  PID    Runtime      # DAGs    # Errors  Last Runtime    Last Run               Last # of DB Queries
-----------------------------------------  -----  ---------  --------  ----------  --------------  -------------------  ----------------------
/opt/airflow/dags/driven_data_pipeline.py                           1           0  0.13s           2025-10-18T18:39:29                      12
================================================================================
[2025-10-18T18:40:10.536+0000] {manager.py:997} INFO - 
================================================================================
DAG File Processing Stats

File Path                                  PID    Runtime      # DAGs    # Errors  Last Runtime    Last Run               Last # of DB Queries
-----------------------------------------  -----  ---------  --------  ----------  --------------  -------------------  ----------------------
/opt/airflow/dags/driven_data_pipeline.py                           1           0  0.10s           2025-10-18T18:39:59                      12
================================================================================
[2025-10-18T18:40:40.888+0000] {manager.py:997} INFO - 
================================================================================
DAG File Processing Stats

File Path                                  PID    Runtime      # DAGs    # Errors  Last Runtime    Last Run               Last # of DB Queries
-----------------------------------------  -----  ---------  --------  ----------  --------------  -------------------  ----------------------
/opt/airflow/dags/driven_data_pipeline.py                           1           0  0.10s           2025-10-18T18:40:29                      12
================================================================================
[2025-10-18T18:41:11.172+0000] {manager.py:997} INFO - 
================================================================================
DAG File Processing Stats

File Path                                  PID    Runtime      # DAGs    # Errors  Last Runtime    Last Run               Last # of DB Queries
-----------------------------------------  -----  ---------  --------  ----------  --------------  -------------------  ----------------------
/opt/airflow/dags/driven_data_pipeline.py                           1           0  0.14s           2025-10-18T18:41:00                      12
================================================================================
[2025-10-18T18:41:20.239+0000] {manager.py:821} INFO - Searching for files in /opt/airflow/dags
[2025-10-18T18:41:20.245+0000] {manager.py:824} INFO - There are 1 files in /opt/airflow/dags
[2025-10-18T18:41:41.581+0000] {manager.py:997} INFO - 
================================================================================
DAG File Processing Stats

File Path                                  PID    Runtime      # DAGs    # Errors  Last Runtime    Last Run               Last # of DB Queries
-----------------------------------------  -----  ---------  --------  ----------  --------------  -------------------  ----------------------
/opt/airflow/dags/driven_data_pipeline.py                           1           0  0.16s           2025-10-18T18:41:30                      12
================================================================================
[2025-10-18T18:42:11.865+0000] {manager.py:997} INFO - 
================================================================================
DAG File Processing Stats

File Path                                  PID    Runtime      # DAGs    # Errors  Last Runtime    Last Run               Last # of DB Queries
-----------------------------------------  -----  ---------  --------  ----------  --------------  -------------------  ----------------------
/opt/airflow/dags/driven_data_pipeline.py                           1           0  0.13s           2025-10-18T18:42:00                      12
================================================================================
[2025-10-18T18:42:42.250+0000] {manager.py:997} INFO - 
================================================================================
DAG File Processing Stats

File Path                                  PID    Runtime      # DAGs    # Errors  Last Runtime    Last Run               Last # of DB Queries
-----------------------------------------  -----  ---------  --------  ----------  --------------  -------------------  ----------------------
/opt/airflow/dags/driven_data_pipeline.py                           1           0  0.12s           2025-10-18T18:42:31                      12
================================================================================
[2025-10-18T18:43:12.545+0000] {manager.py:997} INFO - 
================================================================================
DAG File Processing Stats

File Path                                  PID    Runtime      # DAGs    # Errors  Last Runtime    Last Run               Last # of DB Queries
-----------------------------------------  -----  ---------  --------  ----------  --------------  -------------------  ----------------------
/opt/airflow/dags/driven_data_pipeline.py                           1           0  0.12s           2025-10-18T18:43:01                      12
================================================================================
[2025-10-18T18:43:42.894+0000] {manager.py:997} INFO - 
================================================================================
DAG File Processing Stats

File Path                                  PID    Runtime      # DAGs    # Errors  Last Runtime    Last Run               Last # of DB Queries
-----------------------------------------  -----  ---------  --------  ----------  --------------  -------------------  ----------------------
/opt/airflow/dags/driven_data_pipeline.py                           1           0  0.14s           2025-10-18T18:43:31                      12
================================================================================
[2025-10-18T18:44:13.228+0000] {manager.py:997} INFO - 
================================================================================
DAG File Processing Stats

File Path                                  PID    Runtime      # DAGs    # Errors  Last Runtime    Last Run               Last # of DB Queries
-----------------------------------------  -----  ---------  --------  ----------  --------------  -------------------  ----------------------
/opt/airflow/dags/driven_data_pipeline.py                           1           0  0.13s           2025-10-18T18:44:02                      12
================================================================================
[2025-10-18T18:44:43.575+0000] {manager.py:997} INFO - 
================================================================================
DAG File Processing Stats

File Path                                  PID    Runtime      # DAGs    # Errors  Last Runtime    Last Run               Last # of DB Queries
-----------------------------------------  -----  ---------  --------  ----------  --------------  -------------------  ----------------------
/opt/airflow/dags/driven_data_pipeline.py                           1           0  0.11s           2025-10-18T18:44:32                      12
================================================================================
[2025-10-18T18:45:13.915+0000] {manager.py:997} INFO - 
================================================================================
DAG File Processing Stats

File Path                                  PID    Runtime      # DAGs    # Errors  Last Runtime    Last Run               Last # of DB Queries
-----------------------------------------  -----  ---------  --------  ----------  --------------  -------------------  ----------------------
/opt/airflow/dags/driven_data_pipeline.py                           1           0  0.14s           2025-10-18T18:44:54                      12
================================================================================
[2025-10-18T18:45:44.275+0000] {manager.py:997} INFO - 
================================================================================
DAG File Processing Stats

File Path                                  PID    Runtime      # DAGs    # Errors  Last Runtime    Last Run               Last # of DB Queries
-----------------------------------------  -----  ---------  --------  ----------  --------------  -------------------  ----------------------
/opt/airflow/dags/driven_data_pipeline.py                           1           0  0.10s           2025-10-18T18:45:25                      12
================================================================================
[2025-10-18T18:46:14.569+0000] {manager.py:997} INFO - 
================================================================================
DAG File Processing Stats

File Path                                  PID    Runtime      # DAGs    # Errors  Last Runtime    Last Run               Last # of DB Queries
-----------------------------------------  -----  ---------  --------  ----------  --------------  -------------------  ----------------------
/opt/airflow/dags/driven_data_pipeline.py                           1           0  0.12s           2025-10-18T18:45:55                      12
================================================================================
[2025-10-18T18:46:20.622+0000] {manager.py:821} INFO - Searching for files in /opt/airflow/dags
[2025-10-18T18:46:20.627+0000] {manager.py:824} INFO - There are 1 files in /opt/airflow/dags
[2025-10-18T18:46:44.932+0000] {manager.py:997} INFO - 
================================================================================
DAG File Processing Stats

File Path                                  PID    Runtime      # DAGs    # Errors  Last Runtime    Last Run               Last # of DB Queries
-----------------------------------------  -----  ---------  --------  ----------  --------------  -------------------  ----------------------
/opt/airflow/dags/driven_data_pipeline.py                           1           0  0.13s           2025-10-18T18:46:25                      12
================================================================================
[2025-10-18T18:47:15.279+0000] {manager.py:997} INFO - 
================================================================================
DAG File Processing Stats

File Path                                  PID    Runtime      # DAGs    # Errors  Last Runtime    Last Run               Last # of DB Queries
-----------------------------------------  -----  ---------  --------  ----------  --------------  -------------------  ----------------------
/opt/airflow/dags/driven_data_pipeline.py                           1           0  0.17s           2025-10-18T18:46:56                      34
================================================================================
[2025-10-18T18:47:45.592+0000] {manager.py:997} INFO - 
================================================================================
DAG File Processing Stats

File Path                                  PID    Runtime      # DAGs    # Errors  Last Runtime    Last Run               Last # of DB Queries
-----------------------------------------  -----  ---------  --------  ----------  --------------  -------------------  ----------------------
/opt/airflow/dags/driven_data_pipeline.py                           1           0  0.15s           2025-10-18T18:47:26                      12
================================================================================
[2025-10-18T18:48:15.958+0000] {manager.py:997} INFO - 
================================================================================
DAG File Processing Stats

File Path                                  PID    Runtime      # DAGs    # Errors  Last Runtime    Last Run               Last # of DB Queries
-----------------------------------------  -----  ---------  --------  ----------  --------------  -------------------  ----------------------
/opt/airflow/dags/driven_data_pipeline.py                           1           0  0.16s           2025-10-18T18:47:56                      12
================================================================================
[2025-10-18T18:48:46.260+0000] {manager.py:997} INFO - 
================================================================================
DAG File Processing Stats

File Path                                  PID    Runtime      # DAGs    # Errors  Last Runtime    Last Run               Last # of DB Queries
-----------------------------------------  -----  ---------  --------  ----------  --------------  -------------------  ----------------------
/opt/airflow/dags/driven_data_pipeline.py                           1           0  0.17s           2025-10-18T18:48:27                      12
================================================================================
[2025-10-18T18:49:16.658+0000] {manager.py:997} INFO - 
================================================================================
DAG File Processing Stats

File Path                                  PID    Runtime      # DAGs    # Errors  Last Runtime    Last Run               Last # of DB Queries
-----------------------------------------  -----  ---------  --------  ----------  --------------  -------------------  ----------------------
/opt/airflow/dags/driven_data_pipeline.py                           1           0  0.16s           2025-10-18T18:48:57                      12
================================================================================
[2025-10-18T18:49:46.945+0000] {manager.py:997} INFO - 
================================================================================
DAG File Processing Stats

File Path                                  PID    Runtime      # DAGs    # Errors  Last Runtime    Last Run               Last # of DB Queries
-----------------------------------------  -----  ---------  --------  ----------  --------------  -------------------  ----------------------
/opt/airflow/dags/driven_data_pipeline.py                           1           0  0.15s           2025-10-18T18:49:27                      12
================================================================================
[2025-10-18T18:50:17.316+0000] {manager.py:997} INFO - 
================================================================================
DAG File Processing Stats

File Path                                  PID    Runtime      # DAGs    # Errors  Last Runtime    Last Run               Last # of DB Queries
-----------------------------------------  -----  ---------  --------  ----------  --------------  -------------------  ----------------------
/opt/airflow/dags/driven_data_pipeline.py                           1           0  0.20s           2025-10-18T18:49:58                      12
================================================================================
[2025-10-18T18:50:47.639+0000] {manager.py:997} INFO - 
================================================================================
DAG File Processing Stats

File Path                                  PID    Runtime      # DAGs    # Errors  Last Runtime    Last Run               Last # of DB Queries
-----------------------------------------  -----  ---------  --------  ----------  --------------  -------------------  ----------------------
/opt/airflow/dags/driven_data_pipeline.py                           1           0  0.13s           2025-10-18T18:50:28                      12
================================================================================
[2025-10-18T18:51:17.969+0000] {manager.py:997} INFO - 
================================================================================
DAG File Processing Stats

File Path                                  PID    Runtime      # DAGs    # Errors  Last Runtime    Last Run               Last # of DB Queries
-----------------------------------------  -----  ---------  --------  ----------  --------------  -------------------  ----------------------
/opt/airflow/dags/driven_data_pipeline.py                           1           0  0.16s           2025-10-18T18:50:58                      12
================================================================================
[2025-10-18T18:51:21.000+0000] {manager.py:821} INFO - Searching for files in /opt/airflow/dags
[2025-10-18T18:51:21.004+0000] {manager.py:824} INFO - There are 1 files in /opt/airflow/dags
[2025-10-18T18:51:48.419+0000] {manager.py:997} INFO - 
================================================================================
DAG File Processing Stats

File Path                                  PID    Runtime      # DAGs    # Errors  Last Runtime    Last Run               Last # of DB Queries
-----------------------------------------  -----  ---------  --------  ----------  --------------  -------------------  ----------------------
/opt/airflow/dags/driven_data_pipeline.py                           1           0  0.14s           2025-10-18T18:51:29                      12
================================================================================
[2025-10-18T18:52:18.723+0000] {manager.py:997} INFO - 
================================================================================
DAG File Processing Stats

File Path                                  PID    Runtime      # DAGs    # Errors  Last Runtime    Last Run               Last # of DB Queries
-----------------------------------------  -----  ---------  --------  ----------  --------------  -------------------  ----------------------
/opt/airflow/dags/driven_data_pipeline.py                           1           0  0.15s           2025-10-18T18:51:59                      12
================================================================================
[2025-10-18T18:52:49.110+0000] {manager.py:997} INFO - 
================================================================================
DAG File Processing Stats

File Path                                  PID    Runtime      # DAGs    # Errors  Last Runtime    Last Run               Last # of DB Queries
-----------------------------------------  -----  ---------  --------  ----------  --------------  -------------------  ----------------------
/opt/airflow/dags/driven_data_pipeline.py                           1           0  0.11s           2025-10-18T18:52:29                      12
================================================================================
[2025-10-18T18:53:19.381+0000] {manager.py:997} INFO - 
================================================================================
DAG File Processing Stats

File Path                                  PID    Runtime      # DAGs    # Errors  Last Runtime    Last Run               Last # of DB Queries
-----------------------------------------  -----  ---------  --------  ----------  --------------  -------------------  ----------------------
/opt/airflow/dags/driven_data_pipeline.py                           1           0  0.13s           2025-10-18T18:53:00                      12
================================================================================
[2025-10-18T18:53:49.731+0000] {manager.py:997} INFO - 
================================================================================
DAG File Processing Stats

File Path                                  PID    Runtime      # DAGs    # Errors  Last Runtime    Last Run               Last # of DB Queries
-----------------------------------------  -----  ---------  --------  ----------  --------------  -------------------  ----------------------
/opt/airflow/dags/driven_data_pipeline.py                           1           0  0.15s           2025-10-18T18:53:30                      12
================================================================================
[2025-10-18T18:54:20.008+0000] {manager.py:997} INFO - 
================================================================================
DAG File Processing Stats

File Path                                  PID    Runtime      # DAGs    # Errors  Last Runtime    Last Run               Last # of DB Queries
-----------------------------------------  -----  ---------  --------  ----------  --------------  -------------------  ----------------------
/opt/airflow/dags/driven_data_pipeline.py                           1           0  0.15s           2025-10-18T18:54:00                      12
================================================================================
[2025-10-18T18:54:50.322+0000] {manager.py:997} INFO - 
================================================================================
DAG File Processing Stats

File Path                                  PID    Runtime      # DAGs    # Errors  Last Runtime    Last Run               Last # of DB Queries
-----------------------------------------  -----  ---------  --------  ----------  --------------  -------------------  ----------------------
/opt/airflow/dags/driven_data_pipeline.py                           1           0  0.18s           2025-10-18T18:54:31                      12
================================================================================
[2025-10-18T18:55:20.600+0000] {manager.py:997} INFO - 
================================================================================
DAG File Processing Stats

File Path                                  PID    Runtime      # DAGs    # Errors  Last Runtime    Last Run               Last # of DB Queries
-----------------------------------------  -----  ---------  --------  ----------  --------------  -------------------  ----------------------
/opt/airflow/dags/driven_data_pipeline.py                           1           0  0.14s           2025-10-18T18:55:01                      12
================================================================================
[2025-10-18T18:55:50.862+0000] {manager.py:997} INFO - 
================================================================================
DAG File Processing Stats

File Path                                  PID    Runtime      # DAGs    # Errors  Last Runtime    Last Run               Last # of DB Queries
-----------------------------------------  -----  ---------  --------  ----------  --------------  -------------------  ----------------------
/opt/airflow/dags/driven_data_pipeline.py                           1           0  0.18s           2025-10-18T18:55:31                      12
================================================================================
[2025-10-18T18:56:21.105+0000] {manager.py:821} INFO - Searching for files in /opt/airflow/dags
[2025-10-18T18:56:21.111+0000] {manager.py:824} INFO - There are 1 files in /opt/airflow/dags
[2025-10-18T18:56:21.126+0000] {manager.py:997} INFO - 
================================================================================
DAG File Processing Stats

File Path                                  PID    Runtime      # DAGs    # Errors  Last Runtime    Last Run               Last # of DB Queries
-----------------------------------------  -----  ---------  --------  ----------  --------------  -------------------  ----------------------
/opt/airflow/dags/driven_data_pipeline.py                           1           0  0.16s           2025-10-18T18:56:02                      12
================================================================================
[2025-10-18T18:56:51.551+0000] {manager.py:997} INFO - 
================================================================================
DAG File Processing Stats

File Path                                  PID    Runtime      # DAGs    # Errors  Last Runtime    Last Run               Last # of DB Queries
-----------------------------------------  -----  ---------  --------  ----------  --------------  -------------------  ----------------------
/opt/airflow/dags/driven_data_pipeline.py                           1           0  0.14s           2025-10-18T18:56:32                      12
================================================================================
[2025-10-18T18:57:21.840+0000] {manager.py:997} INFO - 
================================================================================
DAG File Processing Stats

File Path                                  PID    Runtime      # DAGs    # Errors  Last Runtime    Last Run               Last # of DB Queries
-----------------------------------------  -----  ---------  --------  ----------  --------------  -------------------  ----------------------
/opt/airflow/dags/driven_data_pipeline.py                           1           0  0.15s           2025-10-18T18:57:02                      12
================================================================================
[2025-10-18T18:57:52.240+0000] {manager.py:997} INFO - 
================================================================================
DAG File Processing Stats

File Path                                    PID  Runtime      # DAGs    # Errors  Last Runtime    Last Run               Last # of DB Queries
-----------------------------------------  -----  ---------  --------  ----------  --------------  -------------------  ----------------------
/opt/airflow/dags/driven_data_pipeline.py   1711  0.01s             1           0  0.15s           2025-10-18T18:57:33                      12
================================================================================
[2025-10-18T18:58:22.482+0000] {manager.py:997} INFO - 
================================================================================
DAG File Processing Stats

File Path                                    PID  Runtime      # DAGs    # Errors  Last Runtime    Last Run               Last # of DB Queries
-----------------------------------------  -----  ---------  --------  ----------  --------------  -------------------  ----------------------
/opt/airflow/dags/driven_data_pipeline.py   1723  0.00s             1           0  0.17s           2025-10-18T18:57:52                      34
================================================================================
[2025-10-18T18:58:52.938+0000] {manager.py:997} INFO - 
================================================================================
DAG File Processing Stats

File Path                                    PID  Runtime      # DAGs    # Errors  Last Runtime    Last Run               Last # of DB Queries
-----------------------------------------  -----  ---------  --------  ----------  --------------  -------------------  ----------------------
/opt/airflow/dags/driven_data_pipeline.py   1731  0.01s             1           0  0.12s           2025-10-18T18:58:22                      12
================================================================================
[2025-10-18T18:59:23.252+0000] {manager.py:997} INFO - 
================================================================================
DAG File Processing Stats

File Path                                    PID  Runtime      # DAGs    # Errors  Last Runtime    Last Run               Last # of DB Queries
-----------------------------------------  -----  ---------  --------  ----------  --------------  -------------------  ----------------------
/opt/airflow/dags/driven_data_pipeline.py   1739  0.00s             1           0  0.23s           2025-10-18T18:58:53                      12
================================================================================
[2025-10-18T18:59:53.499+0000] {manager.py:997} INFO - 
================================================================================
DAG File Processing Stats

File Path                                    PID  Runtime      # DAGs    # Errors  Last Runtime    Last Run               Last # of DB Queries
-----------------------------------------  -----  ---------  --------  ----------  --------------  -------------------  ----------------------
/opt/airflow/dags/driven_data_pipeline.py   1747  0.00s             1           0  0.14s           2025-10-18T18:59:23                      12
================================================================================
[2025-10-18T19:00:23.766+0000] {manager.py:997} INFO - 
================================================================================
DAG File Processing Stats

File Path                                    PID  Runtime      # DAGs    # Errors  Last Runtime    Last Run               Last # of DB Queries
-----------------------------------------  -----  ---------  --------  ----------  --------------  -------------------  ----------------------
/opt/airflow/dags/driven_data_pipeline.py   1755  0.01s             1           0  0.13s           2025-10-18T18:59:53                      12
================================================================================
[2025-10-18T19:00:54.141+0000] {manager.py:997} INFO - 
================================================================================
DAG File Processing Stats

File Path                                    PID  Runtime      # DAGs    # Errors  Last Runtime    Last Run               Last # of DB Queries
-----------------------------------------  -----  ---------  --------  ----------  --------------  -------------------  ----------------------
/opt/airflow/dags/driven_data_pipeline.py   1763  0.00s             1           0  0.15s           2025-10-18T19:00:23                      12
================================================================================
[2025-10-18T19:01:21.399+0000] {manager.py:821} INFO - Searching for files in /opt/airflow/dags
[2025-10-18T19:01:21.425+0000] {manager.py:824} INFO - There are 1 files in /opt/airflow/dags
[2025-10-18T19:01:24.463+0000] {manager.py:997} INFO - 
================================================================================
DAG File Processing Stats

File Path                                    PID  Runtime      # DAGs    # Errors  Last Runtime    Last Run               Last # of DB Queries
-----------------------------------------  -----  ---------  --------  ----------  --------------  -------------------  ----------------------
/opt/airflow/dags/driven_data_pipeline.py   1775  0.00s             1           0  0.14s           2025-10-18T19:00:54                      12
================================================================================
[2025-10-18T19:01:54.665+0000] {manager.py:997} INFO - 
================================================================================
DAG File Processing Stats

File Path                                    PID  Runtime      # DAGs    # Errors  Last Runtime    Last Run               Last # of DB Queries
-----------------------------------------  -----  ---------  --------  ----------  --------------  -------------------  ----------------------
/opt/airflow/dags/driven_data_pipeline.py   1783  0.00s             1           0  0.13s           2025-10-18T19:01:24                      12
================================================================================
[2025-10-18T19:02:25.048+0000] {manager.py:997} INFO - 
================================================================================
DAG File Processing Stats

File Path                                    PID  Runtime      # DAGs    # Errors  Last Runtime    Last Run               Last # of DB Queries
-----------------------------------------  -----  ---------  --------  ----------  --------------  -------------------  ----------------------
/opt/airflow/dags/driven_data_pipeline.py   1791  0.00s             1           0  0.16s           2025-10-18T19:01:54                      12
================================================================================
[2025-10-18T19:02:55.347+0000] {manager.py:997} INFO - 
================================================================================
DAG File Processing Stats

File Path                                    PID  Runtime      # DAGs    # Errors  Last Runtime    Last Run               Last # of DB Queries
-----------------------------------------  -----  ---------  --------  ----------  --------------  -------------------  ----------------------
/opt/airflow/dags/driven_data_pipeline.py   1799  0.01s             1           0  0.11s           2025-10-18T19:02:25                      12
================================================================================
[2025-10-18T19:03:25.618+0000] {manager.py:997} INFO - 
================================================================================
DAG File Processing Stats

File Path                                    PID  Runtime      # DAGs    # Errors  Last Runtime    Last Run               Last # of DB Queries
-----------------------------------------  -----  ---------  --------  ----------  --------------  -------------------  ----------------------
/opt/airflow/dags/driven_data_pipeline.py   1807  0.00s             1           0  0.15s           2025-10-18T19:02:55                      12
================================================================================
[2025-10-18T19:03:55.929+0000] {manager.py:997} INFO - 
================================================================================
DAG File Processing Stats

File Path                                    PID  Runtime      # DAGs    # Errors  Last Runtime    Last Run               Last # of DB Queries
-----------------------------------------  -----  ---------  --------  ----------  --------------  -------------------  ----------------------
/opt/airflow/dags/driven_data_pipeline.py   1815  0.01s             1           0  0.10s           2025-10-18T19:03:25                      12
================================================================================
[2025-10-18T19:04:26.333+0000] {manager.py:997} INFO - 
================================================================================
DAG File Processing Stats

File Path                                    PID  Runtime      # DAGs    # Errors  Last Runtime    Last Run               Last # of DB Queries
-----------------------------------------  -----  ---------  --------  ----------  --------------  -------------------  ----------------------
/opt/airflow/dags/driven_data_pipeline.py   1823  0.01s             1           0  0.12s           2025-10-18T19:03:56                      12
================================================================================
[2025-10-18T19:04:56.643+0000] {manager.py:997} INFO - 
================================================================================
DAG File Processing Stats

File Path                                    PID  Runtime      # DAGs    # Errors  Last Runtime    Last Run               Last # of DB Queries
-----------------------------------------  -----  ---------  --------  ----------  --------------  -------------------  ----------------------
/opt/airflow/dags/driven_data_pipeline.py   1831  0.01s             1           0  0.14s           2025-10-18T19:04:26                      12
================================================================================
[2025-10-18T19:05:27.084+0000] {manager.py:997} INFO - 
================================================================================
DAG File Processing Stats

File Path                                    PID  Runtime      # DAGs    # Errors  Last Runtime    Last Run               Last # of DB Queries
-----------------------------------------  -----  ---------  --------  ----------  --------------  -------------------  ----------------------
/opt/airflow/dags/driven_data_pipeline.py   1839  0.01s             1           0  0.13s           2025-10-18T19:04:56                      12
================================================================================
[2025-10-18T19:05:57.432+0000] {manager.py:997} INFO - 
================================================================================
DAG File Processing Stats

File Path                                    PID  Runtime      # DAGs    # Errors  Last Runtime    Last Run               Last # of DB Queries
-----------------------------------------  -----  ---------  --------  ----------  --------------  -------------------  ----------------------
/opt/airflow/dags/driven_data_pipeline.py   1847  0.01s             1           0  0.16s           2025-10-18T19:05:27                      12
================================================================================
[2025-10-18T19:06:21.752+0000] {manager.py:821} INFO - Searching for files in /opt/airflow/dags
[2025-10-18T19:06:21.755+0000] {manager.py:824} INFO - There are 1 files in /opt/airflow/dags
[2025-10-18T19:06:27.839+0000] {manager.py:997} INFO - 
================================================================================
DAG File Processing Stats

File Path                                    PID  Runtime      # DAGs    # Errors  Last Runtime    Last Run               Last # of DB Queries
-----------------------------------------  -----  ---------  --------  ----------  --------------  -------------------  ----------------------
/opt/airflow/dags/driven_data_pipeline.py   1855  0.01s             1           0  0.18s           2025-10-18T19:05:57                      12
================================================================================
[2025-10-18T19:06:58.256+0000] {manager.py:997} INFO - 
================================================================================
DAG File Processing Stats

File Path                                    PID  Runtime      # DAGs    # Errors  Last Runtime    Last Run               Last # of DB Queries
-----------------------------------------  -----  ---------  --------  ----------  --------------  -------------------  ----------------------
/opt/airflow/dags/driven_data_pipeline.py   1863  0.00s             1           0  0.15s           2025-10-18T19:06:27                      12
================================================================================
[2025-10-18T19:07:28.579+0000] {manager.py:997} INFO - 
================================================================================
DAG File Processing Stats

File Path                                    PID  Runtime      # DAGs    # Errors  Last Runtime    Last Run               Last # of DB Queries
-----------------------------------------  -----  ---------  --------  ----------  --------------  -------------------  ----------------------
/opt/airflow/dags/driven_data_pipeline.py   1871  0.01s             1           0  0.20s           2025-10-18T19:06:58                      12
================================================================================
[2025-10-18T19:07:58.979+0000] {manager.py:997} INFO - 
================================================================================
DAG File Processing Stats

File Path                                    PID  Runtime      # DAGs    # Errors  Last Runtime    Last Run               Last # of DB Queries
-----------------------------------------  -----  ---------  --------  ----------  --------------  -------------------  ----------------------
/opt/airflow/dags/driven_data_pipeline.py   1879  0.00s             1           0  0.13s           2025-10-18T19:07:28                      12
================================================================================
[2025-10-18T19:08:29.318+0000] {manager.py:997} INFO - 
================================================================================
DAG File Processing Stats

File Path                                    PID  Runtime      # DAGs    # Errors  Last Runtime    Last Run               Last # of DB Queries
-----------------------------------------  -----  ---------  --------  ----------  --------------  -------------------  ----------------------
/opt/airflow/dags/driven_data_pipeline.py   1887  0.01s             1           0  0.12s           2025-10-18T19:07:59                      12
================================================================================
[2025-10-18T19:08:59.802+0000] {manager.py:997} INFO - 
================================================================================
DAG File Processing Stats

File Path                                    PID  Runtime      # DAGs    # Errors  Last Runtime    Last Run               Last # of DB Queries
-----------------------------------------  -----  ---------  --------  ----------  --------------  -------------------  ----------------------
/opt/airflow/dags/driven_data_pipeline.py   1895  0.00s             1           0  0.19s           2025-10-18T19:08:29                      12
================================================================================
[2025-10-18T19:09:30.246+0000] {manager.py:997} INFO - 
================================================================================
DAG File Processing Stats

File Path                                  PID    Runtime      # DAGs    # Errors  Last Runtime    Last Run               Last # of DB Queries
-----------------------------------------  -----  ---------  --------  ----------  --------------  -------------------  ----------------------
/opt/airflow/dags/driven_data_pipeline.py                           1           0  0.21s           2025-10-18T19:09:22                      34
================================================================================
[2025-10-18T19:10:00.579+0000] {manager.py:997} INFO - 
================================================================================
DAG File Processing Stats

File Path                                  PID    Runtime      # DAGs    # Errors  Last Runtime    Last Run               Last # of DB Queries
-----------------------------------------  -----  ---------  --------  ----------  --------------  -------------------  ----------------------
/opt/airflow/dags/driven_data_pipeline.py                           1           0  0.14s           2025-10-18T19:09:52                      12
================================================================================
[2025-10-18T19:10:30.929+0000] {manager.py:997} INFO - 
================================================================================
DAG File Processing Stats

File Path                                  PID    Runtime      # DAGs    # Errors  Last Runtime    Last Run               Last # of DB Queries
-----------------------------------------  -----  ---------  --------  ----------  --------------  -------------------  ----------------------
/opt/airflow/dags/driven_data_pipeline.py                           1           0  0.13s           2025-10-18T19:10:22                      12
================================================================================
[2025-10-18T19:11:01.287+0000] {manager.py:997} INFO - 
================================================================================
DAG File Processing Stats

File Path                                  PID    Runtime      # DAGs    # Errors  Last Runtime    Last Run               Last # of DB Queries
-----------------------------------------  -----  ---------  --------  ----------  --------------  -------------------  ----------------------
/opt/airflow/dags/driven_data_pipeline.py                           1           0  0.18s           2025-10-18T19:10:53                      12
================================================================================
[2025-10-18T19:11:22.459+0000] {manager.py:821} INFO - Searching for files in /opt/airflow/dags
[2025-10-18T19:11:22.485+0000] {manager.py:824} INFO - There are 1 files in /opt/airflow/dags
[2025-10-18T19:11:31.631+0000] {manager.py:997} INFO - 
================================================================================
DAG File Processing Stats

File Path                                  PID    Runtime      # DAGs    # Errors  Last Runtime    Last Run               Last # of DB Queries
-----------------------------------------  -----  ---------  --------  ----------  --------------  -------------------  ----------------------
/opt/airflow/dags/driven_data_pipeline.py                           1           0  0.14s           2025-10-18T19:11:23                      12
================================================================================
[2025-10-18T19:12:01.907+0000] {manager.py:997} INFO - 
================================================================================
DAG File Processing Stats

File Path                                  PID    Runtime      # DAGs    # Errors  Last Runtime    Last Run               Last # of DB Queries
-----------------------------------------  -----  ---------  --------  ----------  --------------  -------------------  ----------------------
/opt/airflow/dags/driven_data_pipeline.py                           1           0  0.15s           2025-10-18T19:11:53                      12
================================================================================
[2025-10-18T19:12:32.286+0000] {manager.py:997} INFO - 
================================================================================
DAG File Processing Stats

File Path                                  PID    Runtime      # DAGs    # Errors  Last Runtime    Last Run               Last # of DB Queries
-----------------------------------------  -----  ---------  --------  ----------  --------------  -------------------  ----------------------
/opt/airflow/dags/driven_data_pipeline.py                           1           0  0.12s           2025-10-18T19:12:24                      12
================================================================================
[2025-10-18T19:13:02.604+0000] {manager.py:997} INFO - 
================================================================================
DAG File Processing Stats

File Path                                  PID    Runtime      # DAGs    # Errors  Last Runtime    Last Run               Last # of DB Queries
-----------------------------------------  -----  ---------  --------  ----------  --------------  -------------------  ----------------------
/opt/airflow/dags/driven_data_pipeline.py                           1           0  0.14s           2025-10-18T19:12:54                      12
================================================================================
[2025-10-18T19:13:32.998+0000] {manager.py:997} INFO - 
================================================================================
DAG File Processing Stats

File Path                                  PID    Runtime      # DAGs    # Errors  Last Runtime    Last Run               Last # of DB Queries
-----------------------------------------  -----  ---------  --------  ----------  --------------  -------------------  ----------------------
/opt/airflow/dags/driven_data_pipeline.py                           1           0  0.13s           2025-10-18T19:13:24                      12
================================================================================
[2025-10-18T19:14:03.247+0000] {manager.py:997} INFO - 
================================================================================
DAG File Processing Stats

File Path                                  PID    Runtime      # DAGs    # Errors  Last Runtime    Last Run               Last # of DB Queries
-----------------------------------------  -----  ---------  --------  ----------  --------------  -------------------  ----------------------
/opt/airflow/dags/driven_data_pipeline.py                           1           0  0.12s           2025-10-18T19:13:55                      12
================================================================================
[2025-10-18T19:14:33.694+0000] {manager.py:997} INFO - 
================================================================================
DAG File Processing Stats

File Path                                  PID    Runtime      # DAGs    # Errors  Last Runtime    Last Run               Last # of DB Queries
-----------------------------------------  -----  ---------  --------  ----------  --------------  -------------------  ----------------------
/opt/airflow/dags/driven_data_pipeline.py                           1           0  0.13s           2025-10-18T19:14:25                      12
================================================================================
[2025-10-18T19:15:04.040+0000] {manager.py:997} INFO - 
================================================================================
DAG File Processing Stats

File Path                                  PID    Runtime      # DAGs    # Errors  Last Runtime    Last Run               Last # of DB Queries
-----------------------------------------  -----  ---------  --------  ----------  --------------  -------------------  ----------------------
/opt/airflow/dags/driven_data_pipeline.py                           1           0  0.15s           2025-10-18T19:14:56                      12
================================================================================
[2025-10-18T19:15:34.460+0000] {manager.py:997} INFO - 
================================================================================
DAG File Processing Stats

File Path                                  PID    Runtime      # DAGs    # Errors  Last Runtime    Last Run               Last # of DB Queries
-----------------------------------------  -----  ---------  --------  ----------  --------------  -------------------  ----------------------
/opt/airflow/dags/driven_data_pipeline.py                           1           0  0.12s           2025-10-18T19:15:26                      12
================================================================================
[2025-10-18T19:16:04.724+0000] {manager.py:997} INFO - 
================================================================================
DAG File Processing Stats

File Path                                  PID    Runtime      # DAGs    # Errors  Last Runtime    Last Run               Last # of DB Queries
-----------------------------------------  -----  ---------  --------  ----------  --------------  -------------------  ----------------------
/opt/airflow/dags/driven_data_pipeline.py                           1           0  0.13s           2025-10-18T19:15:40                      12
================================================================================
[2025-10-18T19:16:22.917+0000] {manager.py:821} INFO - Searching for files in /opt/airflow/dags
[2025-10-18T19:16:22.922+0000] {manager.py:824} INFO - There are 1 files in /opt/airflow/dags
[2025-10-18T19:16:35.046+0000] {manager.py:997} INFO - 
================================================================================
DAG File Processing Stats

File Path                                  PID    Runtime      # DAGs    # Errors  Last Runtime    Last Run               Last # of DB Queries
-----------------------------------------  -----  ---------  --------  ----------  --------------  -------------------  ----------------------
/opt/airflow/dags/driven_data_pipeline.py                           1           0  0.13s           2025-10-18T19:16:10                      12
================================================================================
[2025-10-18T19:17:05.372+0000] {manager.py:997} INFO - 
================================================================================
DAG File Processing Stats

File Path                                  PID    Runtime      # DAGs    # Errors  Last Runtime    Last Run               Last # of DB Queries
-----------------------------------------  -----  ---------  --------  ----------  --------------  -------------------  ----------------------
/opt/airflow/dags/driven_data_pipeline.py                           1           0  0.14s           2025-10-18T19:16:41                      12
================================================================================
[2025-10-18T19:17:35.687+0000] {manager.py:997} INFO - 
================================================================================
DAG File Processing Stats

File Path                                  PID    Runtime      # DAGs    # Errors  Last Runtime    Last Run               Last # of DB Queries
-----------------------------------------  -----  ---------  --------  ----------  --------------  -------------------  ----------------------
/opt/airflow/dags/driven_data_pipeline.py                           1           0  0.16s           2025-10-18T19:17:11                      12
================================================================================
[2025-10-18T19:18:06.021+0000] {manager.py:997} INFO - 
================================================================================
DAG File Processing Stats

File Path                                  PID    Runtime      # DAGs    # Errors  Last Runtime    Last Run               Last # of DB Queries
-----------------------------------------  -----  ---------  --------  ----------  --------------  -------------------  ----------------------
/opt/airflow/dags/driven_data_pipeline.py                           1           0  0.16s           2025-10-18T19:17:41                      12
================================================================================
[2025-10-18T19:18:36.287+0000] {manager.py:997} INFO - 
================================================================================
DAG File Processing Stats

File Path                                  PID    Runtime      # DAGs    # Errors  Last Runtime    Last Run               Last # of DB Queries
-----------------------------------------  -----  ---------  --------  ----------  --------------  -------------------  ----------------------
/opt/airflow/dags/driven_data_pipeline.py                           1           0  0.13s           2025-10-18T19:18:12                      12
================================================================================
[2025-10-18T19:19:06.652+0000] {manager.py:997} INFO - 
================================================================================
DAG File Processing Stats

File Path                                  PID    Runtime      # DAGs    # Errors  Last Runtime    Last Run               Last # of DB Queries
-----------------------------------------  -----  ---------  --------  ----------  --------------  -------------------  ----------------------
/opt/airflow/dags/driven_data_pipeline.py                           1           0  0.16s           2025-10-18T19:18:42                      12
================================================================================
[2025-10-18T19:19:36.951+0000] {manager.py:997} INFO - 
================================================================================
DAG File Processing Stats

File Path                                  PID    Runtime      # DAGs    # Errors  Last Runtime    Last Run               Last # of DB Queries
-----------------------------------------  -----  ---------  --------  ----------  --------------  -------------------  ----------------------
/opt/airflow/dags/driven_data_pipeline.py                           1           0  0.12s           2025-10-18T19:19:12                      12
================================================================================
[2025-10-18T19:20:07.361+0000] {manager.py:997} INFO - 
================================================================================
DAG File Processing Stats

File Path                                  PID    Runtime      # DAGs    # Errors  Last Runtime    Last Run               Last # of DB Queries
-----------------------------------------  -----  ---------  --------  ----------  --------------  -------------------  ----------------------
/opt/airflow/dags/driven_data_pipeline.py                           1           0  0.16s           2025-10-18T19:19:43                      12
================================================================================
[2025-10-18T19:20:37.718+0000] {manager.py:997} INFO - 
================================================================================
DAG File Processing Stats

File Path                                  PID    Runtime      # DAGs    # Errors  Last Runtime    Last Run               Last # of DB Queries
-----------------------------------------  -----  ---------  --------  ----------  --------------  -------------------  ----------------------
/opt/airflow/dags/driven_data_pipeline.py                           1           0  0.17s           2025-10-18T19:20:10                      34
================================================================================
[2025-10-18T19:21:08.154+0000] {manager.py:997} INFO - 
================================================================================
DAG File Processing Stats

File Path                                  PID    Runtime      # DAGs    # Errors  Last Runtime    Last Run               Last # of DB Queries
-----------------------------------------  -----  ---------  --------  ----------  --------------  -------------------  ----------------------
/opt/airflow/dags/driven_data_pipeline.py                           1           0  0.23s           2025-10-18T19:20:40                      12
================================================================================
[2025-10-18T19:21:23.372+0000] {manager.py:821} INFO - Searching for files in /opt/airflow/dags
[2025-10-18T19:21:23.379+0000] {manager.py:824} INFO - There are 1 files in /opt/airflow/dags
[2025-10-18T19:21:38.553+0000] {manager.py:997} INFO - 
================================================================================
DAG File Processing Stats

File Path                                  PID    Runtime      # DAGs    # Errors  Last Runtime    Last Run               Last # of DB Queries
-----------------------------------------  -----  ---------  --------  ----------  --------------  -------------------  ----------------------
/opt/airflow/dags/driven_data_pipeline.py                           1           0  0.14s           2025-10-18T19:21:11                      12
================================================================================
[2025-10-18T19:22:08.904+0000] {manager.py:997} INFO - 
================================================================================
DAG File Processing Stats

File Path                                  PID    Runtime      # DAGs    # Errors  Last Runtime    Last Run               Last # of DB Queries
-----------------------------------------  -----  ---------  --------  ----------  --------------  -------------------  ----------------------
/opt/airflow/dags/driven_data_pipeline.py                           1           0  0.13s           2025-10-18T19:21:41                      12
================================================================================
[2025-10-18T19:22:39.301+0000] {manager.py:997} INFO - 
================================================================================
DAG File Processing Stats

File Path                                  PID    Runtime      # DAGs    # Errors  Last Runtime    Last Run               Last # of DB Queries
-----------------------------------------  -----  ---------  --------  ----------  --------------  -------------------  ----------------------
/opt/airflow/dags/driven_data_pipeline.py                           1           0  0.14s           2025-10-18T19:22:12                      12
================================================================================
[2025-10-18T19:23:09.629+0000] {manager.py:997} INFO - 
================================================================================
DAG File Processing Stats

File Path                                  PID    Runtime      # DAGs    # Errors  Last Runtime    Last Run               Last # of DB Queries
-----------------------------------------  -----  ---------  --------  ----------  --------------  -------------------  ----------------------
/opt/airflow/dags/driven_data_pipeline.py                           1           0  0.12s           2025-10-18T19:22:42                      12
================================================================================
[2025-10-18T19:23:39.981+0000] {manager.py:997} INFO - 
================================================================================
DAG File Processing Stats

File Path                                  PID    Runtime      # DAGs    # Errors  Last Runtime    Last Run               Last # of DB Queries
-----------------------------------------  -----  ---------  --------  ----------  --------------  -------------------  ----------------------
/opt/airflow/dags/driven_data_pipeline.py                           1           0  0.10s           2025-10-18T19:23:12                      12
================================================================================
[2025-10-18T19:24:10.314+0000] {manager.py:997} INFO - 
================================================================================
DAG File Processing Stats

File Path                                  PID    Runtime      # DAGs    # Errors  Last Runtime    Last Run               Last # of DB Queries
-----------------------------------------  -----  ---------  --------  ----------  --------------  -------------------  ----------------------
/opt/airflow/dags/driven_data_pipeline.py                           1           0  0.16s           2025-10-18T19:23:43                      12
================================================================================
[2025-10-18T19:24:40.741+0000] {manager.py:997} INFO - 
================================================================================
DAG File Processing Stats

File Path                                  PID    Runtime      # DAGs    # Errors  Last Runtime    Last Run               Last # of DB Queries
-----------------------------------------  -----  ---------  --------  ----------  --------------  -------------------  ----------------------
/opt/airflow/dags/driven_data_pipeline.py                           1           0  0.11s           2025-10-18T19:24:13                      12
================================================================================
[2025-10-18T19:25:11.049+0000] {manager.py:997} INFO - 
================================================================================
DAG File Processing Stats

File Path                                  PID    Runtime      # DAGs    # Errors  Last Runtime    Last Run               Last # of DB Queries
-----------------------------------------  -----  ---------  --------  ----------  --------------  -------------------  ----------------------
/opt/airflow/dags/driven_data_pipeline.py                           1           0  0.12s           2025-10-18T19:24:43                      12
================================================================================
[2025-10-18T19:25:41.511+0000] {manager.py:997} INFO - 
================================================================================
DAG File Processing Stats

File Path                                  PID    Runtime      # DAGs    # Errors  Last Runtime    Last Run               Last # of DB Queries
-----------------------------------------  -----  ---------  --------  ----------  --------------  -------------------  ----------------------
/opt/airflow/dags/driven_data_pipeline.py                           1           0  0.13s           2025-10-18T19:25:14                      12
================================================================================
[2025-10-18T19:26:11.819+0000] {manager.py:997} INFO - 
================================================================================
DAG File Processing Stats

File Path                                  PID    Runtime      # DAGs    # Errors  Last Runtime    Last Run               Last # of DB Queries
-----------------------------------------  -----  ---------  --------  ----------  --------------  -------------------  ----------------------
/opt/airflow/dags/driven_data_pipeline.py                           1           0  0.13s           2025-10-18T19:25:44                      12
================================================================================
[2025-10-18T19:26:24.036+0000] {manager.py:821} INFO - Searching for files in /opt/airflow/dags
[2025-10-18T19:26:24.040+0000] {manager.py:824} INFO - There are 1 files in /opt/airflow/dags
[2025-10-18T19:26:42.237+0000] {manager.py:997} INFO - 
================================================================================
DAG File Processing Stats

File Path                                  PID    Runtime      # DAGs    # Errors  Last Runtime    Last Run               Last # of DB Queries
-----------------------------------------  -----  ---------  --------  ----------  --------------  -------------------  ----------------------
/opt/airflow/dags/driven_data_pipeline.py                           1           0  0.12s           2025-10-18T19:26:14                      12
================================================================================
[2025-10-18T19:27:12.581+0000] {manager.py:997} INFO - 
================================================================================
DAG File Processing Stats

File Path                                  PID    Runtime      # DAGs    # Errors  Last Runtime    Last Run               Last # of DB Queries
-----------------------------------------  -----  ---------  --------  ----------  --------------  -------------------  ----------------------
/opt/airflow/dags/driven_data_pipeline.py                           1           0  0.15s           2025-10-18T19:26:45                      12
================================================================================
[2025-10-18T19:27:42.919+0000] {manager.py:997} INFO - 
================================================================================
DAG File Processing Stats

File Path                                  PID    Runtime      # DAGs    # Errors  Last Runtime    Last Run               Last # of DB Queries
-----------------------------------------  -----  ---------  --------  ----------  --------------  -------------------  ----------------------
/opt/airflow/dags/driven_data_pipeline.py                           1           0  0.12s           2025-10-18T19:27:15                      12
================================================================================
[2025-10-18T19:28:13.218+0000] {manager.py:997} INFO - 
================================================================================
DAG File Processing Stats

File Path                                  PID    Runtime      # DAGs    # Errors  Last Runtime    Last Run               Last # of DB Queries
-----------------------------------------  -----  ---------  --------  ----------  --------------  -------------------  ----------------------
/opt/airflow/dags/driven_data_pipeline.py                           1           0  0.11s           2025-10-18T19:27:46                      12
================================================================================
[2025-10-18T19:28:43.622+0000] {manager.py:997} INFO - 
================================================================================
DAG File Processing Stats

File Path                                  PID    Runtime      # DAGs    # Errors  Last Runtime    Last Run               Last # of DB Queries
-----------------------------------------  -----  ---------  --------  ----------  --------------  -------------------  ----------------------
/opt/airflow/dags/driven_data_pipeline.py                           1           0  0.12s           2025-10-18T19:28:16                      12
================================================================================
[2025-10-18T19:29:13.962+0000] {manager.py:997} INFO - 
================================================================================
DAG File Processing Stats

File Path                                  PID    Runtime      # DAGs    # Errors  Last Runtime    Last Run               Last # of DB Queries
-----------------------------------------  -----  ---------  --------  ----------  --------------  -------------------  ----------------------
/opt/airflow/dags/driven_data_pipeline.py                           1           0  0.11s           2025-10-18T19:28:46                      12
================================================================================
[2025-10-18T19:29:44.308+0000] {manager.py:997} INFO - 
================================================================================
DAG File Processing Stats

File Path                                  PID    Runtime      # DAGs    # Errors  Last Runtime    Last Run               Last # of DB Queries
-----------------------------------------  -----  ---------  --------  ----------  --------------  -------------------  ----------------------
/opt/airflow/dags/driven_data_pipeline.py                           1           0  0.13s           2025-10-18T19:29:17                      12
================================================================================
[2025-10-18T19:30:14.654+0000] {manager.py:997} INFO - 
================================================================================
DAG File Processing Stats

File Path                                  PID    Runtime      # DAGs    # Errors  Last Runtime    Last Run               Last # of DB Queries
-----------------------------------------  -----  ---------  --------  ----------  --------------  -------------------  ----------------------
/opt/airflow/dags/driven_data_pipeline.py                           1           0  0.14s           2025-10-18T19:29:47                      12
================================================================================
[2025-10-18T19:30:45.107+0000] {manager.py:997} INFO - 
================================================================================
DAG File Processing Stats

File Path                                  PID    Runtime      # DAGs    # Errors  Last Runtime    Last Run               Last # of DB Queries
-----------------------------------------  -----  ---------  --------  ----------  --------------  -------------------  ----------------------
/opt/airflow/dags/driven_data_pipeline.py                           1           0  0.13s           2025-10-18T19:30:22                      12
================================================================================
[2025-10-18T19:31:15.482+0000] {manager.py:997} INFO - 
================================================================================
DAG File Processing Stats

File Path                                  PID    Runtime      # DAGs    # Errors  Last Runtime    Last Run               Last # of DB Queries
-----------------------------------------  -----  ---------  --------  ----------  --------------  -------------------  ----------------------
/opt/airflow/dags/driven_data_pipeline.py                           1           0  0.13s           2025-10-18T19:30:53                      12
================================================================================
[2025-10-18T19:31:24.541+0000] {manager.py:821} INFO - Searching for files in /opt/airflow/dags
[2025-10-18T19:31:24.568+0000] {manager.py:824} INFO - There are 1 files in /opt/airflow/dags
[2025-10-18T19:31:45.689+0000] {manager.py:997} INFO - 
================================================================================
DAG File Processing Stats

File Path                                  PID    Runtime      # DAGs    # Errors  Last Runtime    Last Run               Last # of DB Queries
-----------------------------------------  -----  ---------  --------  ----------  --------------  -------------------  ----------------------
/opt/airflow/dags/driven_data_pipeline.py                           1           0  0.14s           2025-10-18T19:31:23                      12
================================================================================
[2025-10-18T19:32:15.931+0000] {manager.py:997} INFO - 
================================================================================
DAG File Processing Stats

File Path                                  PID    Runtime      # DAGs    # Errors  Last Runtime    Last Run               Last # of DB Queries
-----------------------------------------  -----  ---------  --------  ----------  --------------  -------------------  ----------------------
/opt/airflow/dags/driven_data_pipeline.py                           1           0  0.14s           2025-10-18T19:31:53                      12
================================================================================
[2025-10-18T19:32:46.291+0000] {manager.py:997} INFO - 
================================================================================
DAG File Processing Stats

File Path                                  PID    Runtime      # DAGs    # Errors  Last Runtime    Last Run               Last # of DB Queries
-----------------------------------------  -----  ---------  --------  ----------  --------------  -------------------  ----------------------
/opt/airflow/dags/driven_data_pipeline.py                           1           0  0.26s           2025-10-18T19:32:24                      12
================================================================================
[2025-10-18T19:33:16.676+0000] {manager.py:997} INFO - 
================================================================================
DAG File Processing Stats

File Path                                  PID    Runtime      # DAGs    # Errors  Last Runtime    Last Run               Last # of DB Queries
-----------------------------------------  -----  ---------  --------  ----------  --------------  -------------------  ----------------------
/opt/airflow/dags/driven_data_pipeline.py                           1           0  0.13s           2025-10-18T19:32:54                      12
================================================================================
[2025-10-18T19:33:46.948+0000] {manager.py:997} INFO - 
================================================================================
DAG File Processing Stats

File Path                                  PID    Runtime      # DAGs    # Errors  Last Runtime    Last Run               Last # of DB Queries
-----------------------------------------  -----  ---------  --------  ----------  --------------  -------------------  ----------------------
/opt/airflow/dags/driven_data_pipeline.py                           1           0  0.11s           2025-10-18T19:33:24                      12
================================================================================
[2025-10-18T19:34:17.314+0000] {manager.py:997} INFO - 
================================================================================
DAG File Processing Stats

File Path                                  PID    Runtime      # DAGs    # Errors  Last Runtime    Last Run               Last # of DB Queries
-----------------------------------------  -----  ---------  --------  ----------  --------------  -------------------  ----------------------
/opt/airflow/dags/driven_data_pipeline.py                           1           0  0.15s           2025-10-18T19:33:55                      12
================================================================================
[2025-10-18T19:34:47.599+0000] {manager.py:997} INFO - 
================================================================================
DAG File Processing Stats

File Path                                  PID    Runtime      # DAGs    # Errors  Last Runtime    Last Run               Last # of DB Queries
-----------------------------------------  -----  ---------  --------  ----------  --------------  -------------------  ----------------------
/opt/airflow/dags/driven_data_pipeline.py                           1           0  0.13s           2025-10-18T19:34:25                      12
================================================================================
[2025-10-18T19:35:17.958+0000] {manager.py:997} INFO - 
================================================================================
DAG File Processing Stats

File Path                                  PID    Runtime      # DAGs    # Errors  Last Runtime    Last Run               Last # of DB Queries
-----------------------------------------  -----  ---------  --------  ----------  --------------  -------------------  ----------------------
/opt/airflow/dags/driven_data_pipeline.py                           1           0  0.12s           2025-10-18T19:34:55                      12
================================================================================
[2025-10-18T19:35:48.327+0000] {manager.py:997} INFO - 
================================================================================
DAG File Processing Stats

File Path                                  PID    Runtime      # DAGs    # Errors  Last Runtime    Last Run               Last # of DB Queries
-----------------------------------------  -----  ---------  --------  ----------  --------------  -------------------  ----------------------
/opt/airflow/dags/driven_data_pipeline.py                           1           0  0.12s           2025-10-18T19:35:26                      12
================================================================================
[2025-10-18T19:36:18.728+0000] {manager.py:997} INFO - 
================================================================================
DAG File Processing Stats

File Path                                  PID    Runtime      # DAGs    # Errors  Last Runtime    Last Run               Last # of DB Queries
-----------------------------------------  -----  ---------  --------  ----------  --------------  -------------------  ----------------------
/opt/airflow/dags/driven_data_pipeline.py                           1           0  0.15s           2025-10-18T19:35:56                      12
================================================================================
[2025-10-18T19:36:24.790+0000] {manager.py:821} INFO - Searching for files in /opt/airflow/dags
[2025-10-18T19:36:24.795+0000] {manager.py:824} INFO - There are 1 files in /opt/airflow/dags
[2025-10-18T19:36:49.067+0000] {manager.py:997} INFO - 
================================================================================
DAG File Processing Stats

File Path                                  PID    Runtime      # DAGs    # Errors  Last Runtime    Last Run               Last # of DB Queries
-----------------------------------------  -----  ---------  --------  ----------  --------------  -------------------  ----------------------
/opt/airflow/dags/driven_data_pipeline.py                           1           0  0.13s           2025-10-18T19:36:26                      12
================================================================================
[2025-10-18T19:37:19.465+0000] {manager.py:997} INFO - 
================================================================================
DAG File Processing Stats

File Path                                  PID    Runtime      # DAGs    # Errors  Last Runtime    Last Run               Last # of DB Queries
-----------------------------------------  -----  ---------  --------  ----------  --------------  -------------------  ----------------------
/opt/airflow/dags/driven_data_pipeline.py                           1           0  0.15s           2025-10-18T19:36:57                      12
================================================================================
[2025-10-18T19:37:49.773+0000] {manager.py:997} INFO - 
================================================================================
DAG File Processing Stats

File Path                                  PID    Runtime      # DAGs    # Errors  Last Runtime    Last Run               Last # of DB Queries
-----------------------------------------  -----  ---------  --------  ----------  --------------  -------------------  ----------------------
/opt/airflow/dags/driven_data_pipeline.py                           1           0  0.11s           2025-10-18T19:37:27                      12
================================================================================
[2025-10-18T19:38:20.151+0000] {manager.py:997} INFO - 
================================================================================
DAG File Processing Stats

File Path                                  PID    Runtime      # DAGs    # Errors  Last Runtime    Last Run               Last # of DB Queries
-----------------------------------------  -----  ---------  --------  ----------  --------------  -------------------  ----------------------
/opt/airflow/dags/driven_data_pipeline.py                           1           0  0.13s           2025-10-18T19:37:58                      12
================================================================================
[2025-10-18T19:38:50.480+0000] {manager.py:997} INFO - 
================================================================================
DAG File Processing Stats

File Path                                  PID    Runtime      # DAGs    # Errors  Last Runtime    Last Run               Last # of DB Queries
-----------------------------------------  -----  ---------  --------  ----------  --------------  -------------------  ----------------------
/opt/airflow/dags/driven_data_pipeline.py                           1           0  0.12s           2025-10-18T19:38:28                      12
================================================================================
[2025-10-18T19:39:20.831+0000] {manager.py:997} INFO - 
================================================================================
DAG File Processing Stats

File Path                                  PID    Runtime      # DAGs    # Errors  Last Runtime    Last Run               Last # of DB Queries
-----------------------------------------  -----  ---------  --------  ----------  --------------  -------------------  ----------------------
/opt/airflow/dags/driven_data_pipeline.py                           1           0  0.11s           2025-10-18T19:38:58                      12
================================================================================
[2025-10-18T19:39:51.144+0000] {manager.py:997} INFO - 
================================================================================
DAG File Processing Stats

File Path                                  PID    Runtime      # DAGs    # Errors  Last Runtime    Last Run               Last # of DB Queries
-----------------------------------------  -----  ---------  --------  ----------  --------------  -------------------  ----------------------
/opt/airflow/dags/driven_data_pipeline.py                           1           0  0.13s           2025-10-18T19:39:29                      12
================================================================================
[2025-10-18T19:40:21.462+0000] {manager.py:997} INFO - 
================================================================================
DAG File Processing Stats

File Path                                  PID    Runtime      # DAGs    # Errors  Last Runtime    Last Run               Last # of DB Queries
-----------------------------------------  -----  ---------  --------  ----------  --------------  -------------------  ----------------------
/opt/airflow/dags/driven_data_pipeline.py                           1           0  0.11s           2025-10-18T19:39:59                      12
================================================================================
[2025-10-18T19:40:51.838+0000] {manager.py:997} INFO - 
================================================================================
DAG File Processing Stats

File Path                                  PID    Runtime      # DAGs    # Errors  Last Runtime    Last Run               Last # of DB Queries
-----------------------------------------  -----  ---------  --------  ----------  --------------  -------------------  ----------------------
/opt/airflow/dags/driven_data_pipeline.py                           1           0  0.12s           2025-10-18T19:40:29                      12
================================================================================
[2025-10-18T19:41:22.169+0000] {manager.py:997} INFO - 
================================================================================
DAG File Processing Stats

File Path                                  PID    Runtime      # DAGs    # Errors  Last Runtime    Last Run               Last # of DB Queries
-----------------------------------------  -----  ---------  --------  ----------  --------------  -------------------  ----------------------
/opt/airflow/dags/driven_data_pipeline.py                           1           0  0.13s           2025-10-18T19:41:00                      12
================================================================================
[2025-10-18T19:41:25.200+0000] {manager.py:821} INFO - Searching for files in /opt/airflow/dags
[2025-10-18T19:41:25.205+0000] {manager.py:824} INFO - There are 1 files in /opt/airflow/dags
[2025-10-18T19:41:52.554+0000] {manager.py:997} INFO - 
================================================================================
DAG File Processing Stats

File Path                                  PID    Runtime      # DAGs    # Errors  Last Runtime    Last Run               Last # of DB Queries
-----------------------------------------  -----  ---------  --------  ----------  --------------  -------------------  ----------------------
/opt/airflow/dags/driven_data_pipeline.py                           1           0  0.12s           2025-10-18T19:41:30                      12
================================================================================
[2025-10-18T19:42:22.874+0000] {manager.py:997} INFO - 
================================================================================
DAG File Processing Stats

File Path                                  PID    Runtime      # DAGs    # Errors  Last Runtime    Last Run               Last # of DB Queries
-----------------------------------------  -----  ---------  --------  ----------  --------------  -------------------  ----------------------
/opt/airflow/dags/driven_data_pipeline.py                           1           0  0.12s           2025-10-18T19:42:00                      12
================================================================================
[2025-10-18T19:42:53.242+0000] {manager.py:997} INFO - 
================================================================================
DAG File Processing Stats

File Path                                  PID    Runtime      # DAGs    # Errors  Last Runtime    Last Run               Last # of DB Queries
-----------------------------------------  -----  ---------  --------  ----------  --------------  -------------------  ----------------------
/opt/airflow/dags/driven_data_pipeline.py                           1           0  0.12s           2025-10-18T19:42:31                      12
================================================================================
[2025-10-18T19:43:23.607+0000] {manager.py:997} INFO - 
================================================================================
DAG File Processing Stats

File Path                                  PID    Runtime      # DAGs    # Errors  Last Runtime    Last Run               Last # of DB Queries
-----------------------------------------  -----  ---------  --------  ----------  --------------  -------------------  ----------------------
/opt/airflow/dags/driven_data_pipeline.py                           1           0  0.13s           2025-10-18T19:43:01                      12
================================================================================
[2025-10-18T19:43:53.998+0000] {manager.py:997} INFO - 
================================================================================
DAG File Processing Stats

File Path                                  PID    Runtime      # DAGs    # Errors  Last Runtime    Last Run               Last # of DB Queries
-----------------------------------------  -----  ---------  --------  ----------  --------------  -------------------  ----------------------
/opt/airflow/dags/driven_data_pipeline.py                           1           0  0.17s           2025-10-18T19:43:31                      12
================================================================================
[2025-10-18T19:44:24.327+0000] {manager.py:997} INFO - 
================================================================================
DAG File Processing Stats

File Path                                  PID    Runtime      # DAGs    # Errors  Last Runtime    Last Run               Last # of DB Queries
-----------------------------------------  -----  ---------  --------  ----------  --------------  -------------------  ----------------------
/opt/airflow/dags/driven_data_pipeline.py                           1           0  0.15s           2025-10-18T19:44:02                      12
================================================================================
[2025-10-18T19:44:54.621+0000] {manager.py:997} INFO - 
================================================================================
DAG File Processing Stats

File Path                                  PID    Runtime      # DAGs    # Errors  Last Runtime    Last Run               Last # of DB Queries
-----------------------------------------  -----  ---------  --------  ----------  --------------  -------------------  ----------------------
/opt/airflow/dags/driven_data_pipeline.py                           1           0  0.14s           2025-10-18T19:44:32                      12
================================================================================
[2025-10-18T19:45:24.885+0000] {manager.py:997} INFO - 
================================================================================
DAG File Processing Stats

File Path                                  PID    Runtime      # DAGs    # Errors  Last Runtime    Last Run               Last # of DB Queries
-----------------------------------------  -----  ---------  --------  ----------  --------------  -------------------  ----------------------
/opt/airflow/dags/driven_data_pipeline.py                           1           0  0.11s           2025-10-18T19:45:02                      12
================================================================================
[2025-10-18T19:45:55.178+0000] {manager.py:997} INFO - 
================================================================================
DAG File Processing Stats

File Path                                  PID    Runtime      # DAGs    # Errors  Last Runtime    Last Run               Last # of DB Queries
-----------------------------------------  -----  ---------  --------  ----------  --------------  -------------------  ----------------------
/opt/airflow/dags/driven_data_pipeline.py                           1           0  0.12s           2025-10-18T19:45:33                      12
================================================================================
[2025-10-18T19:46:25.585+0000] {manager.py:821} INFO - Searching for files in /opt/airflow/dags
[2025-10-18T19:46:25.590+0000] {manager.py:824} INFO - There are 1 files in /opt/airflow/dags
[2025-10-18T19:46:25.603+0000] {manager.py:997} INFO - 
================================================================================
DAG File Processing Stats

File Path                                  PID    Runtime      # DAGs    # Errors  Last Runtime    Last Run               Last # of DB Queries
-----------------------------------------  -----  ---------  --------  ----------  --------------  -------------------  ----------------------
/opt/airflow/dags/driven_data_pipeline.py                           1           0  0.10s           2025-10-18T19:46:03                      12
================================================================================
[2025-10-18T19:46:55.931+0000] {manager.py:997} INFO - 
================================================================================
DAG File Processing Stats

File Path                                  PID    Runtime      # DAGs    # Errors  Last Runtime    Last Run               Last # of DB Queries
-----------------------------------------  -----  ---------  --------  ----------  --------------  -------------------  ----------------------
/opt/airflow/dags/driven_data_pipeline.py                           1           0  0.12s           2025-10-18T19:46:33                      12
================================================================================
[2025-10-18T19:47:26.306+0000] {manager.py:997} INFO - 
================================================================================
DAG File Processing Stats

File Path                                  PID    Runtime      # DAGs    # Errors  Last Runtime    Last Run               Last # of DB Queries
-----------------------------------------  -----  ---------  --------  ----------  --------------  -------------------  ----------------------
/opt/airflow/dags/driven_data_pipeline.py                           1           0  0.14s           2025-10-18T19:47:04                      12
================================================================================
[2025-10-18T19:47:56.652+0000] {manager.py:997} INFO - 
================================================================================
DAG File Processing Stats

File Path                                  PID    Runtime      # DAGs    # Errors  Last Runtime    Last Run               Last # of DB Queries
-----------------------------------------  -----  ---------  --------  ----------  --------------  -------------------  ----------------------
/opt/airflow/dags/driven_data_pipeline.py                           1           0  0.15s           2025-10-18T19:47:34                      12
================================================================================
[2025-10-18T19:48:26.944+0000] {manager.py:997} INFO - 
================================================================================
DAG File Processing Stats

File Path                                  PID    Runtime      # DAGs    # Errors  Last Runtime    Last Run               Last # of DB Queries
-----------------------------------------  -----  ---------  --------  ----------  --------------  -------------------  ----------------------
/opt/airflow/dags/driven_data_pipeline.py                           1           0  0.10s           2025-10-18T19:48:04                      12
================================================================================
[2025-10-18T19:48:57.334+0000] {manager.py:997} INFO - 
================================================================================
DAG File Processing Stats

File Path                                  PID    Runtime      # DAGs    # Errors  Last Runtime    Last Run               Last # of DB Queries
-----------------------------------------  -----  ---------  --------  ----------  --------------  -------------------  ----------------------
/opt/airflow/dags/driven_data_pipeline.py                           1           0  0.11s           2025-10-18T19:48:35                      12
================================================================================
[2025-10-18T19:49:27.665+0000] {manager.py:997} INFO - 
================================================================================
DAG File Processing Stats

File Path                                  PID    Runtime      # DAGs    # Errors  Last Runtime    Last Run               Last # of DB Queries
-----------------------------------------  -----  ---------  --------  ----------  --------------  -------------------  ----------------------
/opt/airflow/dags/driven_data_pipeline.py                           1           0  0.13s           2025-10-18T19:49:05                      12
================================================================================
[2025-10-18T19:49:58.087+0000] {manager.py:997} INFO - 
================================================================================
DAG File Processing Stats

File Path                                  PID    Runtime      # DAGs    # Errors  Last Runtime    Last Run               Last # of DB Queries
-----------------------------------------  -----  ---------  --------  ----------  --------------  -------------------  ----------------------
/opt/airflow/dags/driven_data_pipeline.py                           1           0  0.13s           2025-10-18T19:49:35                      12
================================================================================
[2025-10-18T19:50:28.381+0000] {manager.py:997} INFO - 
================================================================================
DAG File Processing Stats

File Path                                  PID    Runtime      # DAGs    # Errors  Last Runtime    Last Run               Last # of DB Queries
-----------------------------------------  -----  ---------  --------  ----------  --------------  -------------------  ----------------------
/opt/airflow/dags/driven_data_pipeline.py                           1           0  0.12s           2025-10-18T19:50:06                      12
================================================================================
[2025-10-18T19:50:58.780+0000] {manager.py:997} INFO - 
================================================================================
DAG File Processing Stats

File Path                                  PID    Runtime      # DAGs    # Errors  Last Runtime    Last Run               Last # of DB Queries
-----------------------------------------  -----  ---------  --------  ----------  --------------  -------------------  ----------------------
/opt/airflow/dags/driven_data_pipeline.py                           1           0  0.14s           2025-10-18T19:50:36                      12
================================================================================
[2025-10-18T19:51:26.081+0000] {manager.py:821} INFO - Searching for files in /opt/airflow/dags
[2025-10-18T19:51:26.086+0000] {manager.py:824} INFO - There are 1 files in /opt/airflow/dags
[2025-10-18T19:51:29.135+0000] {manager.py:997} INFO - 
================================================================================
DAG File Processing Stats

File Path                                  PID    Runtime      # DAGs    # Errors  Last Runtime    Last Run               Last # of DB Queries
-----------------------------------------  -----  ---------  --------  ----------  --------------  -------------------  ----------------------
/opt/airflow/dags/driven_data_pipeline.py                           1           0  0.12s           2025-10-18T19:51:06                      12
================================================================================
[2025-10-18T19:51:59.470+0000] {manager.py:997} INFO - 
================================================================================
DAG File Processing Stats

File Path                                  PID    Runtime      # DAGs    # Errors  Last Runtime    Last Run               Last # of DB Queries
-----------------------------------------  -----  ---------  --------  ----------  --------------  -------------------  ----------------------
/opt/airflow/dags/driven_data_pipeline.py                           1           0  0.13s           2025-10-18T19:51:37                      12
================================================================================
[2025-10-18T19:52:29.742+0000] {manager.py:997} INFO - 
================================================================================
DAG File Processing Stats

File Path                                  PID    Runtime      # DAGs    # Errors  Last Runtime    Last Run               Last # of DB Queries
-----------------------------------------  -----  ---------  --------  ----------  --------------  -------------------  ----------------------
/opt/airflow/dags/driven_data_pipeline.py                           1           0  0.13s           2025-10-18T19:52:07                      12
================================================================================
[2025-10-18T19:53:00.145+0000] {manager.py:997} INFO - 
================================================================================
DAG File Processing Stats

File Path                                  PID    Runtime      # DAGs    # Errors  Last Runtime    Last Run               Last # of DB Queries
-----------------------------------------  -----  ---------  --------  ----------  --------------  -------------------  ----------------------
/opt/airflow/dags/driven_data_pipeline.py                           1           0  0.13s           2025-10-18T19:52:37                      12
================================================================================
[2025-10-18T19:53:30.389+0000] {manager.py:997} INFO - 
================================================================================
DAG File Processing Stats

File Path                                  PID    Runtime      # DAGs    # Errors  Last Runtime    Last Run               Last # of DB Queries
-----------------------------------------  -----  ---------  --------  ----------  --------------  -------------------  ----------------------
/opt/airflow/dags/driven_data_pipeline.py                           1           0  0.14s           2025-10-18T19:53:08                      12
================================================================================
[2025-10-18T19:54:00.832+0000] {manager.py:997} INFO - 
================================================================================
DAG File Processing Stats

File Path                                  PID    Runtime      # DAGs    # Errors  Last Runtime    Last Run               Last # of DB Queries
-----------------------------------------  -----  ---------  --------  ----------  --------------  -------------------  ----------------------
/opt/airflow/dags/driven_data_pipeline.py                           1           0  0.15s           2025-10-18T19:53:38                      12
================================================================================
[2025-10-18T19:54:31.129+0000] {manager.py:997} INFO - 
================================================================================
DAG File Processing Stats

File Path                                  PID    Runtime      # DAGs    # Errors  Last Runtime    Last Run               Last # of DB Queries
-----------------------------------------  -----  ---------  --------  ----------  --------------  -------------------  ----------------------
/opt/airflow/dags/driven_data_pipeline.py                           1           0  0.14s           2025-10-18T19:54:09                      12
================================================================================
[2025-10-18T19:55:01.494+0000] {manager.py:997} INFO - 
================================================================================
DAG File Processing Stats

File Path                                  PID    Runtime      # DAGs    # Errors  Last Runtime    Last Run               Last # of DB Queries
-----------------------------------------  -----  ---------  --------  ----------  --------------  -------------------  ----------------------
/opt/airflow/dags/driven_data_pipeline.py                           1           0  0.15s           2025-10-18T19:54:39                      12
================================================================================
[2025-10-18T19:55:31.787+0000] {manager.py:997} INFO - 
================================================================================
DAG File Processing Stats

File Path                                  PID    Runtime      # DAGs    # Errors  Last Runtime    Last Run               Last # of DB Queries
-----------------------------------------  -----  ---------  --------  ----------  --------------  -------------------  ----------------------
/opt/airflow/dags/driven_data_pipeline.py                           1           0  0.13s           2025-10-18T19:55:09                      12
================================================================================
[2025-10-18T19:56:02.109+0000] {manager.py:997} INFO - 
================================================================================
DAG File Processing Stats

File Path                                  PID    Runtime      # DAGs    # Errors  Last Runtime    Last Run               Last # of DB Queries
-----------------------------------------  -----  ---------  --------  ----------  --------------  -------------------  ----------------------
/opt/airflow/dags/driven_data_pipeline.py                           1           0  0.13s           2025-10-18T19:55:39                      12
================================================================================
[2025-10-18T19:56:26.345+0000] {manager.py:821} INFO - Searching for files in /opt/airflow/dags
[2025-10-18T19:56:26.347+0000] {manager.py:824} INFO - There are 1 files in /opt/airflow/dags
[2025-10-18T19:56:32.405+0000] {manager.py:997} INFO - 
================================================================================
DAG File Processing Stats

File Path                                  PID    Runtime      # DAGs    # Errors  Last Runtime    Last Run               Last # of DB Queries
-----------------------------------------  -----  ---------  --------  ----------  --------------  -------------------  ----------------------
/opt/airflow/dags/driven_data_pipeline.py                           1           0  0.12s           2025-10-18T19:56:10                      12
================================================================================
[2025-10-18T19:57:02.726+0000] {manager.py:997} INFO - 
================================================================================
DAG File Processing Stats

File Path                                  PID    Runtime      # DAGs    # Errors  Last Runtime    Last Run               Last # of DB Queries
-----------------------------------------  -----  ---------  --------  ----------  --------------  -------------------  ----------------------
/opt/airflow/dags/driven_data_pipeline.py                           1           0  0.12s           2025-10-18T19:56:40                      12
================================================================================
[2025-10-18T19:57:33.011+0000] {manager.py:997} INFO - 
================================================================================
DAG File Processing Stats

File Path                                  PID    Runtime      # DAGs    # Errors  Last Runtime    Last Run               Last # of DB Queries
-----------------------------------------  -----  ---------  --------  ----------  --------------  -------------------  ----------------------
/opt/airflow/dags/driven_data_pipeline.py                           1           0  0.18s           2025-10-18T19:57:10                      12
================================================================================
[2025-10-18T19:58:03.294+0000] {manager.py:997} INFO - 
================================================================================
DAG File Processing Stats

File Path                                  PID    Runtime      # DAGs    # Errors  Last Runtime    Last Run               Last # of DB Queries
-----------------------------------------  -----  ---------  --------  ----------  --------------  -------------------  ----------------------
/opt/airflow/dags/driven_data_pipeline.py                           1           0  0.13s           2025-10-18T19:57:41                      12
================================================================================
[2025-10-18T19:58:33.663+0000] {manager.py:997} INFO - 
================================================================================
DAG File Processing Stats

File Path                                  PID    Runtime      # DAGs    # Errors  Last Runtime    Last Run               Last # of DB Queries
-----------------------------------------  -----  ---------  --------  ----------  --------------  -------------------  ----------------------
/opt/airflow/dags/driven_data_pipeline.py                           1           0  0.14s           2025-10-18T19:58:11                      12
================================================================================
[2025-10-18T19:59:03.948+0000] {manager.py:997} INFO - 
================================================================================
DAG File Processing Stats

File Path                                  PID    Runtime      # DAGs    # Errors  Last Runtime    Last Run               Last # of DB Queries
-----------------------------------------  -----  ---------  --------  ----------  --------------  -------------------  ----------------------
/opt/airflow/dags/driven_data_pipeline.py                           1           0  0.13s           2025-10-18T19:58:41                      12
================================================================================
[2025-10-18T19:59:34.308+0000] {manager.py:997} INFO - 
================================================================================
DAG File Processing Stats

File Path                                  PID    Runtime      # DAGs    # Errors  Last Runtime    Last Run               Last # of DB Queries
-----------------------------------------  -----  ---------  --------  ----------  --------------  -------------------  ----------------------
/opt/airflow/dags/driven_data_pipeline.py                           1           0  0.13s           2025-10-18T19:59:12                      12
================================================================================
[2025-10-18T20:00:04.602+0000] {manager.py:997} INFO - 
================================================================================
DAG File Processing Stats

File Path                                  PID    Runtime      # DAGs    # Errors  Last Runtime    Last Run               Last # of DB Queries
-----------------------------------------  -----  ---------  --------  ----------  --------------  -------------------  ----------------------
/opt/airflow/dags/driven_data_pipeline.py                           1           0  0.17s           2025-10-18T19:59:42                      12
================================================================================
[2025-10-18T20:00:35.030+0000] {manager.py:997} INFO - 
================================================================================
DAG File Processing Stats

File Path                                  PID    Runtime      # DAGs    # Errors  Last Runtime    Last Run               Last # of DB Queries
-----------------------------------------  -----  ---------  --------  ----------  --------------  -------------------  ----------------------
/opt/airflow/dags/driven_data_pipeline.py                           1           0  0.17s           2025-10-18T20:00:12                      12
================================================================================
[2025-10-18T20:01:05.371+0000] {manager.py:997} INFO - 
================================================================================
DAG File Processing Stats

File Path                                  PID    Runtime      # DAGs    # Errors  Last Runtime    Last Run               Last # of DB Queries
-----------------------------------------  -----  ---------  --------  ----------  --------------  -------------------  ----------------------
/opt/airflow/dags/driven_data_pipeline.py                           1           0  0.14s           2025-10-18T20:00:43                      12
================================================================================
[2025-10-18T20:01:26.613+0000] {manager.py:821} INFO - Searching for files in /opt/airflow/dags
[2025-10-18T20:01:26.618+0000] {manager.py:824} INFO - There are 1 files in /opt/airflow/dags
[2025-10-18T20:01:35.718+0000] {manager.py:997} INFO - 
================================================================================
DAG File Processing Stats

File Path                                  PID    Runtime      # DAGs    # Errors  Last Runtime    Last Run               Last # of DB Queries
-----------------------------------------  -----  ---------  --------  ----------  --------------  -------------------  ----------------------
/opt/airflow/dags/driven_data_pipeline.py                           1           0  0.14s           2025-10-18T20:01:13                      12
================================================================================
[2025-10-18T20:02:06.127+0000] {manager.py:997} INFO - 
================================================================================
DAG File Processing Stats

File Path                                  PID    Runtime      # DAGs    # Errors  Last Runtime    Last Run               Last # of DB Queries
-----------------------------------------  -----  ---------  --------  ----------  --------------  -------------------  ----------------------
/opt/airflow/dags/driven_data_pipeline.py                           1           0  0.13s           2025-10-18T20:01:43                      12
================================================================================
[2025-10-18T20:02:36.420+0000] {manager.py:997} INFO - 
================================================================================
DAG File Processing Stats

File Path                                  PID    Runtime      # DAGs    # Errors  Last Runtime    Last Run               Last # of DB Queries
-----------------------------------------  -----  ---------  --------  ----------  --------------  -------------------  ----------------------
/opt/airflow/dags/driven_data_pipeline.py                           1           0  0.21s           2025-10-18T20:02:14                      12
================================================================================
[2025-10-18T20:03:06.667+0000] {manager.py:997} INFO - 
================================================================================
DAG File Processing Stats

File Path                                  PID    Runtime      # DAGs    # Errors  Last Runtime    Last Run               Last # of DB Queries
-----------------------------------------  -----  ---------  --------  ----------  --------------  -------------------  ----------------------
/opt/airflow/dags/driven_data_pipeline.py                           1           0  0.15s           2025-10-18T20:02:44                      12
================================================================================
[2025-10-18T20:03:37.089+0000] {manager.py:997} INFO - 
================================================================================
DAG File Processing Stats

File Path                                    PID  Runtime      # DAGs    # Errors  Last Runtime    Last Run               Last # of DB Queries
-----------------------------------------  -----  ---------  --------  ----------  --------------  -------------------  ----------------------
/opt/airflow/dags/driven_data_pipeline.py   2784  0.01s             1           0  0.15s           2025-10-18T20:03:14                      12
================================================================================
[2025-10-18T20:04:07.390+0000] {manager.py:997} INFO - 
================================================================================
DAG File Processing Stats

File Path                                    PID  Runtime      # DAGs    # Errors  Last Runtime    Last Run               Last # of DB Queries
-----------------------------------------  -----  ---------  --------  ----------  --------------  -------------------  ----------------------
/opt/airflow/dags/driven_data_pipeline.py   2792  0.01s             1           0  0.17s           2025-10-18T20:03:37                      12
================================================================================
[2025-10-18T20:04:37.775+0000] {manager.py:997} INFO - 
================================================================================
DAG File Processing Stats

File Path                                    PID  Runtime      # DAGs    # Errors  Last Runtime    Last Run               Last # of DB Queries
-----------------------------------------  -----  ---------  --------  ----------  --------------  -------------------  ----------------------
/opt/airflow/dags/driven_data_pipeline.py   2800  0.01s             1           0  0.13s           2025-10-18T20:04:07                      12
================================================================================
[2025-10-18T20:05:08.081+0000] {manager.py:997} INFO - 
================================================================================
DAG File Processing Stats

File Path                                    PID  Runtime      # DAGs    # Errors  Last Runtime    Last Run               Last # of DB Queries
-----------------------------------------  -----  ---------  --------  ----------  --------------  -------------------  ----------------------
/opt/airflow/dags/driven_data_pipeline.py   2808  0.00s             1           0  0.12s           2025-10-18T20:04:37                      12
================================================================================
[2025-10-18T20:05:38.415+0000] {manager.py:997} INFO - 
================================================================================
DAG File Processing Stats

File Path                                    PID  Runtime      # DAGs    # Errors  Last Runtime    Last Run               Last # of DB Queries
-----------------------------------------  -----  ---------  --------  ----------  --------------  -------------------  ----------------------
/opt/airflow/dags/driven_data_pipeline.py   2816  0.00s             1           0  0.11s           2025-10-18T20:05:08                      12
================================================================================
[2025-10-18T20:06:08.738+0000] {manager.py:997} INFO - 
================================================================================
DAG File Processing Stats

File Path                                    PID  Runtime      # DAGs    # Errors  Last Runtime    Last Run               Last # of DB Queries
-----------------------------------------  -----  ---------  --------  ----------  --------------  -------------------  ----------------------
/opt/airflow/dags/driven_data_pipeline.py   2824  0.01s             1           0  0.11s           2025-10-18T20:05:38                      12
================================================================================
[2025-10-18T20:06:26.935+0000] {manager.py:821} INFO - Searching for files in /opt/airflow/dags
[2025-10-18T20:06:26.941+0000] {manager.py:824} INFO - There are 1 files in /opt/airflow/dags
[2025-10-18T20:06:39.091+0000] {manager.py:997} INFO - 
================================================================================
DAG File Processing Stats

File Path                                    PID  Runtime      # DAGs    # Errors  Last Runtime    Last Run               Last # of DB Queries
-----------------------------------------  -----  ---------  --------  ----------  --------------  -------------------  ----------------------
/opt/airflow/dags/driven_data_pipeline.py   2838  0.01s             1           0  0.12s           2025-10-18T20:06:08                      12
================================================================================
[2025-10-18T20:07:09.427+0000] {manager.py:997} INFO - 
================================================================================
DAG File Processing Stats

File Path                                    PID  Runtime      # DAGs    # Errors  Last Runtime    Last Run               Last # of DB Queries
-----------------------------------------  -----  ---------  --------  ----------  --------------  -------------------  ----------------------
/opt/airflow/dags/driven_data_pipeline.py   2846  0.01s             1           0  0.11s           2025-10-18T20:06:39                      12
================================================================================
[2025-10-18T20:07:39.723+0000] {manager.py:997} INFO - 
================================================================================
DAG File Processing Stats

File Path                                    PID  Runtime      # DAGs    # Errors  Last Runtime    Last Run               Last # of DB Queries
-----------------------------------------  -----  ---------  --------  ----------  --------------  -------------------  ----------------------
/opt/airflow/dags/driven_data_pipeline.py   2854  0.00s             1           0  0.11s           2025-10-18T20:07:09                      12
================================================================================
[2025-10-18T20:08:10.058+0000] {manager.py:997} INFO - 
================================================================================
DAG File Processing Stats

File Path                                    PID  Runtime      # DAGs    # Errors  Last Runtime    Last Run               Last # of DB Queries
-----------------------------------------  -----  ---------  --------  ----------  --------------  -------------------  ----------------------
/opt/airflow/dags/driven_data_pipeline.py   2862  0.00s             1           0  0.10s           2025-10-18T20:07:39                      12
================================================================================
[2025-10-18T20:08:40.326+0000] {manager.py:997} INFO - 
================================================================================
DAG File Processing Stats

File Path                                    PID  Runtime      # DAGs    # Errors  Last Runtime    Last Run               Last # of DB Queries
-----------------------------------------  -----  ---------  --------  ----------  --------------  -------------------  ----------------------
/opt/airflow/dags/driven_data_pipeline.py   2870  0.01s             1           0  0.11s           2025-10-18T20:08:10                      12
================================================================================
[2025-10-18T20:09:10.650+0000] {manager.py:997} INFO - 
================================================================================
DAG File Processing Stats

File Path                                    PID  Runtime      # DAGs    # Errors  Last Runtime    Last Run               Last # of DB Queries
-----------------------------------------  -----  ---------  --------  ----------  --------------  -------------------  ----------------------
/opt/airflow/dags/driven_data_pipeline.py   2878  0.00s             1           0  0.12s           2025-10-18T20:08:40                      12
================================================================================
[2025-10-18T20:09:40.888+0000] {manager.py:997} INFO - 
================================================================================
DAG File Processing Stats

File Path                                    PID  Runtime      # DAGs    # Errors  Last Runtime    Last Run               Last # of DB Queries
-----------------------------------------  -----  ---------  --------  ----------  --------------  -------------------  ----------------------
/opt/airflow/dags/driven_data_pipeline.py   2886  0.01s             1           0  0.12s           2025-10-18T20:09:10                      12
================================================================================
[2025-10-18T20:10:11.203+0000] {manager.py:997} INFO - 
================================================================================
DAG File Processing Stats

File Path                                    PID  Runtime      # DAGs    # Errors  Last Runtime    Last Run               Last # of DB Queries
-----------------------------------------  -----  ---------  --------  ----------  --------------  -------------------  ----------------------
/opt/airflow/dags/driven_data_pipeline.py   2894  0.01s             1           0  0.12s           2025-10-18T20:09:40                      12
================================================================================
[2025-10-18T20:10:41.599+0000] {manager.py:997} INFO - 
================================================================================
DAG File Processing Stats

File Path                                    PID  Runtime      # DAGs    # Errors  Last Runtime    Last Run               Last # of DB Queries
-----------------------------------------  -----  ---------  --------  ----------  --------------  -------------------  ----------------------
/opt/airflow/dags/driven_data_pipeline.py   2902  0.01s             1           0  0.12s           2025-10-18T20:10:11                      12
================================================================================
[2025-10-18T20:11:11.907+0000] {manager.py:997} INFO - 
================================================================================
DAG File Processing Stats

File Path                                    PID  Runtime      # DAGs    # Errors  Last Runtime    Last Run               Last # of DB Queries
-----------------------------------------  -----  ---------  --------  ----------  --------------  -------------------  ----------------------
/opt/airflow/dags/driven_data_pipeline.py   2910  0.00s             1           0  0.12s           2025-10-18T20:10:41                      12
================================================================================
[2025-10-18T20:11:27.158+0000] {manager.py:821} INFO - Searching for files in /opt/airflow/dags
[2025-10-18T20:11:27.162+0000] {manager.py:824} INFO - There are 1 files in /opt/airflow/dags
[2025-10-18T20:11:42.336+0000] {manager.py:997} INFO - 
================================================================================
DAG File Processing Stats

File Path                                    PID  Runtime      # DAGs    # Errors  Last Runtime    Last Run               Last # of DB Queries
-----------------------------------------  -----  ---------  --------  ----------  --------------  -------------------  ----------------------
/opt/airflow/dags/driven_data_pipeline.py   2918  0.01s             1           0  0.13s           2025-10-18T20:11:12                      12
================================================================================
[2025-10-18T20:12:12.718+0000] {manager.py:997} INFO - 
================================================================================
DAG File Processing Stats

File Path                                    PID  Runtime      # DAGs    # Errors  Last Runtime    Last Run               Last # of DB Queries
-----------------------------------------  -----  ---------  --------  ----------  --------------  -------------------  ----------------------
/opt/airflow/dags/driven_data_pipeline.py   2926  0.01s             1           0  0.11s           2025-10-18T20:11:42                      12
================================================================================
[2025-10-18T20:12:43.091+0000] {manager.py:997} INFO - 
================================================================================
DAG File Processing Stats

File Path                                    PID  Runtime      # DAGs    # Errors  Last Runtime    Last Run               Last # of DB Queries
-----------------------------------------  -----  ---------  --------  ----------  --------------  -------------------  ----------------------
/opt/airflow/dags/driven_data_pipeline.py   2934  0.01s             1           0  0.12s           2025-10-18T20:12:12                      12
================================================================================
[2025-10-18T20:13:13.429+0000] {manager.py:997} INFO - 
================================================================================
DAG File Processing Stats

File Path                                    PID  Runtime      # DAGs    # Errors  Last Runtime    Last Run               Last # of DB Queries
-----------------------------------------  -----  ---------  --------  ----------  --------------  -------------------  ----------------------
/opt/airflow/dags/driven_data_pipeline.py   2942  0.01s             1           0  0.12s           2025-10-18T20:12:43                      12
================================================================================
[2025-10-18T20:13:43.838+0000] {manager.py:997} INFO - 
================================================================================
DAG File Processing Stats

File Path                                    PID  Runtime      # DAGs    # Errors  Last Runtime    Last Run               Last # of DB Queries
-----------------------------------------  -----  ---------  --------  ----------  --------------  -------------------  ----------------------
/opt/airflow/dags/driven_data_pipeline.py   2950  0.00s             1           0  0.12s           2025-10-18T20:13:13                      12
================================================================================
[2025-10-18T20:14:14.118+0000] {manager.py:997} INFO - 
================================================================================
DAG File Processing Stats

File Path                                    PID  Runtime      # DAGs    # Errors  Last Runtime    Last Run               Last # of DB Queries
-----------------------------------------  -----  ---------  --------  ----------  --------------  -------------------  ----------------------
/opt/airflow/dags/driven_data_pipeline.py   2958  0.00s             1           0  0.11s           2025-10-18T20:13:43                      12
================================================================================
[2025-10-18T20:14:44.559+0000] {manager.py:997} INFO - 
================================================================================
DAG File Processing Stats

File Path                                    PID  Runtime      # DAGs    # Errors  Last Runtime    Last Run               Last # of DB Queries
-----------------------------------------  -----  ---------  --------  ----------  --------------  -------------------  ----------------------
/opt/airflow/dags/driven_data_pipeline.py   2966  0.01s             1           0  0.11s           2025-10-18T20:14:14                      12
================================================================================
[2025-10-18T20:15:14.889+0000] {manager.py:997} INFO - 
================================================================================
DAG File Processing Stats

File Path                                    PID  Runtime      # DAGs    # Errors  Last Runtime    Last Run               Last # of DB Queries
-----------------------------------------  -----  ---------  --------  ----------  --------------  -------------------  ----------------------
/opt/airflow/dags/driven_data_pipeline.py   2974  0.00s             1           0  0.12s           2025-10-18T20:14:44                      12
================================================================================
[2025-10-18T20:15:45.667+0000] {manager.py:997} INFO - 
================================================================================
DAG File Processing Stats

File Path                                    PID  Runtime      # DAGs    # Errors  Last Runtime    Last Run               Last # of DB Queries
-----------------------------------------  -----  ---------  --------  ----------  --------------  -------------------  ----------------------
/opt/airflow/dags/driven_data_pipeline.py   2982  0.00s             1           0  0.11s           2025-10-18T20:15:14                      12
================================================================================
[2025-10-18T20:16:15.996+0000] {manager.py:997} INFO - 
================================================================================
DAG File Processing Stats

File Path                                    PID  Runtime      # DAGs    # Errors  Last Runtime    Last Run               Last # of DB Queries
-----------------------------------------  -----  ---------  --------  ----------  --------------  -------------------  ----------------------
/opt/airflow/dags/driven_data_pipeline.py   2990  0.00s             1           0  0.11s           2025-10-18T20:15:45                      12
================================================================================
[2025-10-18T20:16:27.442+0000] {manager.py:821} INFO - Searching for files in /opt/airflow/dags
[2025-10-18T20:16:27.448+0000] {manager.py:824} INFO - There are 1 files in /opt/airflow/dags
[2025-10-18T20:16:46.824+0000] {manager.py:997} INFO - 
================================================================================
DAG File Processing Stats

File Path                                    PID  Runtime      # DAGs    # Errors  Last Runtime    Last Run               Last # of DB Queries
-----------------------------------------  -----  ---------  --------  ----------  --------------  -------------------  ----------------------
/opt/airflow/dags/driven_data_pipeline.py   2998  0.01s             1           0  0.10s           2025-10-18T20:16:16                      12
================================================================================
[2025-10-18T20:17:17.183+0000] {manager.py:997} INFO - 
================================================================================
DAG File Processing Stats

File Path                                    PID  Runtime      # DAGs    # Errors  Last Runtime    Last Run               Last # of DB Queries
-----------------------------------------  -----  ---------  --------  ----------  --------------  -------------------  ----------------------
/opt/airflow/dags/driven_data_pipeline.py   3006  0.01s             1           0  0.22s           2025-10-18T20:16:47                      12
================================================================================
[2025-10-18T20:17:47.553+0000] {manager.py:997} INFO - 
================================================================================
DAG File Processing Stats

File Path                                    PID  Runtime      # DAGs    # Errors  Last Runtime    Last Run               Last # of DB Queries
-----------------------------------------  -----  ---------  --------  ----------  --------------  -------------------  ----------------------
/opt/airflow/dags/driven_data_pipeline.py   3014  0.01s             1           0  0.14s           2025-10-18T20:17:17                      12
================================================================================
[2025-10-18T20:18:17.825+0000] {manager.py:997} INFO - 
================================================================================
DAG File Processing Stats

File Path                                    PID  Runtime      # DAGs    # Errors  Last Runtime    Last Run               Last # of DB Queries
-----------------------------------------  -----  ---------  --------  ----------  --------------  -------------------  ----------------------
/opt/airflow/dags/driven_data_pipeline.py   3022  0.00s             1           0  0.11s           2025-10-18T20:17:47                      12
================================================================================
[2025-10-18T20:18:48.210+0000] {manager.py:997} INFO - 
================================================================================
DAG File Processing Stats

File Path                                    PID  Runtime      # DAGs    # Errors  Last Runtime    Last Run               Last # of DB Queries
-----------------------------------------  -----  ---------  --------  ----------  --------------  -------------------  ----------------------
/opt/airflow/dags/driven_data_pipeline.py   3030  0.00s             1           0  0.09s           2025-10-18T20:18:17                      12
================================================================================
[2025-10-18T20:19:18.486+0000] {manager.py:997} INFO - 
================================================================================
DAG File Processing Stats

File Path                                    PID  Runtime      # DAGs    # Errors  Last Runtime    Last Run               Last # of DB Queries
-----------------------------------------  -----  ---------  --------  ----------  --------------  -------------------  ----------------------
/opt/airflow/dags/driven_data_pipeline.py   3038  0.00s             1           0  0.11s           2025-10-18T20:18:48                      12
================================================================================
[2025-10-18T20:19:48.845+0000] {manager.py:997} INFO - 
================================================================================
DAG File Processing Stats

File Path                                    PID  Runtime      # DAGs    # Errors  Last Runtime    Last Run               Last # of DB Queries
-----------------------------------------  -----  ---------  --------  ----------  --------------  -------------------  ----------------------
/opt/airflow/dags/driven_data_pipeline.py   3046  0.00s             1           0  0.10s           2025-10-18T20:19:18                      12
================================================================================
[2025-10-18T20:20:19.135+0000] {manager.py:997} INFO - 
================================================================================
DAG File Processing Stats

File Path                                    PID  Runtime      # DAGs    # Errors  Last Runtime    Last Run               Last # of DB Queries
-----------------------------------------  -----  ---------  --------  ----------  --------------  -------------------  ----------------------
/opt/airflow/dags/driven_data_pipeline.py   3054  0.00s             1           0  0.09s           2025-10-18T20:19:48                      12
================================================================================
[2025-10-18T20:20:49.507+0000] {manager.py:997} INFO - 
================================================================================
DAG File Processing Stats

File Path                                    PID  Runtime      # DAGs    # Errors  Last Runtime    Last Run               Last # of DB Queries
-----------------------------------------  -----  ---------  --------  ----------  --------------  -------------------  ----------------------
/opt/airflow/dags/driven_data_pipeline.py   3062  0.01s             1           0  0.10s           2025-10-18T20:20:19                      12
================================================================================
[2025-10-18T20:21:19.838+0000] {manager.py:997} INFO - 
================================================================================
DAG File Processing Stats

File Path                                    PID  Runtime      # DAGs    # Errors  Last Runtime    Last Run               Last # of DB Queries
-----------------------------------------  -----  ---------  --------  ----------  --------------  -------------------  ----------------------
/opt/airflow/dags/driven_data_pipeline.py   3070  0.01s             1           0  0.12s           2025-10-18T20:20:49                      12
================================================================================
[2025-10-18T20:21:27.933+0000] {manager.py:821} INFO - Searching for files in /opt/airflow/dags
[2025-10-18T20:21:27.937+0000] {manager.py:824} INFO - There are 1 files in /opt/airflow/dags
[2025-10-18T20:21:50.157+0000] {manager.py:997} INFO - 
================================================================================
DAG File Processing Stats

File Path                                    PID  Runtime      # DAGs    # Errors  Last Runtime    Last Run               Last # of DB Queries
-----------------------------------------  -----  ---------  --------  ----------  --------------  -------------------  ----------------------
/opt/airflow/dags/driven_data_pipeline.py   3078  0.00s             1           0  0.12s           2025-10-18T20:21:19                      12
================================================================================
[2025-10-18T20:22:20.411+0000] {manager.py:997} INFO - 
================================================================================
DAG File Processing Stats

File Path                                    PID  Runtime      # DAGs    # Errors  Last Runtime    Last Run               Last # of DB Queries
-----------------------------------------  -----  ---------  --------  ----------  --------------  -------------------  ----------------------
/opt/airflow/dags/driven_data_pipeline.py   3086  0.00s             1           0  0.12s           2025-10-18T20:21:50                      12
================================================================================
[2025-10-18T20:22:50.843+0000] {manager.py:997} INFO - 
================================================================================
DAG File Processing Stats

File Path                                    PID  Runtime      # DAGs    # Errors  Last Runtime    Last Run               Last # of DB Queries
-----------------------------------------  -----  ---------  --------  ----------  --------------  -------------------  ----------------------
/opt/airflow/dags/driven_data_pipeline.py   3094  0.01s             1           0  0.11s           2025-10-18T20:22:20                      12
================================================================================
[2025-10-18T20:23:21.186+0000] {manager.py:997} INFO - 
================================================================================
DAG File Processing Stats

File Path                                    PID  Runtime      # DAGs    # Errors  Last Runtime    Last Run               Last # of DB Queries
-----------------------------------------  -----  ---------  --------  ----------  --------------  -------------------  ----------------------
/opt/airflow/dags/driven_data_pipeline.py   3102  0.01s             1           0  0.11s           2025-10-18T20:22:50                      12
================================================================================
[2025-10-18T20:23:51.559+0000] {manager.py:997} INFO - 
================================================================================
DAG File Processing Stats

File Path                                    PID  Runtime      # DAGs    # Errors  Last Runtime    Last Run               Last # of DB Queries
-----------------------------------------  -----  ---------  --------  ----------  --------------  -------------------  ----------------------
/opt/airflow/dags/driven_data_pipeline.py   3110  0.00s             1           0  0.12s           2025-10-18T20:23:21                      12
================================================================================
[2025-10-18T20:24:21.889+0000] {manager.py:997} INFO - 
================================================================================
DAG File Processing Stats

File Path                                    PID  Runtime      # DAGs    # Errors  Last Runtime    Last Run               Last # of DB Queries
-----------------------------------------  -----  ---------  --------  ----------  --------------  -------------------  ----------------------
/opt/airflow/dags/driven_data_pipeline.py   3118  0.01s             1           0  0.11s           2025-10-18T20:23:51                      12
================================================================================
[2025-10-18T20:24:52.222+0000] {manager.py:997} INFO - 
================================================================================
DAG File Processing Stats

File Path                                    PID  Runtime      # DAGs    # Errors  Last Runtime    Last Run               Last # of DB Queries
-----------------------------------------  -----  ---------  --------  ----------  --------------  -------------------  ----------------------
/opt/airflow/dags/driven_data_pipeline.py   3126  0.01s             1           0  0.12s           2025-10-18T20:24:21                      12
================================================================================
[2025-10-18T20:25:22.585+0000] {manager.py:997} INFO - 
================================================================================
DAG File Processing Stats

File Path                                    PID  Runtime      # DAGs    # Errors  Last Runtime    Last Run               Last # of DB Queries
-----------------------------------------  -----  ---------  --------  ----------  --------------  -------------------  ----------------------
/opt/airflow/dags/driven_data_pipeline.py   3134  0.00s             1           0  0.13s           2025-10-18T20:24:52                      12
================================================================================
[2025-10-18T20:25:52.917+0000] {manager.py:997} INFO - 
================================================================================
DAG File Processing Stats

File Path                                    PID  Runtime      # DAGs    # Errors  Last Runtime    Last Run               Last # of DB Queries
-----------------------------------------  -----  ---------  --------  ----------  --------------  -------------------  ----------------------
/opt/airflow/dags/driven_data_pipeline.py   3142  0.01s             1           0  0.12s           2025-10-18T20:25:22                      12
================================================================================
[2025-10-18T20:26:23.360+0000] {manager.py:997} INFO - 
================================================================================
DAG File Processing Stats

File Path                                    PID  Runtime      # DAGs    # Errors  Last Runtime    Last Run               Last # of DB Queries
-----------------------------------------  -----  ---------  --------  ----------  --------------  -------------------  ----------------------
/opt/airflow/dags/driven_data_pipeline.py   3150  0.01s             1           0  0.13s           2025-10-18T20:25:53                      12
================================================================================
[2025-10-18T20:26:28.416+0000] {manager.py:821} INFO - Searching for files in /opt/airflow/dags
[2025-10-18T20:26:28.420+0000] {manager.py:824} INFO - There are 1 files in /opt/airflow/dags
[2025-10-18T20:26:53.706+0000] {manager.py:997} INFO - 
================================================================================
DAG File Processing Stats

File Path                                    PID  Runtime      # DAGs    # Errors  Last Runtime    Last Run               Last # of DB Queries
-----------------------------------------  -----  ---------  --------  ----------  --------------  -------------------  ----------------------
/opt/airflow/dags/driven_data_pipeline.py   3158  0.01s             1           0  0.12s           2025-10-18T20:26:23                      12
================================================================================
[2025-10-18T20:27:24.123+0000] {manager.py:997} INFO - 
================================================================================
DAG File Processing Stats

File Path                                    PID  Runtime      # DAGs    # Errors  Last Runtime    Last Run               Last # of DB Queries
-----------------------------------------  -----  ---------  --------  ----------  --------------  -------------------  ----------------------
/opt/airflow/dags/driven_data_pipeline.py   3166  0.00s             1           0  0.11s           2025-10-18T20:26:53                      12
================================================================================
[2025-10-18T20:27:54.465+0000] {manager.py:997} INFO - 
================================================================================
DAG File Processing Stats

File Path                                    PID  Runtime      # DAGs    # Errors  Last Runtime    Last Run               Last # of DB Queries
-----------------------------------------  -----  ---------  --------  ----------  --------------  -------------------  ----------------------
/opt/airflow/dags/driven_data_pipeline.py   3174  0.01s             1           0  0.12s           2025-10-18T20:27:24                      12
================================================================================
[2025-10-18T20:28:24.914+0000] {manager.py:997} INFO - 
================================================================================
DAG File Processing Stats

File Path                                    PID  Runtime      # DAGs    # Errors  Last Runtime    Last Run               Last # of DB Queries
-----------------------------------------  -----  ---------  --------  ----------  --------------  -------------------  ----------------------
/opt/airflow/dags/driven_data_pipeline.py   3182  0.01s             1           0  0.12s           2025-10-18T20:27:54                      12
================================================================================
[2025-10-18T20:32:41.469+0000] {manager.py:821} INFO - Searching for files in /opt/airflow/dags
[2025-10-18T20:32:41.471+0000] {manager.py:824} INFO - There are 1 files in /opt/airflow/dags
[2025-10-18T20:32:55.625+0000] {manager.py:997} INFO - 
================================================================================
DAG File Processing Stats

File Path                                  PID    Runtime      # DAGs    # Errors  Last Runtime    Last Run               Last # of DB Queries
-----------------------------------------  -----  ---------  --------  ----------  --------------  -------------------  ----------------------
/opt/airflow/dags/driven_data_pipeline.py                           1           0  0.10s           2025-10-18T20:32:41                      12
================================================================================
[2025-10-18T20:33:26.036+0000] {manager.py:997} INFO - 
================================================================================
DAG File Processing Stats

File Path                                  PID    Runtime      # DAGs    # Errors  Last Runtime    Last Run               Last # of DB Queries
-----------------------------------------  -----  ---------  --------  ----------  --------------  -------------------  ----------------------
/opt/airflow/dags/driven_data_pipeline.py                           1           0  0.09s           2025-10-18T20:33:11                      12
================================================================================
[2025-10-18T20:34:30.793+0000] {manager.py:997} INFO - 
================================================================================
DAG File Processing Stats

File Path                                  PID    Runtime      # DAGs    # Errors  Last Runtime    Last Run               Last # of DB Queries
-----------------------------------------  -----  ---------  --------  ----------  --------------  -------------------  ----------------------
/opt/airflow/dags/driven_data_pipeline.py                           1           0  0.11s           2025-10-18T20:34:15                      12
================================================================================
[2025-10-18T20:49:43.285+0000] {manager.py:821} INFO - Searching for files in /opt/airflow/dags
[2025-10-18T20:49:43.291+0000] {manager.py:824} INFO - There are 1 files in /opt/airflow/dags
[2025-10-18T20:49:58.504+0000] {manager.py:997} INFO - 
================================================================================
DAG File Processing Stats

File Path                                  PID    Runtime      # DAGs    # Errors  Last Runtime    Last Run               Last # of DB Queries
-----------------------------------------  -----  ---------  --------  ----------  --------------  -------------------  ----------------------
/opt/airflow/dags/driven_data_pipeline.py                           1           0  0.11s           2025-10-18T20:49:43                      12
================================================================================
[2025-10-18T20:50:28.868+0000] {manager.py:997} INFO - 
================================================================================
DAG File Processing Stats

File Path                                  PID    Runtime      # DAGs    # Errors  Last Runtime    Last Run               Last # of DB Queries
-----------------------------------------  -----  ---------  --------  ----------  --------------  -------------------  ----------------------
/opt/airflow/dags/driven_data_pipeline.py                           1           0  0.10s           2025-10-18T20:50:13                      12
================================================================================
[2025-10-18T20:50:59.417+0000] {manager.py:997} INFO - 
================================================================================
DAG File Processing Stats

File Path                                  PID    Runtime      # DAGs    # Errors  Last Runtime    Last Run               Last # of DB Queries
-----------------------------------------  -----  ---------  --------  ----------  --------------  -------------------  ----------------------
/opt/airflow/dags/driven_data_pipeline.py                           1           0  0.09s           2025-10-18T20:50:44                      12
================================================================================
[2025-10-18T21:06:11.333+0000] {manager.py:821} INFO - Searching for files in /opt/airflow/dags
[2025-10-18T21:06:11.334+0000] {manager.py:824} INFO - There are 1 files in /opt/airflow/dags
[2025-10-18T21:06:27.515+0000] {manager.py:997} INFO - 
================================================================================
DAG File Processing Stats

File Path                                  PID    Runtime      # DAGs    # Errors  Last Runtime    Last Run               Last # of DB Queries
-----------------------------------------  -----  ---------  --------  ----------  --------------  -------------------  ----------------------
/opt/airflow/dags/driven_data_pipeline.py                           1           0  0.09s           2025-10-18T21:06:11                      12
================================================================================
[2025-10-18T21:06:57.871+0000] {manager.py:997} INFO - 
================================================================================
DAG File Processing Stats

File Path                                  PID    Runtime      # DAGs    # Errors  Last Runtime    Last Run               Last # of DB Queries
-----------------------------------------  -----  ---------  --------  ----------  --------------  -------------------  ----------------------
/opt/airflow/dags/driven_data_pipeline.py                           1           0  0.12s           2025-10-18T21:06:41                      12
================================================================================
[2025-10-18T21:07:28.222+0000] {manager.py:997} INFO - 
================================================================================
DAG File Processing Stats

File Path                                  PID    Runtime      # DAGs    # Errors  Last Runtime    Last Run               Last # of DB Queries
-----------------------------------------  -----  ---------  --------  ----------  --------------  -------------------  ----------------------
/opt/airflow/dags/driven_data_pipeline.py                           1           0  0.12s           2025-10-18T21:07:12                      12
================================================================================
[2025-10-18T21:22:39.588+0000] {manager.py:821} INFO - Searching for files in /opt/airflow/dags
[2025-10-18T21:22:39.591+0000] {manager.py:824} INFO - There are 1 files in /opt/airflow/dags
[2025-10-18T21:22:56.774+0000] {manager.py:997} INFO - 
================================================================================
DAG File Processing Stats

File Path                                  PID    Runtime      # DAGs    # Errors  Last Runtime    Last Run               Last # of DB Queries
-----------------------------------------  -----  ---------  --------  ----------  --------------  -------------------  ----------------------
/opt/airflow/dags/driven_data_pipeline.py                           1           0  0.11s           2025-10-18T21:22:39                      12
================================================================================
[2025-10-18T21:23:27.158+0000] {manager.py:997} INFO - 
================================================================================
DAG File Processing Stats

File Path                                  PID    Runtime      # DAGs    # Errors  Last Runtime    Last Run               Last # of DB Queries
-----------------------------------------  -----  ---------  --------  ----------  --------------  -------------------  ----------------------
/opt/airflow/dags/driven_data_pipeline.py                           1           0  0.12s           2025-10-18T21:23:10                      12
================================================================================
[2025-10-18T21:27:42.947+0000] {manager.py:821} INFO - Searching for files in /opt/airflow/dags
[2025-10-18T21:27:42.952+0000] {manager.py:824} INFO - There are 1 files in /opt/airflow/dags
[2025-10-18T21:28:00.128+0000] {manager.py:997} INFO - 
================================================================================
DAG File Processing Stats

File Path                                  PID    Runtime      # DAGs    # Errors  Last Runtime    Last Run               Last # of DB Queries
-----------------------------------------  -----  ---------  --------  ----------  --------------  -------------------  ----------------------
/opt/airflow/dags/driven_data_pipeline.py                           1           0  0.11s           2025-10-18T21:27:43                      12
================================================================================
[2025-10-18T21:28:30.478+0000] {manager.py:997} INFO - 
================================================================================
DAG File Processing Stats

File Path                                  PID    Runtime      # DAGs    # Errors  Last Runtime    Last Run               Last # of DB Queries
-----------------------------------------  -----  ---------  --------  ----------  --------------  -------------------  ----------------------
/opt/airflow/dags/driven_data_pipeline.py                           1           0  0.13s           2025-10-18T21:28:13                      12
================================================================================
[2025-10-18T21:43:39.938+0000] {manager.py:821} INFO - Searching for files in /opt/airflow/dags
[2025-10-18T21:43:39.944+0000] {manager.py:824} INFO - There are 1 files in /opt/airflow/dags
[2025-10-18T21:43:58.171+0000] {manager.py:997} INFO - 
================================================================================
DAG File Processing Stats

File Path                                  PID    Runtime      # DAGs    # Errors  Last Runtime    Last Run               Last # of DB Queries
-----------------------------------------  -----  ---------  --------  ----------  --------------  -------------------  ----------------------
/opt/airflow/dags/driven_data_pipeline.py                           1           0  0.11s           2025-10-18T21:43:40                      12
================================================================================
[2025-10-18T21:44:28.557+0000] {manager.py:997} INFO - 
================================================================================
DAG File Processing Stats

File Path                                  PID    Runtime      # DAGs    # Errors  Last Runtime    Last Run               Last # of DB Queries
-----------------------------------------  -----  ---------  --------  ----------  --------------  -------------------  ----------------------
/opt/airflow/dags/driven_data_pipeline.py                           1           0  0.12s           2025-10-18T21:44:10                      12
================================================================================
[2025-10-18T21:59:37.331+0000] {manager.py:821} INFO - Searching for files in /opt/airflow/dags
[2025-10-18T21:59:37.335+0000] {manager.py:824} INFO - There are 1 files in /opt/airflow/dags
[2025-10-18T21:59:56.546+0000] {manager.py:997} INFO - 
================================================================================
DAG File Processing Stats

File Path                                  PID    Runtime      # DAGs    # Errors  Last Runtime    Last Run               Last # of DB Queries
-----------------------------------------  -----  ---------  --------  ----------  --------------  -------------------  ----------------------
/opt/airflow/dags/driven_data_pipeline.py                           1           0  0.10s           2025-10-18T21:59:37                      12
================================================================================
[2025-10-18T22:00:26.942+0000] {manager.py:997} INFO - 
================================================================================
DAG File Processing Stats

File Path                                  PID    Runtime      # DAGs    # Errors  Last Runtime    Last Run               Last # of DB Queries
-----------------------------------------  -----  ---------  --------  ----------  --------------  -------------------  ----------------------
/opt/airflow/dags/driven_data_pipeline.py                           1           0  0.12s           2025-10-18T22:00:07                      12
================================================================================
[2025-10-18T22:15:35.256+0000] {manager.py:821} INFO - Searching for files in /opt/airflow/dags
[2025-10-18T22:15:35.261+0000] {manager.py:824} INFO - There are 1 files in /opt/airflow/dags
[2025-10-18T22:15:55.502+0000] {manager.py:997} INFO - 
================================================================================
DAG File Processing Stats

File Path                                  PID    Runtime      # DAGs    # Errors  Last Runtime    Last Run               Last # of DB Queries
-----------------------------------------  -----  ---------  --------  ----------  --------------  -------------------  ----------------------
/opt/airflow/dags/driven_data_pipeline.py                           1           0  0.11s           2025-10-18T22:15:35                      12
================================================================================
[2025-10-18T22:23:31.505+0000] {manager.py:821} INFO - Searching for files in /opt/airflow/dags
[2025-10-18T22:23:31.511+0000] {manager.py:824} INFO - There are 1 files in /opt/airflow/dags
[2025-10-18T22:23:51.741+0000] {manager.py:997} INFO - 
================================================================================
DAG File Processing Stats

File Path                                  PID    Runtime      # DAGs    # Errors  Last Runtime    Last Run               Last # of DB Queries
-----------------------------------------  -----  ---------  --------  ----------  --------------  -------------------  ----------------------
/opt/airflow/dags/driven_data_pipeline.py                           1           0  0.12s           2025-10-18T22:23:31                      12
================================================================================
[2025-10-18T22:24:22.057+0000] {manager.py:997} INFO - 
================================================================================
DAG File Processing Stats

File Path                                  PID    Runtime      # DAGs    # Errors  Last Runtime    Last Run               Last # of DB Queries
-----------------------------------------  -----  ---------  --------  ----------  --------------  -------------------  ----------------------
/opt/airflow/dags/driven_data_pipeline.py                           1           0  0.12s           2025-10-18T22:24:01                      12
================================================================================
[2025-10-18T22:28:34.087+0000] {manager.py:821} INFO - Searching for files in /opt/airflow/dags
[2025-10-18T22:28:34.093+0000] {manager.py:824} INFO - There are 1 files in /opt/airflow/dags
[2025-10-18T22:28:55.343+0000] {manager.py:997} INFO - 
================================================================================
DAG File Processing Stats

File Path                                  PID    Runtime      # DAGs    # Errors  Last Runtime    Last Run               Last # of DB Queries
-----------------------------------------  -----  ---------  --------  ----------  --------------  -------------------  ----------------------
/opt/airflow/dags/driven_data_pipeline.py                           1           0  0.11s           2025-10-18T22:28:34                      12
================================================================================
[2025-10-18T22:29:25.687+0000] {manager.py:997} INFO - 
================================================================================
DAG File Processing Stats

File Path                                  PID    Runtime      # DAGs    # Errors  Last Runtime    Last Run               Last # of DB Queries
-----------------------------------------  -----  ---------  --------  ----------  --------------  -------------------  ----------------------
/opt/airflow/dags/driven_data_pipeline.py                           1           0  0.12s           2025-10-18T22:29:04                      12
================================================================================
[2025-10-18T22:33:47.826+0000] {manager.py:821} INFO - Searching for files in /opt/airflow/dags
[2025-10-18T22:33:47.828+0000] {manager.py:824} INFO - There are 1 files in /opt/airflow/dags
[2025-10-18T22:34:10.164+0000] {manager.py:997} INFO - 
================================================================================
DAG File Processing Stats

File Path                                  PID    Runtime      # DAGs    # Errors  Last Runtime    Last Run               Last # of DB Queries
-----------------------------------------  -----  ---------  --------  ----------  --------------  -------------------  ----------------------
/opt/airflow/dags/driven_data_pipeline.py                           1           0  0.12s           2025-10-18T22:33:47                      12
================================================================================
[2025-10-18T22:34:40.842+0000] {manager.py:997} INFO - 
================================================================================
DAG File Processing Stats

File Path                                  PID    Runtime      # DAGs    # Errors  Last Runtime    Last Run               Last # of DB Queries
-----------------------------------------  -----  ---------  --------  ----------  --------------  -------------------  ----------------------
/opt/airflow/dags/driven_data_pipeline.py                           1           0  0.17s           2025-10-18T22:34:18                      12
================================================================================
[2025-10-18T22:35:14.365+0000] {manager.py:997} INFO - 
================================================================================
DAG File Processing Stats

File Path                                  PID    Runtime      # DAGs    # Errors  Last Runtime    Last Run               Last # of DB Queries
-----------------------------------------  -----  ---------  --------  ----------  --------------  -------------------  ----------------------
/opt/airflow/dags/driven_data_pipeline.py                           1           0  0.11s           2025-10-18T22:34:51                      12
================================================================================
[2025-10-18T22:35:44.762+0000] {manager.py:997} INFO - 
================================================================================
DAG File Processing Stats

File Path                                  PID    Runtime      # DAGs    # Errors  Last Runtime    Last Run               Last # of DB Queries
-----------------------------------------  -----  ---------  --------  ----------  --------------  -------------------  ----------------------
/opt/airflow/dags/driven_data_pipeline.py                           1           0  0.12s           2025-10-18T22:35:21                      12
================================================================================
[2025-10-18T22:36:15.074+0000] {manager.py:997} INFO - 
================================================================================
DAG File Processing Stats

File Path                                  PID    Runtime      # DAGs    # Errors  Last Runtime    Last Run               Last # of DB Queries
-----------------------------------------  -----  ---------  --------  ----------  --------------  -------------------  ----------------------
/opt/airflow/dags/driven_data_pipeline.py                           1           0  0.10s           2025-10-18T22:35:51                      12
================================================================================
[2025-10-18T22:36:45.486+0000] {manager.py:997} INFO - 
================================================================================
DAG File Processing Stats

File Path                                  PID    Runtime      # DAGs    # Errors  Last Runtime    Last Run               Last # of DB Queries
-----------------------------------------  -----  ---------  --------  ----------  --------------  -------------------  ----------------------
/opt/airflow/dags/driven_data_pipeline.py                           1           0  0.11s           2025-10-18T22:36:22                      12
================================================================================
[2025-10-18T22:38:52.041+0000] {manager.py:821} INFO - Searching for files in /opt/airflow/dags
[2025-10-18T22:38:52.044+0000] {manager.py:824} INFO - There are 1 files in /opt/airflow/dags
[2025-10-18T22:39:16.337+0000] {manager.py:997} INFO - 
================================================================================
DAG File Processing Stats

File Path                                  PID    Runtime      # DAGs    # Errors  Last Runtime    Last Run               Last # of DB Queries
-----------------------------------------  -----  ---------  --------  ----------  --------------  -------------------  ----------------------
/opt/airflow/dags/driven_data_pipeline.py                           1           0  0.10s           2025-10-18T22:38:52                      12
================================================================================
[2025-10-18T22:39:46.712+0000] {manager.py:997} INFO - 
================================================================================
DAG File Processing Stats

File Path                                  PID    Runtime      # DAGs    # Errors  Last Runtime    Last Run               Last # of DB Queries
-----------------------------------------  -----  ---------  --------  ----------  --------------  -------------------  ----------------------
/opt/airflow/dags/driven_data_pipeline.py                           1           0  0.11s           2025-10-18T22:39:22                      12
================================================================================
[2025-10-18T22:40:17.083+0000] {manager.py:997} INFO - 
================================================================================
DAG File Processing Stats

File Path                                  PID    Runtime      # DAGs    # Errors  Last Runtime    Last Run               Last # of DB Queries
-----------------------------------------  -----  ---------  --------  ----------  --------------  -------------------  ----------------------
/opt/airflow/dags/driven_data_pipeline.py                           1           0  0.12s           2025-10-18T22:39:52                      12
================================================================================
[2025-10-18T22:40:47.434+0000] {manager.py:997} INFO - 
================================================================================
DAG File Processing Stats

File Path                                  PID    Runtime      # DAGs    # Errors  Last Runtime    Last Run               Last # of DB Queries
-----------------------------------------  -----  ---------  --------  ----------  --------------  -------------------  ----------------------
/opt/airflow/dags/driven_data_pipeline.py                           1           0  0.09s           2025-10-18T22:40:23                      12
================================================================================
[2025-10-18T22:41:17.796+0000] {manager.py:997} INFO - 
================================================================================
DAG File Processing Stats

File Path                                  PID    Runtime      # DAGs    # Errors  Last Runtime    Last Run               Last # of DB Queries
-----------------------------------------  -----  ---------  --------  ----------  --------------  -------------------  ----------------------
/opt/airflow/dags/driven_data_pipeline.py                           1           0  0.12s           2025-10-18T22:40:53                      12
================================================================================
[2025-10-18T22:43:52.282+0000] {manager.py:821} INFO - Searching for files in /opt/airflow/dags
[2025-10-18T22:43:52.286+0000] {manager.py:824} INFO - There are 1 files in /opt/airflow/dags
[2025-10-18T22:44:17.620+0000] {manager.py:997} INFO - 
================================================================================
DAG File Processing Stats

File Path                                  PID    Runtime      # DAGs    # Errors  Last Runtime    Last Run               Last # of DB Queries
-----------------------------------------  -----  ---------  --------  ----------  --------------  -------------------  ----------------------
/opt/airflow/dags/driven_data_pipeline.py                           1           0  0.11s           2025-10-18T22:43:51                      12
================================================================================
[2025-10-18T22:44:47.962+0000] {manager.py:997} INFO - 
================================================================================
DAG File Processing Stats

File Path                                  PID    Runtime      # DAGs    # Errors  Last Runtime    Last Run               Last # of DB Queries
-----------------------------------------  -----  ---------  --------  ----------  --------------  -------------------  ----------------------
/opt/airflow/dags/driven_data_pipeline.py                           1           0  0.12s           2025-10-18T22:44:21                      12
================================================================================
[2025-10-18T22:45:18.337+0000] {manager.py:997} INFO - 
================================================================================
DAG File Processing Stats

File Path                                  PID    Runtime      # DAGs    # Errors  Last Runtime    Last Run               Last # of DB Queries
-----------------------------------------  -----  ---------  --------  ----------  --------------  -------------------  ----------------------
/opt/airflow/dags/driven_data_pipeline.py                           1           0  0.09s           2025-10-18T22:44:52                      12
================================================================================
[2025-10-18T22:45:48.672+0000] {manager.py:997} INFO - 
================================================================================
DAG File Processing Stats

File Path                                  PID    Runtime      # DAGs    # Errors  Last Runtime    Last Run               Last # of DB Queries
-----------------------------------------  -----  ---------  --------  ----------  --------------  -------------------  ----------------------
/opt/airflow/dags/driven_data_pipeline.py                           1           0  0.09s           2025-10-18T22:45:22                      12
================================================================================
[2025-10-18T22:46:19.011+0000] {manager.py:997} INFO - 
================================================================================
DAG File Processing Stats

File Path                                  PID    Runtime      # DAGs    # Errors  Last Runtime    Last Run               Last # of DB Queries
-----------------------------------------  -----  ---------  --------  ----------  --------------  -------------------  ----------------------
/opt/airflow/dags/driven_data_pipeline.py                           1           0  0.11s           2025-10-18T22:45:52                      12
================================================================================
[2025-10-18T22:46:49.469+0000] {manager.py:997} INFO - 
================================================================================
DAG File Processing Stats

File Path                                  PID    Runtime      # DAGs    # Errors  Last Runtime    Last Run               Last # of DB Queries
-----------------------------------------  -----  ---------  --------  ----------  --------------  -------------------  ----------------------
/opt/airflow/dags/driven_data_pipeline.py                           1           0  0.11s           2025-10-18T22:46:23                      12
================================================================================
[2025-10-18T22:47:19.815+0000] {manager.py:997} INFO - 
================================================================================
DAG File Processing Stats

File Path                                  PID    Runtime      # DAGs    # Errors  Last Runtime    Last Run               Last # of DB Queries
-----------------------------------------  -----  ---------  --------  ----------  --------------  -------------------  ----------------------
/opt/airflow/dags/driven_data_pipeline.py                           1           0  0.11s           2025-10-18T22:46:53                      12
================================================================================
[2025-10-18T23:02:20.775+0000] {manager.py:821} INFO - Searching for files in /opt/airflow/dags
[2025-10-18T23:02:20.778+0000] {manager.py:824} INFO - There are 1 files in /opt/airflow/dags
[2025-10-18T23:02:50.504+0000] {manager.py:997} INFO - 
================================================================================
DAG File Processing Stats

File Path                                  PID    Runtime      # DAGs    # Errors  Last Runtime    Last Run               Last # of DB Queries
-----------------------------------------  -----  ---------  --------  ----------  --------------  -------------------  ----------------------
/opt/airflow/dags/driven_data_pipeline.py                           1           0  0.10s           2025-10-18T23:02:20                      12
================================================================================
[2025-10-18T23:17:50.999+0000] {manager.py:821} INFO - Searching for files in /opt/airflow/dags
[2025-10-18T23:17:51.003+0000] {manager.py:824} INFO - There are 1 files in /opt/airflow/dags
[2025-10-18T23:18:20.299+0000] {manager.py:997} INFO - 
================================================================================
DAG File Processing Stats

File Path                                  PID    Runtime      # DAGs    # Errors  Last Runtime    Last Run               Last # of DB Queries
-----------------------------------------  -----  ---------  --------  ----------  --------------  -------------------  ----------------------
/opt/airflow/dags/driven_data_pipeline.py                           1           0  0.11s           2025-10-18T23:17:51                      12
================================================================================
[2025-10-18T23:18:50.700+0000] {manager.py:997} INFO - 
================================================================================
DAG File Processing Stats

File Path                                  PID    Runtime      # DAGs    # Errors  Last Runtime    Last Run               Last # of DB Queries
-----------------------------------------  -----  ---------  --------  ----------  --------------  -------------------  ----------------------
/opt/airflow/dags/driven_data_pipeline.py                           1           0  0.12s           2025-10-18T23:18:21                      12
================================================================================
[2025-10-18T23:24:58.565+0000] {manager.py:821} INFO - Searching for files in /opt/airflow/dags
[2025-10-18T23:24:58.571+0000] {manager.py:824} INFO - There are 1 files in /opt/airflow/dags
[2025-10-18T23:24:58.586+0000] {manager.py:997} INFO - 
================================================================================
DAG File Processing Stats

File Path                                    PID  Runtime      # DAGs    # Errors  Last Runtime    Last Run               Last # of DB Queries
-----------------------------------------  -----  ---------  --------  ----------  --------------  -------------------  ----------------------
/opt/airflow/dags/driven_data_pipeline.py   3535  0.00s             1           0  0.11s           2025-10-18T23:18:51                      12
================================================================================
[2025-10-18T23:40:27.405+0000] {manager.py:821} INFO - Searching for files in /opt/airflow/dags
[2025-10-18T23:40:27.411+0000] {manager.py:824} INFO - There are 1 files in /opt/airflow/dags
[2025-10-18T23:40:28.525+0000] {manager.py:997} INFO - 
================================================================================
DAG File Processing Stats

File Path                                  PID    Runtime      # DAGs    # Errors  Last Runtime    Last Run               Last # of DB Queries
-----------------------------------------  -----  ---------  --------  ----------  --------------  -------------------  ----------------------
/opt/airflow/dags/driven_data_pipeline.py                           1           0  0.11s           2025-10-18T23:40:27                      12
================================================================================
[2025-10-18T23:40:58.879+0000] {manager.py:997} INFO - 
================================================================================
DAG File Processing Stats

File Path                                  PID    Runtime      # DAGs    # Errors  Last Runtime    Last Run               Last # of DB Queries
-----------------------------------------  -----  ---------  --------  ----------  --------------  -------------------  ----------------------
/opt/airflow/dags/driven_data_pipeline.py                           1           0  0.11s           2025-10-18T23:40:57                      12
================================================================================
[2025-10-18T23:56:27.097+0000] {manager.py:821} INFO - Searching for files in /opt/airflow/dags
[2025-10-18T23:56:27.103+0000] {manager.py:824} INFO - There are 1 files in /opt/airflow/dags
[2025-10-18T23:56:29.210+0000] {manager.py:997} INFO - 
================================================================================
DAG File Processing Stats

File Path                                  PID    Runtime      # DAGs    # Errors  Last Runtime    Last Run               Last # of DB Queries
-----------------------------------------  -----  ---------  --------  ----------  --------------  -------------------  ----------------------
/opt/airflow/dags/driven_data_pipeline.py                           1           0  0.11s           2025-10-18T23:56:27                      12
================================================================================
[2025-10-19T00:11:56.498+0000] {manager.py:821} INFO - Searching for files in /opt/airflow/dags
[2025-10-19T00:11:56.501+0000] {manager.py:824} INFO - There are 1 files in /opt/airflow/dags
[2025-10-19T00:11:58.655+0000] {manager.py:997} INFO - 
================================================================================
DAG File Processing Stats

File Path                                  PID    Runtime      # DAGs    # Errors  Last Runtime    Last Run               Last # of DB Queries
-----------------------------------------  -----  ---------  --------  ----------  --------------  -------------------  ----------------------
/opt/airflow/dags/driven_data_pipeline.py                           1           0  0.12s           2025-10-19T00:11:56                      12
================================================================================
[2025-10-19T00:12:28.897+0000] {manager.py:997} INFO - 
================================================================================
DAG File Processing Stats

File Path                                  PID    Runtime      # DAGs    # Errors  Last Runtime    Last Run               Last # of DB Queries
-----------------------------------------  -----  ---------  --------  ----------  --------------  -------------------  ----------------------
/opt/airflow/dags/driven_data_pipeline.py                           1           0  0.12s           2025-10-19T00:12:26                      12
================================================================================
[2025-10-19T00:12:59.256+0000] {manager.py:997} INFO - 
================================================================================
DAG File Processing Stats

File Path                                  PID    Runtime      # DAGs    # Errors  Last Runtime    Last Run               Last # of DB Queries
-----------------------------------------  -----  ---------  --------  ----------  --------------  -------------------  ----------------------
/opt/airflow/dags/driven_data_pipeline.py                           1           0  0.13s           2025-10-19T00:12:57                      12
================================================================================
[2025-10-19T00:26:00.893+0000] {manager.py:821} INFO - Searching for files in /opt/airflow/dags
[2025-10-19T00:26:00.899+0000] {manager.py:824} INFO - There are 1 files in /opt/airflow/dags
[2025-10-19T00:26:03.989+0000] {manager.py:997} INFO - 
================================================================================
DAG File Processing Stats

File Path                                  PID    Runtime      # DAGs    # Errors  Last Runtime    Last Run               Last # of DB Queries
-----------------------------------------  -----  ---------  --------  ----------  --------------  -------------------  ----------------------
/opt/airflow/dags/driven_data_pipeline.py                           1           0  0.10s           2025-10-19T00:26:01                      12
================================================================================
[2025-10-19T00:26:34.901+0000] {manager.py:997} INFO - 
================================================================================
DAG File Processing Stats

File Path                                  PID    Runtime      # DAGs    # Errors  Last Runtime    Last Run               Last # of DB Queries
-----------------------------------------  -----  ---------  --------  ----------  --------------  -------------------  ----------------------
/opt/airflow/dags/driven_data_pipeline.py                           1           0  0.11s           2025-10-19T00:26:31                      12
================================================================================
[2025-10-19T00:27:05.197+0000] {manager.py:997} INFO - 
================================================================================
DAG File Processing Stats

File Path                                  PID    Runtime      # DAGs    # Errors  Last Runtime    Last Run               Last # of DB Queries
-----------------------------------------  -----  ---------  --------  ----------  --------------  -------------------  ----------------------
/opt/airflow/dags/driven_data_pipeline.py                           1           0  0.10s           2025-10-19T00:27:02                      12
================================================================================
[2025-10-19T00:40:36.028+0000] {manager.py:821} INFO - Searching for files in /opt/airflow/dags
[2025-10-19T00:40:36.035+0000] {manager.py:824} INFO - There are 1 files in /opt/airflow/dags
[2025-10-19T00:40:40.104+0000] {manager.py:997} INFO - 
================================================================================
DAG File Processing Stats

File Path                                  PID    Runtime      # DAGs    # Errors  Last Runtime    Last Run               Last # of DB Queries
-----------------------------------------  -----  ---------  --------  ----------  --------------  -------------------  ----------------------
/opt/airflow/dags/driven_data_pipeline.py                           1           0  0.14s           2025-10-19T00:40:36                      12
================================================================================
[2025-10-19T00:41:10.406+0000] {manager.py:997} INFO - 
================================================================================
DAG File Processing Stats

File Path                                  PID    Runtime      # DAGs    # Errors  Last Runtime    Last Run               Last # of DB Queries
-----------------------------------------  -----  ---------  --------  ----------  --------------  -------------------  ----------------------
/opt/airflow/dags/driven_data_pipeline.py                           1           0  0.12s           2025-10-19T00:41:06                      12
================================================================================
[2025-10-19T00:41:40.818+0000] {manager.py:997} INFO - 
================================================================================
DAG File Processing Stats

File Path                                  PID    Runtime      # DAGs    # Errors  Last Runtime    Last Run               Last # of DB Queries
-----------------------------------------  -----  ---------  --------  ----------  --------------  -------------------  ----------------------
/opt/airflow/dags/driven_data_pipeline.py                           1           0  0.26s           2025-10-19T00:41:37                      12
================================================================================
[2025-10-19T00:57:05.304+0000] {manager.py:821} INFO - Searching for files in /opt/airflow/dags
[2025-10-19T00:57:05.307+0000] {manager.py:824} INFO - There are 1 files in /opt/airflow/dags
[2025-10-19T00:57:10.368+0000] {manager.py:997} INFO - 
================================================================================
DAG File Processing Stats

File Path                                  PID    Runtime      # DAGs    # Errors  Last Runtime    Last Run               Last # of DB Queries
-----------------------------------------  -----  ---------  --------  ----------  --------------  -------------------  ----------------------
/opt/airflow/dags/driven_data_pipeline.py                           1           0  0.10s           2025-10-19T00:57:05                      12
================================================================================
[2025-10-19T01:12:34.303+0000] {manager.py:821} INFO - Searching for files in /opt/airflow/dags
[2025-10-19T01:12:34.306+0000] {manager.py:824} INFO - There are 1 files in /opt/airflow/dags
[2025-10-19T01:12:40.392+0000] {manager.py:997} INFO - 
================================================================================
DAG File Processing Stats

File Path                                  PID    Runtime      # DAGs    # Errors  Last Runtime    Last Run               Last # of DB Queries
-----------------------------------------  -----  ---------  --------  ----------  --------------  -------------------  ----------------------
/opt/airflow/dags/driven_data_pipeline.py                           1           0  0.10s           2025-10-19T01:12:34                      12
================================================================================
[2025-10-19T01:29:10.884+0000] {manager.py:821} INFO - Searching for files in /opt/airflow/dags
[2025-10-19T01:29:10.888+0000] {manager.py:824} INFO - There are 1 files in /opt/airflow/dags
[2025-10-19T01:29:17.980+0000] {manager.py:997} INFO - 
================================================================================
DAG File Processing Stats

File Path                                  PID    Runtime      # DAGs    # Errors  Last Runtime    Last Run               Last # of DB Queries
-----------------------------------------  -----  ---------  --------  ----------  --------------  -------------------  ----------------------
/opt/airflow/dags/driven_data_pipeline.py                           1           0  0.11s           2025-10-19T01:29:11                      12
================================================================================
[2025-10-19T01:44:41.945+0000] {manager.py:821} INFO - Searching for files in /opt/airflow/dags
[2025-10-19T01:44:41.950+0000] {manager.py:824} INFO - There are 1 files in /opt/airflow/dags
[2025-10-19T01:44:49.030+0000] {manager.py:997} INFO - 
================================================================================
DAG File Processing Stats

File Path                                  PID    Runtime      # DAGs    # Errors  Last Runtime    Last Run               Last # of DB Queries
-----------------------------------------  -----  ---------  --------  ----------  --------------  -------------------  ----------------------
/opt/airflow/dags/driven_data_pipeline.py                           1           0  0.11s           2025-10-19T01:44:42                      12
================================================================================
[2025-10-19T02:00:19.662+0000] {manager.py:821} INFO - Searching for files in /opt/airflow/dags
[2025-10-19T02:00:19.669+0000] {manager.py:824} INFO - There are 1 files in /opt/airflow/dags
[2025-10-19T02:00:26.758+0000] {manager.py:997} INFO - 
================================================================================
DAG File Processing Stats

File Path                                  PID    Runtime      # DAGs    # Errors  Last Runtime    Last Run               Last # of DB Queries
-----------------------------------------  -----  ---------  --------  ----------  --------------  -------------------  ----------------------
/opt/airflow/dags/driven_data_pipeline.py                           1           0  0.11s           2025-10-19T02:00:19                      12
================================================================================
[2025-10-19T02:15:49.257+0000] {manager.py:821} INFO - Searching for files in /opt/airflow/dags
[2025-10-19T02:15:49.264+0000] {manager.py:824} INFO - There are 1 files in /opt/airflow/dags
[2025-10-19T02:15:57.407+0000] {manager.py:997} INFO - 
================================================================================
DAG File Processing Stats

File Path                                  PID    Runtime      # DAGs    # Errors  Last Runtime    Last Run               Last # of DB Queries
-----------------------------------------  -----  ---------  --------  ----------  --------------  -------------------  ----------------------
/opt/airflow/dags/driven_data_pipeline.py                           1           0  0.11s           2025-10-19T02:15:49                      12
================================================================================
[2025-10-19T02:31:20.362+0000] {manager.py:821} INFO - Searching for files in /opt/airflow/dags
[2025-10-19T02:31:20.364+0000] {manager.py:824} INFO - There are 1 files in /opt/airflow/dags
[2025-10-19T02:31:28.445+0000] {manager.py:997} INFO - 
================================================================================
DAG File Processing Stats

File Path                                  PID    Runtime      # DAGs    # Errors  Last Runtime    Last Run               Last # of DB Queries
-----------------------------------------  -----  ---------  --------  ----------  --------------  -------------------  ----------------------
/opt/airflow/dags/driven_data_pipeline.py                           1           0  0.10s           2025-10-19T02:31:20                      12
================================================================================
[2025-10-19T02:34:05.723+0000] {manager.py:997} INFO - 
================================================================================
DAG File Processing Stats

File Path                                  PID    Runtime      # DAGs    # Errors  Last Runtime    Last Run               Last # of DB Queries
-----------------------------------------  -----  ---------  --------  ----------  --------------  -------------------  ----------------------
/opt/airflow/dags/driven_data_pipeline.py                           1           0  0.11s           2025-10-19T02:33:57                      12
================================================================================
[2025-10-19T02:42:59.505+0000] {manager.py:821} INFO - Searching for files in /opt/airflow/dags
[2025-10-19T02:42:59.508+0000] {manager.py:824} INFO - There are 1 files in /opt/airflow/dags
[2025-10-19T02:43:08.636+0000] {manager.py:997} INFO - 
================================================================================
DAG File Processing Stats

File Path                                  PID    Runtime      # DAGs    # Errors  Last Runtime    Last Run               Last # of DB Queries
-----------------------------------------  -----  ---------  --------  ----------  --------------  -------------------  ----------------------
/opt/airflow/dags/driven_data_pipeline.py                           1           0  0.10s           2025-10-19T02:42:59                      12
================================================================================
[2025-10-19T03:16:21.095+0000] {manager.py:821} INFO - Searching for files in /opt/airflow/dags
[2025-10-19T03:16:21.099+0000] {manager.py:824} INFO - There are 1 files in /opt/airflow/dags
[2025-10-19T03:16:31.229+0000] {manager.py:997} INFO - 
================================================================================
DAG File Processing Stats

File Path                                  PID    Runtime      # DAGs    # Errors  Last Runtime    Last Run               Last # of DB Queries
-----------------------------------------  -----  ---------  --------  ----------  --------------  -------------------  ----------------------
/opt/airflow/dags/driven_data_pipeline.py                           1           0  0.11s           2025-10-19T03:16:21                      12
================================================================================
[2025-10-19T03:17:53.933+0000] {manager.py:997} INFO - 
================================================================================
DAG File Processing Stats

File Path                                  PID    Runtime      # DAGs    # Errors  Last Runtime    Last Run               Last # of DB Queries
-----------------------------------------  -----  ---------  --------  ----------  --------------  -------------------  ----------------------
/opt/airflow/dags/driven_data_pipeline.py                           1           0  0.11s           2025-10-19T03:17:43                      12
================================================================================
[2025-10-19T03:33:14.781+0000] {manager.py:821} INFO - Searching for files in /opt/airflow/dags
[2025-10-19T03:33:14.786+0000] {manager.py:824} INFO - There are 1 files in /opt/airflow/dags
[2025-10-19T03:33:24.884+0000] {manager.py:997} INFO - 
================================================================================
DAG File Processing Stats

File Path                                  PID    Runtime      # DAGs    # Errors  Last Runtime    Last Run               Last # of DB Queries
-----------------------------------------  -----  ---------  --------  ----------  --------------  -------------------  ----------------------
/opt/airflow/dags/driven_data_pipeline.py                           1           0  0.11s           2025-10-19T03:33:14                      12
================================================================================
[2025-10-19T03:43:42.037+0000] {manager.py:821} INFO - Searching for files in /opt/airflow/dags
[2025-10-19T03:43:42.040+0000] {manager.py:824} INFO - There are 1 files in /opt/airflow/dags
[2025-10-19T03:43:53.174+0000] {manager.py:997} INFO - 
================================================================================
DAG File Processing Stats

File Path                                  PID    Runtime      # DAGs    # Errors  Last Runtime    Last Run               Last # of DB Queries
-----------------------------------------  -----  ---------  --------  ----------  --------------  -------------------  ----------------------
/opt/airflow/dags/driven_data_pipeline.py                           1           0  0.10s           2025-10-19T03:43:42                      12
================================================================================
[2025-10-19T03:59:11.826+0000] {manager.py:821} INFO - Searching for files in /opt/airflow/dags
[2025-10-19T03:59:11.831+0000] {manager.py:824} INFO - There are 1 files in /opt/airflow/dags
[2025-10-19T03:59:23.007+0000] {manager.py:997} INFO - 
================================================================================
DAG File Processing Stats

File Path                                  PID    Runtime      # DAGs    # Errors  Last Runtime    Last Run               Last # of DB Queries
-----------------------------------------  -----  ---------  --------  ----------  --------------  -------------------  ----------------------
/opt/airflow/dags/driven_data_pipeline.py                           1           0  0.10s           2025-10-19T03:59:11                      12
================================================================================
[2025-10-19T04:12:28.487+0000] {manager.py:821} INFO - Searching for files in /opt/airflow/dags
[2025-10-19T04:12:28.493+0000] {manager.py:824} INFO - There are 1 files in /opt/airflow/dags
[2025-10-19T04:12:40.661+0000] {manager.py:997} INFO - 
================================================================================
DAG File Processing Stats

File Path                                  PID    Runtime      # DAGs    # Errors  Last Runtime    Last Run               Last # of DB Queries
-----------------------------------------  -----  ---------  --------  ----------  --------------  -------------------  ----------------------
/opt/airflow/dags/driven_data_pipeline.py                           1           0  0.10s           2025-10-19T04:12:28                      12
================================================================================
[2025-10-19T04:28:01.630+0000] {manager.py:821} INFO - Searching for files in /opt/airflow/dags
[2025-10-19T04:28:01.637+0000] {manager.py:824} INFO - There are 1 files in /opt/airflow/dags
[2025-10-19T04:28:13.806+0000] {manager.py:997} INFO - 
================================================================================
DAG File Processing Stats

File Path                                  PID    Runtime      # DAGs    # Errors  Last Runtime    Last Run               Last # of DB Queries
-----------------------------------------  -----  ---------  --------  ----------  --------------  -------------------  ----------------------
/opt/airflow/dags/driven_data_pipeline.py                           1           0  0.11s           2025-10-19T04:28:01                      12
================================================================================
[2025-10-19T04:43:32.229+0000] {manager.py:821} INFO - Searching for files in /opt/airflow/dags
[2025-10-19T04:43:32.234+0000] {manager.py:824} INFO - There are 1 files in /opt/airflow/dags
[2025-10-19T04:43:44.383+0000] {manager.py:997} INFO - 
================================================================================
DAG File Processing Stats

File Path                                  PID    Runtime      # DAGs    # Errors  Last Runtime    Last Run               Last # of DB Queries
-----------------------------------------  -----  ---------  --------  ----------  --------------  -------------------  ----------------------
/opt/airflow/dags/driven_data_pipeline.py                           1           0  0.11s           2025-10-19T04:43:32                      12
================================================================================
[2025-10-19T04:59:01.766+0000] {manager.py:821} INFO - Searching for files in /opt/airflow/dags
[2025-10-19T04:59:01.769+0000] {manager.py:824} INFO - There are 1 files in /opt/airflow/dags
[2025-10-19T04:59:14.953+0000] {manager.py:997} INFO - 
================================================================================
DAG File Processing Stats

File Path                                  PID    Runtime      # DAGs    # Errors  Last Runtime    Last Run               Last # of DB Queries
-----------------------------------------  -----  ---------  --------  ----------  --------------  -------------------  ----------------------
/opt/airflow/dags/driven_data_pipeline.py                           1           0  0.11s           2025-10-19T04:59:01                      12
================================================================================
[2025-10-19T05:14:32.069+0000] {manager.py:821} INFO - Searching for files in /opt/airflow/dags
[2025-10-19T05:14:32.072+0000] {manager.py:824} INFO - There are 1 files in /opt/airflow/dags
[2025-10-19T05:14:45.211+0000] {manager.py:997} INFO - 
================================================================================
DAG File Processing Stats

File Path                                  PID    Runtime      # DAGs    # Errors  Last Runtime    Last Run               Last # of DB Queries
-----------------------------------------  -----  ---------  --------  ----------  --------------  -------------------  ----------------------
/opt/airflow/dags/driven_data_pipeline.py                           1           0  0.10s           2025-10-19T05:14:32                      12
================================================================================
[2025-10-19T05:30:02.125+0000] {manager.py:821} INFO - Searching for files in /opt/airflow/dags
[2025-10-19T05:30:02.128+0000] {manager.py:824} INFO - There are 1 files in /opt/airflow/dags
[2025-10-19T05:30:16.354+0000] {manager.py:997} INFO - 
================================================================================
DAG File Processing Stats

File Path                                  PID    Runtime      # DAGs    # Errors  Last Runtime    Last Run               Last # of DB Queries
-----------------------------------------  -----  ---------  --------  ----------  --------------  -------------------  ----------------------
/opt/airflow/dags/driven_data_pipeline.py                           1           0  0.10s           2025-10-19T05:30:02                      12
================================================================================
[2025-10-19T05:49:13.618+0000] {manager.py:821} INFO - Searching for files in /opt/airflow/dags
[2025-10-19T05:49:13.624+0000] {manager.py:824} INFO - There are 1 files in /opt/airflow/dags
[2025-10-19T05:49:27.865+0000] {manager.py:997} INFO - 
================================================================================
DAG File Processing Stats

File Path                                  PID    Runtime      # DAGs    # Errors  Last Runtime    Last Run               Last # of DB Queries
-----------------------------------------  -----  ---------  --------  ----------  --------------  -------------------  ----------------------
/opt/airflow/dags/driven_data_pipeline.py                           1           0  0.11s           2025-10-19T05:49:13                      12
================================================================================
[2025-10-19T06:04:43.225+0000] {manager.py:821} INFO - Searching for files in /opt/airflow/dags
[2025-10-19T06:04:43.229+0000] {manager.py:824} INFO - There are 1 files in /opt/airflow/dags
[2025-10-19T06:04:58.383+0000] {manager.py:997} INFO - 
================================================================================
DAG File Processing Stats

File Path                                  PID    Runtime      # DAGs    # Errors  Last Runtime    Last Run               Last # of DB Queries
-----------------------------------------  -----  ---------  --------  ----------  --------------  -------------------  ----------------------
/opt/airflow/dags/driven_data_pipeline.py                           1           0  0.11s           2025-10-19T06:04:43                      12
================================================================================
[2025-10-19T06:20:14.263+0000] {manager.py:821} INFO - Searching for files in /opt/airflow/dags
[2025-10-19T06:20:14.269+0000] {manager.py:824} INFO - There are 1 files in /opt/airflow/dags
[2025-10-19T06:20:29.495+0000] {manager.py:997} INFO - 
================================================================================
DAG File Processing Stats

File Path                                  PID    Runtime      # DAGs    # Errors  Last Runtime    Last Run               Last # of DB Queries
-----------------------------------------  -----  ---------  --------  ----------  --------------  -------------------  ----------------------
/opt/airflow/dags/driven_data_pipeline.py                           1           0  0.10s           2025-10-19T06:20:14                      12
================================================================================
[2025-10-19T06:35:45.360+0000] {manager.py:821} INFO - Searching for files in /opt/airflow/dags
[2025-10-19T06:35:45.365+0000] {manager.py:824} INFO - There are 1 files in /opt/airflow/dags
[2025-10-19T06:36:00.547+0000] {manager.py:997} INFO - 
================================================================================
DAG File Processing Stats

File Path                                  PID    Runtime      # DAGs    # Errors  Last Runtime    Last Run               Last # of DB Queries
-----------------------------------------  -----  ---------  --------  ----------  --------------  -------------------  ----------------------
/opt/airflow/dags/driven_data_pipeline.py                           1           0  0.11s           2025-10-19T06:35:45                      12
================================================================================
[2025-10-19T06:55:24.243+0000] {manager.py:821} INFO - Searching for files in /opt/airflow/dags
[2025-10-19T06:55:24.244+0000] {manager.py:824} INFO - There are 1 files in /opt/airflow/dags
[2025-10-19T06:55:40.514+0000] {manager.py:997} INFO - 
================================================================================
DAG File Processing Stats

File Path                                  PID    Runtime      # DAGs    # Errors  Last Runtime    Last Run               Last # of DB Queries
-----------------------------------------  -----  ---------  --------  ----------  --------------  -------------------  ----------------------
/opt/airflow/dags/driven_data_pipeline.py                           1           0  0.11s           2025-10-19T06:55:24                      12
================================================================================
[2025-10-19T07:10:54.864+0000] {manager.py:821} INFO - Searching for files in /opt/airflow/dags
[2025-10-19T07:10:54.872+0000] {manager.py:824} INFO - There are 1 files in /opt/airflow/dags
[2025-10-19T07:11:11.116+0000] {manager.py:997} INFO - 
================================================================================
DAG File Processing Stats

File Path                                  PID    Runtime      # DAGs    # Errors  Last Runtime    Last Run               Last # of DB Queries
-----------------------------------------  -----  ---------  --------  ----------  --------------  -------------------  ----------------------
/opt/airflow/dags/driven_data_pipeline.py                           1           0  0.16s           2025-10-19T07:10:55                      12
================================================================================
[2025-10-19T07:26:24.820+0000] {manager.py:821} INFO - Searching for files in /opt/airflow/dags
[2025-10-19T07:26:24.825+0000] {manager.py:824} INFO - There are 1 files in /opt/airflow/dags
[2025-10-19T07:26:42.060+0000] {manager.py:997} INFO - 
================================================================================
DAG File Processing Stats

File Path                                  PID    Runtime      # DAGs    # Errors  Last Runtime    Last Run               Last # of DB Queries
-----------------------------------------  -----  ---------  --------  ----------  --------------  -------------------  ----------------------
/opt/airflow/dags/driven_data_pipeline.py                           1           0  0.11s           2025-10-19T07:26:24                      12
================================================================================
[2025-10-19T07:41:56.049+0000] {manager.py:821} INFO - Searching for files in /opt/airflow/dags
[2025-10-19T07:41:56.052+0000] {manager.py:824} INFO - There are 1 files in /opt/airflow/dags
[2025-10-19T07:42:13.214+0000] {manager.py:997} INFO - 
================================================================================
DAG File Processing Stats

File Path                                  PID    Runtime      # DAGs    # Errors  Last Runtime    Last Run               Last # of DB Queries
-----------------------------------------  -----  ---------  --------  ----------  --------------  -------------------  ----------------------
/opt/airflow/dags/driven_data_pipeline.py                           1           0  0.13s           2025-10-19T07:41:56                      12
================================================================================
[2025-10-19T07:42:44.261+0000] {manager.py:997} INFO - 
================================================================================
DAG File Processing Stats

File Path                                  PID    Runtime      # DAGs    # Errors  Last Runtime    Last Run               Last # of DB Queries
-----------------------------------------  -----  ---------  --------  ----------  --------------  -------------------  ----------------------
/opt/airflow/dags/driven_data_pipeline.py                           1           0  0.12s           2025-10-19T07:42:26                      12
================================================================================
[2025-10-19T07:57:56.609+0000] {manager.py:821} INFO - Searching for files in /opt/airflow/dags
[2025-10-19T07:57:56.615+0000] {manager.py:824} INFO - There are 1 files in /opt/airflow/dags
[2025-10-19T07:58:14.833+0000] {manager.py:997} INFO - 
================================================================================
DAG File Processing Stats

File Path                                  PID    Runtime      # DAGs    # Errors  Last Runtime    Last Run               Last # of DB Queries
-----------------------------------------  -----  ---------  --------  ----------  --------------  -------------------  ----------------------
/opt/airflow/dags/driven_data_pipeline.py                           1           0  0.14s           2025-10-19T07:57:56                      12
================================================================================
[2025-10-19T08:13:26.177+0000] {manager.py:821} INFO - Searching for files in /opt/airflow/dags
[2025-10-19T08:13:26.180+0000] {manager.py:824} INFO - There are 1 files in /opt/airflow/dags
[2025-10-19T08:13:45.471+0000] {manager.py:997} INFO - 
================================================================================
DAG File Processing Stats

File Path                                  PID    Runtime      # DAGs    # Errors  Last Runtime    Last Run               Last # of DB Queries
-----------------------------------------  -----  ---------  --------  ----------  --------------  -------------------  ----------------------
/opt/airflow/dags/driven_data_pipeline.py                           1           0  0.10s           2025-10-19T08:13:26                      12
================================================================================
[2025-10-19T08:28:57.370+0000] {manager.py:821} INFO - Searching for files in /opt/airflow/dags
[2025-10-19T08:28:57.375+0000] {manager.py:824} INFO - There are 1 files in /opt/airflow/dags
[2025-10-19T08:29:16.867+0000] {manager.py:997} INFO - 
================================================================================
DAG File Processing Stats

File Path                                  PID    Runtime      # DAGs    # Errors  Last Runtime    Last Run               Last # of DB Queries
-----------------------------------------  -----  ---------  --------  ----------  --------------  -------------------  ----------------------
/opt/airflow/dags/driven_data_pipeline.py                           1           0  0.10s           2025-10-19T08:28:57                      12
================================================================================
[2025-10-19T08:44:27.157+0000] {manager.py:821} INFO - Searching for files in /opt/airflow/dags
[2025-10-19T08:44:27.161+0000] {manager.py:824} INFO - There are 1 files in /opt/airflow/dags
[2025-10-19T08:44:47.580+0000] {manager.py:997} INFO - 
================================================================================
DAG File Processing Stats

File Path                                  PID    Runtime      # DAGs    # Errors  Last Runtime    Last Run               Last # of DB Queries
-----------------------------------------  -----  ---------  --------  ----------  --------------  -------------------  ----------------------
/opt/airflow/dags/driven_data_pipeline.py                           1           0  0.10s           2025-10-19T08:44:27                      12
================================================================================
[2025-10-19T08:59:57.102+0000] {manager.py:821} INFO - Searching for files in /opt/airflow/dags
[2025-10-19T08:59:57.108+0000] {manager.py:824} INFO - There are 1 files in /opt/airflow/dags
[2025-10-19T09:00:17.331+0000] {manager.py:997} INFO - 
================================================================================
DAG File Processing Stats

File Path                                  PID    Runtime      # DAGs    # Errors  Last Runtime    Last Run               Last # of DB Queries
-----------------------------------------  -----  ---------  --------  ----------  --------------  -------------------  ----------------------
/opt/airflow/dags/driven_data_pipeline.py                           1           0  0.10s           2025-10-19T08:59:57                      12
================================================================================
[2025-10-19T09:15:28.183+0000] {manager.py:821} INFO - Searching for files in /opt/airflow/dags
[2025-10-19T09:15:28.186+0000] {manager.py:824} INFO - There are 1 files in /opt/airflow/dags
[2025-10-19T09:15:48.473+0000] {manager.py:997} INFO - 
================================================================================
DAG File Processing Stats

File Path                                  PID    Runtime      # DAGs    # Errors  Last Runtime    Last Run               Last # of DB Queries
-----------------------------------------  -----  ---------  --------  ----------  --------------  -------------------  ----------------------
/opt/airflow/dags/driven_data_pipeline.py                           1           0  0.10s           2025-10-19T09:15:28                      12
================================================================================
[2025-10-19T09:45:57.728+0000] {manager.py:821} INFO - Searching for files in /opt/airflow/dags
[2025-10-19T09:45:57.732+0000] {manager.py:824} INFO - There are 1 files in /opt/airflow/dags
[2025-10-19T09:46:18.991+0000] {manager.py:997} INFO - 
================================================================================
DAG File Processing Stats

File Path                                  PID    Runtime      # DAGs    # Errors  Last Runtime    Last Run               Last # of DB Queries
-----------------------------------------  -----  ---------  --------  ----------  --------------  -------------------  ----------------------
/opt/airflow/dags/driven_data_pipeline.py                           1           0  0.10s           2025-10-19T09:45:57                      12
================================================================================
[2025-10-19T10:01:27.844+0000] {manager.py:821} INFO - Searching for files in /opt/airflow/dags
[2025-10-19T10:01:27.846+0000] {manager.py:824} INFO - There are 1 files in /opt/airflow/dags
[2025-10-19T10:01:50.098+0000] {manager.py:997} INFO - 
================================================================================
DAG File Processing Stats

File Path                                  PID    Runtime      # DAGs    # Errors  Last Runtime    Last Run               Last # of DB Queries
-----------------------------------------  -----  ---------  --------  ----------  --------------  -------------------  ----------------------
/opt/airflow/dags/driven_data_pipeline.py                           1           0  0.09s           2025-10-19T10:01:27                      12
================================================================================
[2025-10-19T10:16:58.099+0000] {manager.py:821} INFO - Searching for files in /opt/airflow/dags
[2025-10-19T10:16:58.104+0000] {manager.py:824} INFO - There are 1 files in /opt/airflow/dags
[2025-10-19T10:17:20.335+0000] {manager.py:997} INFO - 
================================================================================
DAG File Processing Stats

File Path                                  PID    Runtime      # DAGs    # Errors  Last Runtime    Last Run               Last # of DB Queries
-----------------------------------------  -----  ---------  --------  ----------  --------------  -------------------  ----------------------
/opt/airflow/dags/driven_data_pipeline.py                           1           0  0.10s           2025-10-19T10:16:58                      12
================================================================================
[2025-10-19T10:32:29.073+0000] {manager.py:821} INFO - Searching for files in /opt/airflow/dags
[2025-10-19T10:32:29.078+0000] {manager.py:824} INFO - There are 1 files in /opt/airflow/dags
[2025-10-19T10:32:51.432+0000] {manager.py:997} INFO - 
================================================================================
DAG File Processing Stats

File Path                                  PID    Runtime      # DAGs    # Errors  Last Runtime    Last Run               Last # of DB Queries
-----------------------------------------  -----  ---------  --------  ----------  --------------  -------------------  ----------------------
/opt/airflow/dags/driven_data_pipeline.py                           1           0  0.11s           2025-10-19T10:32:29                      12
================================================================================
[2025-10-19T10:33:23.746+0000] {manager.py:997} INFO - 
================================================================================
DAG File Processing Stats

File Path                                  PID    Runtime      # DAGs    # Errors  Last Runtime    Last Run               Last # of DB Queries
-----------------------------------------  -----  ---------  --------  ----------  --------------  -------------------  ----------------------
/opt/airflow/dags/driven_data_pipeline.py                           1           0  0.12s           2025-10-19T10:33:01                      12
================================================================================
[2025-10-19T10:48:31.028+0000] {manager.py:821} INFO - Searching for files in /opt/airflow/dags
[2025-10-19T10:48:31.032+0000] {manager.py:824} INFO - There are 1 files in /opt/airflow/dags
[2025-10-19T10:48:54.306+0000] {manager.py:997} INFO - 
================================================================================
DAG File Processing Stats

File Path                                  PID    Runtime      # DAGs    # Errors  Last Runtime    Last Run               Last # of DB Queries
-----------------------------------------  -----  ---------  --------  ----------  --------------  -------------------  ----------------------
/opt/airflow/dags/driven_data_pipeline.py                           1           0  0.11s           2025-10-19T10:48:31                      12
================================================================================
[2025-10-19T11:04:01.569+0000] {manager.py:821} INFO - Searching for files in /opt/airflow/dags
[2025-10-19T11:04:01.575+0000] {manager.py:824} INFO - There are 1 files in /opt/airflow/dags
[2025-10-19T11:04:24.880+0000] {manager.py:997} INFO - 
================================================================================
DAG File Processing Stats

File Path                                  PID    Runtime      # DAGs    # Errors  Last Runtime    Last Run               Last # of DB Queries
-----------------------------------------  -----  ---------  --------  ----------  --------------  -------------------  ----------------------
/opt/airflow/dags/driven_data_pipeline.py                           1           0  0.11s           2025-10-19T11:04:01                      12
================================================================================
[2025-10-19T11:19:31.604+0000] {manager.py:821} INFO - Searching for files in /opt/airflow/dags
[2025-10-19T11:19:31.607+0000] {manager.py:824} INFO - There are 1 files in /opt/airflow/dags
[2025-10-19T11:19:55.892+0000] {manager.py:997} INFO - 
================================================================================
DAG File Processing Stats

File Path                                  PID    Runtime      # DAGs    # Errors  Last Runtime    Last Run               Last # of DB Queries
-----------------------------------------  -----  ---------  --------  ----------  --------------  -------------------  ----------------------
/opt/airflow/dags/driven_data_pipeline.py                           1           0  0.10s           2025-10-19T11:19:31                      12
================================================================================
[2025-10-19T11:35:02.629+0000] {manager.py:821} INFO - Searching for files in /opt/airflow/dags
[2025-10-19T11:35:02.635+0000] {manager.py:824} INFO - There are 1 files in /opt/airflow/dags
[2025-10-19T11:35:27.240+0000] {manager.py:997} INFO - 
================================================================================
DAG File Processing Stats

File Path                                  PID    Runtime      # DAGs    # Errors  Last Runtime    Last Run               Last # of DB Queries
-----------------------------------------  -----  ---------  --------  ----------  --------------  -------------------  ----------------------
/opt/airflow/dags/driven_data_pipeline.py                           1           0  0.11s           2025-10-19T11:35:02                      12
================================================================================
[2025-10-19T11:50:32.448+0000] {manager.py:821} INFO - Searching for files in /opt/airflow/dags
[2025-10-19T11:50:32.452+0000] {manager.py:824} INFO - There are 1 files in /opt/airflow/dags
[2025-10-19T11:50:57.778+0000] {manager.py:997} INFO - 
================================================================================
DAG File Processing Stats

File Path                                  PID    Runtime      # DAGs    # Errors  Last Runtime    Last Run               Last # of DB Queries
-----------------------------------------  -----  ---------  --------  ----------  --------------  -------------------  ----------------------
/opt/airflow/dags/driven_data_pipeline.py                           1           0  0.10s           2025-10-19T11:50:32                      12
================================================================================
[2025-10-19T12:06:02.251+0000] {manager.py:821} INFO - Searching for files in /opt/airflow/dags
[2025-10-19T12:06:02.255+0000] {manager.py:824} INFO - There are 1 files in /opt/airflow/dags
[2025-10-19T12:06:27.555+0000] {manager.py:997} INFO - 
================================================================================
DAG File Processing Stats

File Path                                  PID    Runtime      # DAGs    # Errors  Last Runtime    Last Run               Last # of DB Queries
-----------------------------------------  -----  ---------  --------  ----------  --------------  -------------------  ----------------------
/opt/airflow/dags/driven_data_pipeline.py                           1           0  0.11s           2025-10-19T12:06:02                      12
================================================================================
[2025-10-19T12:21:32.352+0000] {manager.py:821} INFO - Searching for files in /opt/airflow/dags
[2025-10-19T12:21:32.357+0000] {manager.py:824} INFO - There are 1 files in /opt/airflow/dags
[2025-10-19T12:21:58.947+0000] {manager.py:997} INFO - 
================================================================================
DAG File Processing Stats

File Path                                  PID    Runtime      # DAGs    # Errors  Last Runtime    Last Run               Last # of DB Queries
-----------------------------------------  -----  ---------  --------  ----------  --------------  -------------------  ----------------------
/opt/airflow/dags/driven_data_pipeline.py                           1           0  0.10s           2025-10-19T12:21:32                      12
================================================================================
[2025-10-19T12:40:24.135+0000] {manager.py:821} INFO - Searching for files in /opt/airflow/dags
[2025-10-19T12:40:24.139+0000] {manager.py:824} INFO - There are 1 files in /opt/airflow/dags
[2025-10-19T12:40:50.416+0000] {manager.py:997} INFO - 
================================================================================
DAG File Processing Stats

File Path                                  PID    Runtime      # DAGs    # Errors  Last Runtime    Last Run               Last # of DB Queries
-----------------------------------------  -----  ---------  --------  ----------  --------------  -------------------  ----------------------
/opt/airflow/dags/driven_data_pipeline.py                           1           0  0.09s           2025-10-19T12:40:24                      12
================================================================================
[2025-10-19T12:41:23.797+0000] {manager.py:997} INFO - 
================================================================================
DAG File Processing Stats

File Path                                  PID    Runtime      # DAGs    # Errors  Last Runtime    Last Run               Last # of DB Queries
-----------------------------------------  -----  ---------  --------  ----------  --------------  -------------------  ----------------------
/opt/airflow/dags/driven_data_pipeline.py                           1           0  0.13s           2025-10-19T12:40:57                      12
================================================================================
[2025-10-19T12:56:26.251+0000] {manager.py:821} INFO - Searching for files in /opt/airflow/dags
[2025-10-19T12:56:26.255+0000] {manager.py:824} INFO - There are 1 files in /opt/airflow/dags
[2025-10-19T12:56:53.595+0000] {manager.py:997} INFO - 
================================================================================
DAG File Processing Stats

File Path                                  PID    Runtime      # DAGs    # Errors  Last Runtime    Last Run               Last # of DB Queries
-----------------------------------------  -----  ---------  --------  ----------  --------------  -------------------  ----------------------
/opt/airflow/dags/driven_data_pipeline.py                           1           0  0.11s           2025-10-19T12:56:26                      12
================================================================================
[2025-10-19T13:11:56.545+0000] {manager.py:821} INFO - Searching for files in /opt/airflow/dags
[2025-10-19T13:11:56.551+0000] {manager.py:824} INFO - There are 1 files in /opt/airflow/dags
[2025-10-19T13:12:23.876+0000] {manager.py:997} INFO - 
================================================================================
DAG File Processing Stats

File Path                                  PID    Runtime      # DAGs    # Errors  Last Runtime    Last Run               Last # of DB Queries
-----------------------------------------  -----  ---------  --------  ----------  --------------  -------------------  ----------------------
/opt/airflow/dags/driven_data_pipeline.py                           1           0  0.11s           2025-10-19T13:11:56                      12
================================================================================
[2025-10-19T13:27:26.592+0000] {manager.py:821} INFO - Searching for files in /opt/airflow/dags
[2025-10-19T13:27:26.597+0000] {manager.py:824} INFO - There are 1 files in /opt/airflow/dags
[2025-10-19T13:27:55.490+0000] {manager.py:997} INFO - 
================================================================================
DAG File Processing Stats

File Path                                  PID    Runtime      # DAGs    # Errors  Last Runtime    Last Run               Last # of DB Queries
-----------------------------------------  -----  ---------  --------  ----------  --------------  -------------------  ----------------------
/opt/airflow/dags/driven_data_pipeline.py                           1           0  0.10s           2025-10-19T13:27:26                      12
================================================================================
[2025-10-19T13:42:56.631+0000] {manager.py:821} INFO - Searching for files in /opt/airflow/dags
[2025-10-19T13:42:56.632+0000] {manager.py:824} INFO - There are 1 files in /opt/airflow/dags
[2025-10-19T13:43:25.950+0000] {manager.py:997} INFO - 
================================================================================
DAG File Processing Stats

File Path                                  PID    Runtime      # DAGs    # Errors  Last Runtime    Last Run               Last # of DB Queries
-----------------------------------------  -----  ---------  --------  ----------  --------------  -------------------  ----------------------
/opt/airflow/dags/driven_data_pipeline.py                           1           0  0.09s           2025-10-19T13:42:56                      12
================================================================================
[2025-10-19T13:58:26.389+0000] {manager.py:821} INFO - Searching for files in /opt/airflow/dags
[2025-10-19T13:58:26.391+0000] {manager.py:824} INFO - There are 1 files in /opt/airflow/dags
[2025-10-19T13:58:55.742+0000] {manager.py:997} INFO - 
================================================================================
DAG File Processing Stats

File Path                                  PID    Runtime      # DAGs    # Errors  Last Runtime    Last Run               Last # of DB Queries
-----------------------------------------  -----  ---------  --------  ----------  --------------  -------------------  ----------------------
/opt/airflow/dags/driven_data_pipeline.py                           1           0  0.10s           2025-10-19T13:58:26                      12
================================================================================
[2025-10-19T14:13:56.640+0000] {manager.py:821} INFO - Searching for files in /opt/airflow/dags
[2025-10-19T14:13:56.645+0000] {manager.py:824} INFO - There are 1 files in /opt/airflow/dags
[2025-10-19T14:20:01.644+0000] {manager.py:821} INFO - Searching for files in /opt/airflow/dags
[2025-10-19T14:20:01.650+0000] {manager.py:824} INFO - There are 1 files in /opt/airflow/dags
[2025-10-19T14:20:01.666+0000] {manager.py:997} INFO - 
================================================================================
DAG File Processing Stats

File Path                                    PID  Runtime      # DAGs    # Errors  Last Runtime    Last Run               Last # of DB Queries
-----------------------------------------  -----  ---------  --------  ----------  --------------  -------------------  ----------------------
/opt/airflow/dags/driven_data_pipeline.py   4123  0.00s             1           0  0.10s           2025-10-19T14:13:56                      12
================================================================================
[2025-10-19T14:39:24.121+0000] {manager.py:821} INFO - Searching for files in /opt/airflow/dags
[2025-10-19T14:39:24.127+0000] {manager.py:824} INFO - There are 1 files in /opt/airflow/dags
[2025-10-19T14:39:24.140+0000] {manager.py:997} INFO - 
================================================================================
DAG File Processing Stats

File Path                                    PID  Runtime      # DAGs    # Errors  Last Runtime    Last Run               Last # of DB Queries
-----------------------------------------  -----  ---------  --------  ----------  --------------  -------------------  ----------------------
/opt/airflow/dags/driven_data_pipeline.py   4131  0.00s             1           0  0.11s           2025-10-19T14:20:01                      12
================================================================================
[2025-10-19T14:54:54.660+0000] {manager.py:821} INFO - Searching for files in /opt/airflow/dags
[2025-10-19T14:54:54.665+0000] {manager.py:824} INFO - There are 1 files in /opt/airflow/dags
[2025-10-19T14:54:54.680+0000] {manager.py:997} INFO - 
================================================================================
DAG File Processing Stats

File Path                                    PID  Runtime      # DAGs    # Errors  Last Runtime    Last Run               Last # of DB Queries
-----------------------------------------  -----  ---------  --------  ----------  --------------  -------------------  ----------------------
/opt/airflow/dags/driven_data_pipeline.py   4139  0.00s             1           0  0.10s           2025-10-19T14:39:24                      12
================================================================================
[2025-10-19T15:10:25.240+0000] {manager.py:821} INFO - Searching for files in /opt/airflow/dags
[2025-10-19T15:10:25.244+0000] {manager.py:824} INFO - There are 1 files in /opt/airflow/dags
[2025-10-19T15:10:26.277+0000] {manager.py:997} INFO - 
================================================================================
DAG File Processing Stats

File Path                                  PID    Runtime      # DAGs    # Errors  Last Runtime    Last Run               Last # of DB Queries
-----------------------------------------  -----  ---------  --------  ----------  --------------  -------------------  ----------------------
/opt/airflow/dags/driven_data_pipeline.py                           1           0  0.11s           2025-10-19T15:10:25                      12
================================================================================
[2025-10-19T15:25:05.014+0000] {manager.py:821} INFO - Searching for files in /opt/airflow/dags
[2025-10-19T15:25:05.020+0000] {manager.py:824} INFO - There are 1 files in /opt/airflow/dags
[2025-10-19T15:25:06.047+0000] {manager.py:997} INFO - 
================================================================================
DAG File Processing Stats

File Path                                  PID    Runtime      # DAGs    # Errors  Last Runtime    Last Run               Last # of DB Queries
-----------------------------------------  -----  ---------  --------  ----------  --------------  -------------------  ----------------------
/opt/airflow/dags/driven_data_pipeline.py                           1           0  0.10s           2025-10-19T15:25:05                      12
================================================================================
[2025-10-19T15:40:34.569+0000] {manager.py:821} INFO - Searching for files in /opt/airflow/dags
[2025-10-19T15:40:34.573+0000] {manager.py:824} INFO - There are 1 files in /opt/airflow/dags
[2025-10-19T15:40:36.608+0000] {manager.py:997} INFO - 
================================================================================
DAG File Processing Stats

File Path                                  PID    Runtime      # DAGs    # Errors  Last Runtime    Last Run               Last # of DB Queries
-----------------------------------------  -----  ---------  --------  ----------  --------------  -------------------  ----------------------
/opt/airflow/dags/driven_data_pipeline.py                           1           0  0.10s           2025-10-19T15:40:34                      12
================================================================================
[2025-10-19T15:56:04.985+0000] {manager.py:821} INFO - Searching for files in /opt/airflow/dags
[2025-10-19T15:56:04.990+0000] {manager.py:824} INFO - There are 1 files in /opt/airflow/dags
[2025-10-19T15:56:07.029+0000] {manager.py:997} INFO - 
================================================================================
DAG File Processing Stats

File Path                                  PID    Runtime      # DAGs    # Errors  Last Runtime    Last Run               Last # of DB Queries
-----------------------------------------  -----  ---------  --------  ----------  --------------  -------------------  ----------------------
/opt/airflow/dags/driven_data_pipeline.py                           1           0  0.11s           2025-10-19T15:56:05                      12
================================================================================
[2025-10-19T16:11:35.950+0000] {manager.py:821} INFO - Searching for files in /opt/airflow/dags
[2025-10-19T16:11:35.956+0000] {manager.py:824} INFO - There are 1 files in /opt/airflow/dags
[2025-10-19T16:11:37.995+0000] {manager.py:997} INFO - 
================================================================================
DAG File Processing Stats

File Path                                  PID    Runtime      # DAGs    # Errors  Last Runtime    Last Run               Last # of DB Queries
-----------------------------------------  -----  ---------  --------  ----------  --------------  -------------------  ----------------------
/opt/airflow/dags/driven_data_pipeline.py                           1           0  0.10s           2025-10-19T16:11:36                      12
================================================================================
[2025-10-19T16:26:14.741+0000] {manager.py:821} INFO - Searching for files in /opt/airflow/dags
[2025-10-19T16:26:14.747+0000] {manager.py:824} INFO - There are 1 files in /opt/airflow/dags
[2025-10-19T16:26:17.819+0000] {manager.py:997} INFO - 
================================================================================
DAG File Processing Stats

File Path                                  PID    Runtime      # DAGs    # Errors  Last Runtime    Last Run               Last # of DB Queries
-----------------------------------------  -----  ---------  --------  ----------  --------------  -------------------  ----------------------
/opt/airflow/dags/driven_data_pipeline.py                           1           0  0.10s           2025-10-19T16:26:14                      12
================================================================================
[2025-10-19T16:41:44.816+0000] {manager.py:821} INFO - Searching for files in /opt/airflow/dags
[2025-10-19T16:41:44.822+0000] {manager.py:824} INFO - There are 1 files in /opt/airflow/dags
[2025-10-19T16:41:47.868+0000] {manager.py:997} INFO - 
================================================================================
DAG File Processing Stats

File Path                                  PID    Runtime      # DAGs    # Errors  Last Runtime    Last Run               Last # of DB Queries
-----------------------------------------  -----  ---------  --------  ----------  --------------  -------------------  ----------------------
/opt/airflow/dags/driven_data_pipeline.py                           1           0  0.10s           2025-10-19T16:41:44                      12
================================================================================
[2025-10-19T16:57:14.488+0000] {manager.py:821} INFO - Searching for files in /opt/airflow/dags
[2025-10-19T16:57:14.493+0000] {manager.py:824} INFO - There are 1 files in /opt/airflow/dags
[2025-10-19T16:57:18.555+0000] {manager.py:997} INFO - 
================================================================================
DAG File Processing Stats

File Path                                  PID    Runtime      # DAGs    # Errors  Last Runtime    Last Run               Last # of DB Queries
-----------------------------------------  -----  ---------  --------  ----------  --------------  -------------------  ----------------------
/opt/airflow/dags/driven_data_pipeline.py                           1           0  0.09s           2025-10-19T16:57:14                      12
================================================================================
[2025-10-19T17:15:18.017+0000] {manager.py:821} INFO - Searching for files in /opt/airflow/dags
[2025-10-19T17:15:18.019+0000] {manager.py:824} INFO - There are 1 files in /opt/airflow/dags
[2025-10-19T17:15:22.062+0000] {manager.py:997} INFO - 
================================================================================
DAG File Processing Stats

File Path                                  PID    Runtime      # DAGs    # Errors  Last Runtime    Last Run               Last # of DB Queries
-----------------------------------------  -----  ---------  --------  ----------  --------------  -------------------  ----------------------
/opt/airflow/dags/driven_data_pipeline.py                           1           0  0.09s           2025-10-19T17:15:18                      12
================================================================================
[2025-10-19T17:26:58.141+0000] {manager.py:821} INFO - Searching for files in /opt/airflow/dags
[2025-10-19T17:26:58.144+0000] {manager.py:824} INFO - There are 1 files in /opt/airflow/dags
[2025-10-19T17:27:02.235+0000] {manager.py:997} INFO - 
================================================================================
DAG File Processing Stats

File Path                                  PID    Runtime      # DAGs    # Errors  Last Runtime    Last Run               Last # of DB Queries
-----------------------------------------  -----  ---------  --------  ----------  --------------  -------------------  ----------------------
/opt/airflow/dags/driven_data_pipeline.py                           1           0  0.14s           2025-10-19T17:26:58                      12
================================================================================
[2025-10-19T17:42:28.271+0000] {manager.py:821} INFO - Searching for files in /opt/airflow/dags
[2025-10-19T17:42:28.277+0000] {manager.py:824} INFO - There are 1 files in /opt/airflow/dags
[2025-10-19T17:42:32.434+0000] {manager.py:997} INFO - 
================================================================================
DAG File Processing Stats

File Path                                  PID    Runtime      # DAGs    # Errors  Last Runtime    Last Run               Last # of DB Queries
-----------------------------------------  -----  ---------  --------  ----------  --------------  -------------------  ----------------------
/opt/airflow/dags/driven_data_pipeline.py                           1           0  0.12s           2025-10-19T17:42:28                      12
================================================================================
[2025-10-19T17:57:57.923+0000] {manager.py:821} INFO - Searching for files in /opt/airflow/dags
[2025-10-19T17:57:57.927+0000] {manager.py:824} INFO - There are 1 files in /opt/airflow/dags
[2025-10-19T17:58:02.988+0000] {manager.py:997} INFO - 
================================================================================
DAG File Processing Stats

File Path                                  PID    Runtime      # DAGs    # Errors  Last Runtime    Last Run               Last # of DB Queries
-----------------------------------------  -----  ---------  --------  ----------  --------------  -------------------  ----------------------
/opt/airflow/dags/driven_data_pipeline.py                           1           0  0.11s           2025-10-19T17:57:58                      12
================================================================================
[2025-10-19T18:13:28.828+0000] {manager.py:821} INFO - Searching for files in /opt/airflow/dags
[2025-10-19T18:13:28.833+0000] {manager.py:824} INFO - There are 1 files in /opt/airflow/dags
[2025-10-19T18:13:33.964+0000] {manager.py:997} INFO - 
================================================================================
DAG File Processing Stats

File Path                                  PID    Runtime      # DAGs    # Errors  Last Runtime    Last Run               Last # of DB Queries
-----------------------------------------  -----  ---------  --------  ----------  --------------  -------------------  ----------------------
/opt/airflow/dags/driven_data_pipeline.py                           1           0  0.11s           2025-10-19T18:13:28                      12
================================================================================
[2025-10-19T18:28:11.063+0000] {manager.py:821} INFO - Searching for files in /opt/airflow/dags
[2025-10-19T18:28:11.067+0000] {manager.py:824} INFO - There are 1 files in /opt/airflow/dags
[2025-10-19T18:28:17.146+0000] {manager.py:997} INFO - 
================================================================================
DAG File Processing Stats

File Path                                  PID    Runtime      # DAGs    # Errors  Last Runtime    Last Run               Last # of DB Queries
-----------------------------------------  -----  ---------  --------  ----------  --------------  -------------------  ----------------------
/opt/airflow/dags/driven_data_pipeline.py                           1           0  0.10s           2025-10-19T18:28:11                      12
================================================================================
[2025-10-19T18:43:41.779+0000] {manager.py:821} INFO - Searching for files in /opt/airflow/dags
[2025-10-19T18:43:41.786+0000] {manager.py:824} INFO - There are 1 files in /opt/airflow/dags
[2025-10-19T18:43:47.872+0000] {manager.py:997} INFO - 
================================================================================
DAG File Processing Stats

File Path                                  PID    Runtime      # DAGs    # Errors  Last Runtime    Last Run               Last # of DB Queries
-----------------------------------------  -----  ---------  --------  ----------  --------------  -------------------  ----------------------
/opt/airflow/dags/driven_data_pipeline.py                           1           0  0.10s           2025-10-19T18:43:41                      12
================================================================================
[2025-10-19T18:59:11.465+0000] {manager.py:821} INFO - Searching for files in /opt/airflow/dags
[2025-10-19T18:59:11.469+0000] {manager.py:824} INFO - There are 1 files in /opt/airflow/dags
[2025-10-19T18:59:18.575+0000] {manager.py:997} INFO - 
================================================================================
DAG File Processing Stats

File Path                                  PID    Runtime      # DAGs    # Errors  Last Runtime    Last Run               Last # of DB Queries
-----------------------------------------  -----  ---------  --------  ----------  --------------  -------------------  ----------------------
/opt/airflow/dags/driven_data_pipeline.py                           1           0  0.10s           2025-10-19T18:59:11                      12
================================================================================
[2025-10-19T19:28:58.271+0000] {manager.py:821} INFO - Searching for files in /opt/airflow/dags
[2025-10-19T19:28:58.276+0000] {manager.py:824} INFO - There are 1 files in /opt/airflow/dags
[2025-10-19T19:29:05.373+0000] {manager.py:997} INFO - 
================================================================================
DAG File Processing Stats

File Path                                  PID    Runtime      # DAGs    # Errors  Last Runtime    Last Run               Last # of DB Queries
-----------------------------------------  -----  ---------  --------  ----------  --------------  -------------------  ----------------------
/opt/airflow/dags/driven_data_pipeline.py                           1           0  0.11s           2025-10-19T19:28:58                      12
================================================================================
[2025-10-19T19:44:28.824+0000] {manager.py:821} INFO - Searching for files in /opt/airflow/dags
[2025-10-19T19:44:28.827+0000] {manager.py:824} INFO - There are 1 files in /opt/airflow/dags
[2025-10-19T19:44:35.947+0000] {manager.py:997} INFO - 
================================================================================
DAG File Processing Stats

File Path                                  PID    Runtime      # DAGs    # Errors  Last Runtime    Last Run               Last # of DB Queries
-----------------------------------------  -----  ---------  --------  ----------  --------------  -------------------  ----------------------
/opt/airflow/dags/driven_data_pipeline.py                           1           0  0.10s           2025-10-19T19:44:28                      12
================================================================================
[2025-10-19T19:59:57.607+0000] {manager.py:821} INFO - Searching for files in /opt/airflow/dags
[2025-10-19T19:59:57.612+0000] {manager.py:824} INFO - There are 1 files in /opt/airflow/dags
[2025-10-19T20:00:05.737+0000] {manager.py:997} INFO - 
================================================================================
DAG File Processing Stats

File Path                                  PID    Runtime      # DAGs    # Errors  Last Runtime    Last Run               Last # of DB Queries
-----------------------------------------  -----  ---------  --------  ----------  --------------  -------------------  ----------------------
/opt/airflow/dags/driven_data_pipeline.py                           1           0  0.11s           2025-10-19T19:59:57                      12
================================================================================
[2025-10-19T20:15:28.794+0000] {manager.py:821} INFO - Searching for files in /opt/airflow/dags
[2025-10-19T20:15:28.798+0000] {manager.py:824} INFO - There are 1 files in /opt/airflow/dags
[2025-10-19T20:15:36.912+0000] {manager.py:997} INFO - 
================================================================================
DAG File Processing Stats

File Path                                  PID    Runtime      # DAGs    # Errors  Last Runtime    Last Run               Last # of DB Queries
-----------------------------------------  -----  ---------  --------  ----------  --------------  -------------------  ----------------------
/opt/airflow/dags/driven_data_pipeline.py                           1           0  0.11s           2025-10-19T20:15:28                      12
================================================================================
[2025-10-19T20:29:58.863+0000] {manager.py:821} INFO - Searching for files in /opt/airflow/dags
[2025-10-19T20:29:58.865+0000] {manager.py:824} INFO - There are 1 files in /opt/airflow/dags
[2025-10-19T20:30:07.964+0000] {manager.py:997} INFO - 
================================================================================
DAG File Processing Stats

File Path                                  PID    Runtime      # DAGs    # Errors  Last Runtime    Last Run               Last # of DB Queries
-----------------------------------------  -----  ---------  --------  ----------  --------------  -------------------  ----------------------
/opt/airflow/dags/driven_data_pipeline.py                           1           0  0.11s           2025-10-19T20:29:58                      12
================================================================================
[2025-10-19T20:38:16.824+0000] {manager.py:821} INFO - Searching for files in /opt/airflow/dags
[2025-10-19T20:38:16.829+0000] {manager.py:824} INFO - There are 1 files in /opt/airflow/dags
[2025-10-19T20:38:25.942+0000] {manager.py:997} INFO - 
================================================================================
DAG File Processing Stats

File Path                                  PID    Runtime      # DAGs    # Errors  Last Runtime    Last Run               Last # of DB Queries
-----------------------------------------  -----  ---------  --------  ----------  --------------  -------------------  ----------------------
/opt/airflow/dags/driven_data_pipeline.py                           1           0  0.11s           2025-10-19T20:38:16                      12
================================================================================
[2025-10-19T20:53:46.887+0000] {manager.py:821} INFO - Searching for files in /opt/airflow/dags
[2025-10-19T20:53:46.891+0000] {manager.py:824} INFO - There are 1 files in /opt/airflow/dags
[2025-10-19T20:53:57.030+0000] {manager.py:997} INFO - 
================================================================================
DAG File Processing Stats

File Path                                  PID    Runtime      # DAGs    # Errors  Last Runtime    Last Run               Last # of DB Queries
-----------------------------------------  -----  ---------  --------  ----------  --------------  -------------------  ----------------------
/opt/airflow/dags/driven_data_pipeline.py                           1           0  0.11s           2025-10-19T20:53:47                      12
================================================================================
[2025-10-19T21:09:18.403+0000] {manager.py:821} INFO - Searching for files in /opt/airflow/dags
[2025-10-19T21:09:18.408+0000] {manager.py:824} INFO - There are 1 files in /opt/airflow/dags
[2025-10-19T21:09:28.591+0000] {manager.py:997} INFO - 
================================================================================
DAG File Processing Stats

File Path                                  PID    Runtime      # DAGs    # Errors  Last Runtime    Last Run               Last # of DB Queries
-----------------------------------------  -----  ---------  --------  ----------  --------------  -------------------  ----------------------
/opt/airflow/dags/driven_data_pipeline.py                           1           0  0.11s           2025-10-19T21:09:18                      12
================================================================================
[2025-10-19T21:24:49.025+0000] {manager.py:821} INFO - Searching for files in /opt/airflow/dags
[2025-10-19T21:24:49.029+0000] {manager.py:824} INFO - There are 1 files in /opt/airflow/dags
[2025-10-19T21:24:59.163+0000] {manager.py:997} INFO - 
================================================================================
DAG File Processing Stats

File Path                                  PID    Runtime      # DAGs    # Errors  Last Runtime    Last Run               Last # of DB Queries
-----------------------------------------  -----  ---------  --------  ----------  --------------  -------------------  ----------------------
/opt/airflow/dags/driven_data_pipeline.py                           1           0  0.11s           2025-10-19T21:24:49                      12
================================================================================
[2025-10-19T21:30:55.947+0000] {manager.py:821} INFO - Searching for files in /opt/airflow/dags
[2025-10-19T21:30:55.950+0000] {manager.py:824} INFO - There are 1 files in /opt/airflow/dags
[2025-10-19T21:31:07.098+0000] {manager.py:997} INFO - 
================================================================================
DAG File Processing Stats

File Path                                  PID    Runtime      # DAGs    # Errors  Last Runtime    Last Run               Last # of DB Queries
-----------------------------------------  -----  ---------  --------  ----------  --------------  -------------------  ----------------------
/opt/airflow/dags/driven_data_pipeline.py                           1           0  0.10s           2025-10-19T21:30:56                      12
================================================================================
[2025-10-19T21:46:27.909+0000] {manager.py:821} INFO - Searching for files in /opt/airflow/dags
[2025-10-19T21:46:27.912+0000] {manager.py:824} INFO - There are 1 files in /opt/airflow/dags
[2025-10-19T21:46:39.032+0000] {manager.py:997} INFO - 
================================================================================
DAG File Processing Stats

File Path                                  PID    Runtime      # DAGs    # Errors  Last Runtime    Last Run               Last # of DB Queries
-----------------------------------------  -----  ---------  --------  ----------  --------------  -------------------  ----------------------
/opt/airflow/dags/driven_data_pipeline.py                           1           0  0.10s           2025-10-19T21:46:28                      12
================================================================================
[2025-10-19T22:01:58.907+0000] {manager.py:821} INFO - Searching for files in /opt/airflow/dags
[2025-10-19T22:01:58.913+0000] {manager.py:824} INFO - There are 1 files in /opt/airflow/dags
[2025-10-19T22:02:10.603+0000] {manager.py:997} INFO - 
================================================================================
DAG File Processing Stats

File Path                                  PID    Runtime      # DAGs    # Errors  Last Runtime    Last Run               Last # of DB Queries
-----------------------------------------  -----  ---------  --------  ----------  --------------  -------------------  ----------------------
/opt/airflow/dags/driven_data_pipeline.py                           1           0  0.11s           2025-10-19T22:01:59                      12
================================================================================
[2025-10-19T22:17:28.009+0000] {manager.py:821} INFO - Searching for files in /opt/airflow/dags
[2025-10-19T22:17:28.013+0000] {manager.py:824} INFO - There are 1 files in /opt/airflow/dags
[2025-10-19T22:17:40.527+0000] {manager.py:997} INFO - 
================================================================================
DAG File Processing Stats

File Path                                  PID    Runtime      # DAGs    # Errors  Last Runtime    Last Run               Last # of DB Queries
-----------------------------------------  -----  ---------  --------  ----------  --------------  -------------------  ----------------------
/opt/airflow/dags/driven_data_pipeline.py                           1           0  0.10s           2025-10-19T22:17:28                      12
================================================================================
[2025-10-19T22:32:04.898+0000] {manager.py:821} INFO - Searching for files in /opt/airflow/dags
[2025-10-19T22:32:04.903+0000] {manager.py:824} INFO - There are 1 files in /opt/airflow/dags
[2025-10-19T22:32:18.050+0000] {manager.py:997} INFO - 
================================================================================
DAG File Processing Stats

File Path                                  PID    Runtime      # DAGs    # Errors  Last Runtime    Last Run               Last # of DB Queries
-----------------------------------------  -----  ---------  --------  ----------  --------------  -------------------  ----------------------
/opt/airflow/dags/driven_data_pipeline.py                           1           0  0.11s           2025-10-19T22:32:05                      12
================================================================================
[2025-10-19T22:47:35.530+0000] {manager.py:821} INFO - Searching for files in /opt/airflow/dags
[2025-10-19T22:47:35.535+0000] {manager.py:824} INFO - There are 1 files in /opt/airflow/dags
[2025-10-19T22:47:49.725+0000] {manager.py:997} INFO - 
================================================================================
DAG File Processing Stats

File Path                                  PID    Runtime      # DAGs    # Errors  Last Runtime    Last Run               Last # of DB Queries
-----------------------------------------  -----  ---------  --------  ----------  --------------  -------------------  ----------------------
/opt/airflow/dags/driven_data_pipeline.py                           1           0  0.11s           2025-10-19T22:47:35                      12
================================================================================
[2025-10-19T23:07:56.427+0000] {manager.py:821} INFO - Searching for files in /opt/airflow/dags
[2025-10-19T23:07:56.429+0000] {manager.py:824} INFO - There are 1 files in /opt/airflow/dags
[2025-10-19T23:08:10.628+0000] {manager.py:997} INFO - 
================================================================================
DAG File Processing Stats

File Path                                  PID    Runtime      # DAGs    # Errors  Last Runtime    Last Run               Last # of DB Queries
-----------------------------------------  -----  ---------  --------  ----------  --------------  -------------------  ----------------------
/opt/airflow/dags/driven_data_pipeline.py                           1           0  0.10s           2025-10-19T23:07:56                      12
================================================================================
[2025-10-19T23:08:43.252+0000] {manager.py:997} INFO - 
================================================================================
DAG File Processing Stats

File Path                                  PID    Runtime      # DAGs    # Errors  Last Runtime    Last Run               Last # of DB Queries
-----------------------------------------  -----  ---------  --------  ----------  --------------  -------------------  ----------------------
/opt/airflow/dags/driven_data_pipeline.py                           1           0  0.11s           2025-10-19T23:08:28                      12
================================================================================
[2025-10-19T23:23:58.692+0000] {manager.py:821} INFO - Searching for files in /opt/airflow/dags
[2025-10-19T23:23:58.694+0000] {manager.py:824} INFO - There are 1 files in /opt/airflow/dags
[2025-10-19T23:24:13.860+0000] {manager.py:997} INFO - 
================================================================================
DAG File Processing Stats

File Path                                  PID    Runtime      # DAGs    # Errors  Last Runtime    Last Run               Last # of DB Queries
-----------------------------------------  -----  ---------  --------  ----------  --------------  -------------------  ----------------------
/opt/airflow/dags/driven_data_pipeline.py                           1           0  0.10s           2025-10-19T23:23:58                      12
================================================================================
[2025-10-19T23:33:11.996+0000] {manager.py:821} INFO - Searching for files in /opt/airflow/dags
[2025-10-19T23:33:12.000+0000] {manager.py:824} INFO - There are 1 files in /opt/airflow/dags
[2025-10-19T23:33:27.157+0000] {manager.py:997} INFO - 
================================================================================
DAG File Processing Stats

File Path                                  PID    Runtime      # DAGs    # Errors  Last Runtime    Last Run               Last # of DB Queries
-----------------------------------------  -----  ---------  --------  ----------  --------------  -------------------  ----------------------
/opt/airflow/dags/driven_data_pipeline.py                           1           0  0.11s           2025-10-19T23:33:12                      12
================================================================================
[2025-10-19T23:48:43.036+0000] {manager.py:821} INFO - Searching for files in /opt/airflow/dags
[2025-10-19T23:48:43.044+0000] {manager.py:824} INFO - There are 1 files in /opt/airflow/dags
[2025-10-19T23:48:58.281+0000] {manager.py:997} INFO - 
================================================================================
DAG File Processing Stats

File Path                                  PID    Runtime      # DAGs    # Errors  Last Runtime    Last Run               Last # of DB Queries
-----------------------------------------  -----  ---------  --------  ----------  --------------  -------------------  ----------------------
/opt/airflow/dags/driven_data_pipeline.py                           1           0  0.12s           2025-10-19T23:48:43                      12
================================================================================
[2025-10-20T00:04:13.097+0000] {manager.py:821} INFO - Searching for files in /opt/airflow/dags
[2025-10-20T00:04:13.102+0000] {manager.py:824} INFO - There are 1 files in /opt/airflow/dags
[2025-10-20T00:04:29.353+0000] {manager.py:997} INFO - 
================================================================================
DAG File Processing Stats

File Path                                  PID    Runtime      # DAGs    # Errors  Last Runtime    Last Run               Last # of DB Queries
-----------------------------------------  -----  ---------  --------  ----------  --------------  -------------------  ----------------------
/opt/airflow/dags/driven_data_pipeline.py                           1           0  0.11s           2025-10-20T00:04:13                      12
================================================================================
[2025-10-20T00:19:44.674+0000] {manager.py:821} INFO - Searching for files in /opt/airflow/dags
[2025-10-20T00:19:44.684+0000] {manager.py:824} INFO - There are 1 files in /opt/airflow/dags
[2025-10-20T00:20:00.912+0000] {manager.py:997} INFO - 
================================================================================
DAG File Processing Stats

File Path                                  PID    Runtime      # DAGs    # Errors  Last Runtime    Last Run               Last # of DB Queries
-----------------------------------------  -----  ---------  --------  ----------  --------------  -------------------  ----------------------
/opt/airflow/dags/driven_data_pipeline.py                           1           0  0.12s           2025-10-20T00:19:44                      12
================================================================================
[2025-10-20T00:41:35.157+0000] {manager.py:821} INFO - Searching for files in /opt/airflow/dags
[2025-10-20T00:41:35.160+0000] {manager.py:824} INFO - There are 1 files in /opt/airflow/dags
[2025-10-20T00:41:51.338+0000] {manager.py:997} INFO - 
================================================================================
DAG File Processing Stats

File Path                                  PID    Runtime      # DAGs    # Errors  Last Runtime    Last Run               Last # of DB Queries
-----------------------------------------  -----  ---------  --------  ----------  --------------  -------------------  ----------------------
/opt/airflow/dags/driven_data_pipeline.py                           1           0  0.09s           2025-10-20T00:41:35                      12
================================================================================
[2025-10-20T00:57:05.224+0000] {manager.py:821} INFO - Searching for files in /opt/airflow/dags
[2025-10-20T00:57:05.228+0000] {manager.py:824} INFO - There are 1 files in /opt/airflow/dags
[2025-10-20T00:57:22.441+0000] {manager.py:997} INFO - 
================================================================================
DAG File Processing Stats

File Path                                  PID    Runtime      # DAGs    # Errors  Last Runtime    Last Run               Last # of DB Queries
-----------------------------------------  -----  ---------  --------  ----------  --------------  -------------------  ----------------------
/opt/airflow/dags/driven_data_pipeline.py                           1           0  0.11s           2025-10-20T00:57:05                      12
================================================================================
[2025-10-20T01:12:35.309+0000] {manager.py:821} INFO - Searching for files in /opt/airflow/dags
[2025-10-20T01:12:35.314+0000] {manager.py:824} INFO - There are 1 files in /opt/airflow/dags
[2025-10-20T01:12:52.492+0000] {manager.py:997} INFO - 
================================================================================
DAG File Processing Stats

File Path                                  PID    Runtime      # DAGs    # Errors  Last Runtime    Last Run               Last # of DB Queries
-----------------------------------------  -----  ---------  --------  ----------  --------------  -------------------  ----------------------
/opt/airflow/dags/driven_data_pipeline.py                           1           0  0.11s           2025-10-20T01:12:35                      12
================================================================================
[2025-10-20T01:28:04.030+0000] {manager.py:821} INFO - Searching for files in /opt/airflow/dags
[2025-10-20T01:28:04.035+0000] {manager.py:824} INFO - There are 1 files in /opt/airflow/dags
[2025-10-20T01:28:22.219+0000] {manager.py:997} INFO - 
================================================================================
DAG File Processing Stats

File Path                                  PID    Runtime      # DAGs    # Errors  Last Runtime    Last Run               Last # of DB Queries
-----------------------------------------  -----  ---------  --------  ----------  --------------  -------------------  ----------------------
/opt/airflow/dags/driven_data_pipeline.py                           1           0  0.10s           2025-10-20T01:28:04                      12
================================================================================
[2025-10-20T01:35:05.621+0000] {manager.py:821} INFO - Searching for files in /opt/airflow/dags
[2025-10-20T01:35:05.624+0000] {manager.py:824} INFO - There are 1 files in /opt/airflow/dags
[2025-10-20T01:35:23.840+0000] {manager.py:997} INFO - 
================================================================================
DAG File Processing Stats

File Path                                  PID    Runtime      # DAGs    # Errors  Last Runtime    Last Run               Last # of DB Queries
-----------------------------------------  -----  ---------  --------  ----------  --------------  -------------------  ----------------------
/opt/airflow/dags/driven_data_pipeline.py                           1           0  0.11s           2025-10-20T01:35:05                      12
================================================================================
[2025-10-20T01:37:05.856+0000] {manager.py:997} INFO - 
================================================================================
DAG File Processing Stats

File Path                                  PID    Runtime      # DAGs    # Errors  Last Runtime    Last Run               Last # of DB Queries
-----------------------------------------  -----  ---------  --------  ----------  --------------  -------------------  ----------------------
/opt/airflow/dags/driven_data_pipeline.py                           1           0  0.18s           2025-10-20T01:36:48                      12
================================================================================
[2025-10-20T02:01:43.307+0000] {manager.py:821} INFO - Searching for files in /opt/airflow/dags
[2025-10-20T02:01:43.310+0000] {manager.py:824} INFO - There are 1 files in /opt/airflow/dags
[2025-10-20T02:02:01.546+0000] {manager.py:997} INFO - 
================================================================================
DAG File Processing Stats

File Path                                  PID    Runtime      # DAGs    # Errors  Last Runtime    Last Run               Last # of DB Queries
-----------------------------------------  -----  ---------  --------  ----------  --------------  -------------------  ----------------------
/opt/airflow/dags/driven_data_pipeline.py                           1           0  0.12s           2025-10-20T02:01:43                      12
================================================================================
[2025-10-20T02:17:12.757+0000] {manager.py:821} INFO - Searching for files in /opt/airflow/dags
[2025-10-20T02:17:12.758+0000] {manager.py:824} INFO - There are 1 files in /opt/airflow/dags
[2025-10-20T02:17:31.954+0000] {manager.py:997} INFO - 
================================================================================
DAG File Processing Stats

File Path                                  PID    Runtime      # DAGs    # Errors  Last Runtime    Last Run               Last # of DB Queries
-----------------------------------------  -----  ---------  --------  ----------  --------------  -------------------  ----------------------
/opt/airflow/dags/driven_data_pipeline.py                           1           0  0.09s           2025-10-20T02:17:12                      12
================================================================================
[2025-10-20T02:32:42.952+0000] {manager.py:821} INFO - Searching for files in /opt/airflow/dags
[2025-10-20T02:32:42.954+0000] {manager.py:824} INFO - There are 1 files in /opt/airflow/dags
[2025-10-20T02:33:02.250+0000] {manager.py:997} INFO - 
================================================================================
DAG File Processing Stats

File Path                                  PID    Runtime      # DAGs    # Errors  Last Runtime    Last Run               Last # of DB Queries
-----------------------------------------  -----  ---------  --------  ----------  --------------  -------------------  ----------------------
/opt/airflow/dags/driven_data_pipeline.py                           1           0  0.10s           2025-10-20T02:32:43                      12
================================================================================
[2025-10-20T02:51:07.103+0000] {manager.py:821} INFO - Searching for files in /opt/airflow/dags
[2025-10-20T02:51:07.107+0000] {manager.py:824} INFO - There are 1 files in /opt/airflow/dags
[2025-10-20T02:51:27.324+0000] {manager.py:997} INFO - 
================================================================================
DAG File Processing Stats

File Path                                  PID    Runtime      # DAGs    # Errors  Last Runtime    Last Run               Last # of DB Queries
-----------------------------------------  -----  ---------  --------  ----------  --------------  -------------------  ----------------------
/opt/airflow/dags/driven_data_pipeline.py                           1           0  0.10s           2025-10-20T02:51:07                      12
================================================================================
[2025-10-20T03:06:36.874+0000] {manager.py:821} INFO - Searching for files in /opt/airflow/dags
[2025-10-20T03:06:36.877+0000] {manager.py:824} INFO - There are 1 files in /opt/airflow/dags
[2025-10-20T03:06:57.265+0000] {manager.py:997} INFO - 
================================================================================
DAG File Processing Stats

File Path                                  PID    Runtime      # DAGs    # Errors  Last Runtime    Last Run               Last # of DB Queries
-----------------------------------------  -----  ---------  --------  ----------  --------------  -------------------  ----------------------
/opt/airflow/dags/driven_data_pipeline.py                           1           0  0.10s           2025-10-20T03:06:36                      12
================================================================================
[2025-10-20T03:07:44.161+0000] {manager.py:997} INFO - 
================================================================================
DAG File Processing Stats

File Path                                  PID    Runtime      # DAGs    # Errors  Last Runtime    Last Run               Last # of DB Queries
-----------------------------------------  -----  ---------  --------  ----------  --------------  -------------------  ----------------------
/opt/airflow/dags/driven_data_pipeline.py                           1           0  0.16s           2025-10-20T03:07:24                      12
================================================================================
[2025-10-20T03:09:42.769+0000] {manager.py:997} INFO - 
================================================================================
DAG File Processing Stats

File Path                                  PID    Runtime      # DAGs    # Errors  Last Runtime    Last Run               Last # of DB Queries
-----------------------------------------  -----  ---------  --------  ----------  --------------  -------------------  ----------------------
/opt/airflow/dags/driven_data_pipeline.py                           1           0  0.11s           2025-10-20T03:09:22                      12
================================================================================
[2025-10-20T03:10:13.162+0000] {manager.py:997} INFO - 
================================================================================
DAG File Processing Stats

File Path                                  PID    Runtime      # DAGs    # Errors  Last Runtime    Last Run               Last # of DB Queries
-----------------------------------------  -----  ---------  --------  ----------  --------------  -------------------  ----------------------
/opt/airflow/dags/driven_data_pipeline.py                           1           0  0.12s           2025-10-20T03:09:52                      12
================================================================================
[2025-10-20T03:10:43.517+0000] {manager.py:997} INFO - 
================================================================================
DAG File Processing Stats

File Path                                  PID    Runtime      # DAGs    # Errors  Last Runtime    Last Run               Last # of DB Queries
-----------------------------------------  -----  ---------  --------  ----------  --------------  -------------------  ----------------------
/opt/airflow/dags/driven_data_pipeline.py                           1           0  0.11s           2025-10-20T03:10:23                      12
================================================================================
[2025-10-20T03:11:13.899+0000] {manager.py:997} INFO - 
================================================================================
DAG File Processing Stats

File Path                                  PID    Runtime      # DAGs    # Errors  Last Runtime    Last Run               Last # of DB Queries
-----------------------------------------  -----  ---------  --------  ----------  --------------  -------------------  ----------------------
/opt/airflow/dags/driven_data_pipeline.py                           1           0  0.12s           2025-10-20T03:10:53                      12
================================================================================
[2025-10-20T03:11:36.904+0000] {manager.py:821} INFO - Searching for files in /opt/airflow/dags
[2025-10-20T03:11:36.911+0000] {manager.py:824} INFO - There are 1 files in /opt/airflow/dags
[2025-10-20T03:11:45.523+0000] {manager.py:997} INFO - 
================================================================================
DAG File Processing Stats

File Path                                  PID    Runtime      # DAGs    # Errors  Last Runtime    Last Run               Last # of DB Queries
-----------------------------------------  -----  ---------  --------  ----------  --------------  -------------------  ----------------------
/opt/airflow/dags/driven_data_pipeline.py                           1           0  0.12s           2025-10-20T03:11:24                      12
================================================================================
[2025-10-20T03:12:25.686+0000] {manager.py:997} INFO - 
================================================================================
DAG File Processing Stats

File Path                                  PID    Runtime      # DAGs    # Errors  Last Runtime    Last Run               Last # of DB Queries
-----------------------------------------  -----  ---------  --------  ----------  --------------  -------------------  ----------------------
/opt/airflow/dags/driven_data_pipeline.py                           1           0  0.14s           2025-10-20T03:12:02                      12
================================================================================
[2025-10-20T03:28:04.243+0000] {manager.py:821} INFO - Searching for files in /opt/airflow/dags
[2025-10-20T03:28:04.247+0000] {manager.py:824} INFO - There are 1 files in /opt/airflow/dags
[2025-10-20T03:28:27.581+0000] {manager.py:997} INFO - 
================================================================================
DAG File Processing Stats

File Path                                  PID    Runtime      # DAGs    # Errors  Last Runtime    Last Run               Last # of DB Queries
-----------------------------------------  -----  ---------  --------  ----------  --------------  -------------------  ----------------------
/opt/airflow/dags/driven_data_pipeline.py                           1           0  0.11s           2025-10-20T03:28:04                      12
================================================================================
[2025-10-20T03:29:03.000+0000] {manager.py:997} INFO - 
================================================================================
DAG File Processing Stats

File Path                                  PID    Runtime      # DAGs    # Errors  Last Runtime    Last Run               Last # of DB Queries
-----------------------------------------  -----  ---------  --------  ----------  --------------  -------------------  ----------------------
/opt/airflow/dags/driven_data_pipeline.py                           1           0  0.12s           2025-10-20T03:28:39                      12
================================================================================
[2025-10-20T03:45:49.073+0000] {manager.py:821} INFO - Searching for files in /opt/airflow/dags
[2025-10-20T03:45:49.077+0000] {manager.py:824} INFO - There are 1 files in /opt/airflow/dags
[2025-10-20T03:46:13.406+0000] {manager.py:997} INFO - 
================================================================================
DAG File Processing Stats

File Path                                  PID    Runtime      # DAGs    # Errors  Last Runtime    Last Run               Last # of DB Queries
-----------------------------------------  -----  ---------  --------  ----------  --------------  -------------------  ----------------------
/opt/airflow/dags/driven_data_pipeline.py                           1           0  0.11s           2025-10-20T03:45:49                      12
================================================================================
[2025-10-20T04:01:20.211+0000] {manager.py:821} INFO - Searching for files in /opt/airflow/dags
[2025-10-20T04:01:20.216+0000] {manager.py:824} INFO - There are 1 files in /opt/airflow/dags
[2025-10-20T04:01:44.573+0000] {manager.py:997} INFO - 
================================================================================
DAG File Processing Stats

File Path                                  PID    Runtime      # DAGs    # Errors  Last Runtime    Last Run               Last # of DB Queries
-----------------------------------------  -----  ---------  --------  ----------  --------------  -------------------  ----------------------
/opt/airflow/dags/driven_data_pipeline.py                           1           0  0.11s           2025-10-20T04:01:20                      12
================================================================================
[2025-10-20T04:16:50.301+0000] {manager.py:821} INFO - Searching for files in /opt/airflow/dags
[2025-10-20T04:16:50.306+0000] {manager.py:824} INFO - There are 1 files in /opt/airflow/dags
[2025-10-20T04:17:15.586+0000] {manager.py:997} INFO - 
================================================================================
DAG File Processing Stats

File Path                                  PID    Runtime      # DAGs    # Errors  Last Runtime    Last Run               Last # of DB Queries
-----------------------------------------  -----  ---------  --------  ----------  --------------  -------------------  ----------------------
/opt/airflow/dags/driven_data_pipeline.py                           1           0  0.11s           2025-10-20T04:16:50                      12
================================================================================
[2025-10-20T04:32:20.822+0000] {manager.py:821} INFO - Searching for files in /opt/airflow/dags
[2025-10-20T04:32:20.827+0000] {manager.py:824} INFO - There are 1 files in /opt/airflow/dags
[2025-10-20T04:32:46.692+0000] {manager.py:997} INFO - 
================================================================================
DAG File Processing Stats

File Path                                  PID    Runtime      # DAGs    # Errors  Last Runtime    Last Run               Last # of DB Queries
-----------------------------------------  -----  ---------  --------  ----------  --------------  -------------------  ----------------------
/opt/airflow/dags/driven_data_pipeline.py                           1           0  0.11s           2025-10-20T04:32:20                      12
================================================================================
[2025-10-20T04:37:19.753+0000] {manager.py:997} INFO - 
================================================================================
DAG File Processing Stats

File Path                                  PID    Runtime      # DAGs    # Errors  Last Runtime    Last Run               Last # of DB Queries
-----------------------------------------  -----  ---------  --------  ----------  --------------  -------------------  ----------------------
/opt/airflow/dags/driven_data_pipeline.py                           1           0  0.10s           2025-10-20T04:36:53                      12
================================================================================
[2025-10-20T04:37:21.768+0000] {manager.py:821} INFO - Searching for files in /opt/airflow/dags
[2025-10-20T04:37:21.774+0000] {manager.py:824} INFO - There are 1 files in /opt/airflow/dags
[2025-10-20T04:51:16.720+0000] {manager.py:821} INFO - Searching for files in /opt/airflow/dags
[2025-10-20T04:51:16.724+0000] {manager.py:824} INFO - There are 1 files in /opt/airflow/dags
[2025-10-20T04:51:44.295+0000] {manager.py:997} INFO - 
================================================================================
DAG File Processing Stats

File Path                                  PID    Runtime      # DAGs    # Errors  Last Runtime    Last Run               Last # of DB Queries
-----------------------------------------  -----  ---------  --------  ----------  --------------  -------------------  ----------------------
/opt/airflow/dags/driven_data_pipeline.py                           1           0  0.11s           2025-10-20T04:51:16                      12
================================================================================
[2025-10-20T05:06:54.794+0000] {manager.py:821} INFO - Searching for files in /opt/airflow/dags
[2025-10-20T05:06:54.800+0000] {manager.py:824} INFO - There are 1 files in /opt/airflow/dags
[2025-10-20T05:07:22.121+0000] {manager.py:997} INFO - 
================================================================================
DAG File Processing Stats

File Path                                  PID    Runtime      # DAGs    # Errors  Last Runtime    Last Run               Last # of DB Queries
-----------------------------------------  -----  ---------  --------  ----------  --------------  -------------------  ----------------------
/opt/airflow/dags/driven_data_pipeline.py                           1           0  0.11s           2025-10-20T05:06:54                      12
================================================================================
[2025-10-20T05:08:56.388+0000] {manager.py:997} INFO - 
================================================================================
DAG File Processing Stats

File Path                                  PID    Runtime      # DAGs    # Errors  Last Runtime    Last Run               Last # of DB Queries
-----------------------------------------  -----  ---------  --------  ----------  --------------  -------------------  ----------------------
/opt/airflow/dags/driven_data_pipeline.py                           1           0  0.10s           2025-10-20T05:08:28                      12
================================================================================
[2025-10-20T05:23:57.882+0000] {manager.py:821} INFO - Searching for files in /opt/airflow/dags
[2025-10-20T05:23:57.886+0000] {manager.py:824} INFO - There are 1 files in /opt/airflow/dags
[2025-10-20T05:24:26.509+0000] {manager.py:997} INFO - 
================================================================================
DAG File Processing Stats

File Path                                  PID    Runtime      # DAGs    # Errors  Last Runtime    Last Run               Last # of DB Queries
-----------------------------------------  -----  ---------  --------  ----------  --------------  -------------------  ----------------------
/opt/airflow/dags/driven_data_pipeline.py                           1           0  0.10s           2025-10-20T05:23:58                      12
================================================================================
[2025-10-20T05:39:30.335+0000] {manager.py:821} INFO - Searching for files in /opt/airflow/dags
[2025-10-20T05:39:30.338+0000] {manager.py:824} INFO - There are 1 files in /opt/airflow/dags
[2025-10-20T05:39:59.677+0000] {manager.py:997} INFO - 
================================================================================
DAG File Processing Stats

File Path                                  PID    Runtime      # DAGs    # Errors  Last Runtime    Last Run               Last # of DB Queries
-----------------------------------------  -----  ---------  --------  ----------  --------------  -------------------  ----------------------
/opt/airflow/dags/driven_data_pipeline.py                           1           0  0.10s           2025-10-20T05:39:30                      12
================================================================================
[2025-10-20T05:44:50.201+0000] {manager.py:821} INFO - Searching for files in /opt/airflow/dags
[2025-10-20T05:44:50.206+0000] {manager.py:824} INFO - There are 1 files in /opt/airflow/dags
[2025-10-20T05:45:19.601+0000] {manager.py:997} INFO - 
================================================================================
DAG File Processing Stats

File Path                                  PID    Runtime      # DAGs    # Errors  Last Runtime    Last Run               Last # of DB Queries
-----------------------------------------  -----  ---------  --------  ----------  --------------  -------------------  ----------------------
/opt/airflow/dags/driven_data_pipeline.py                           1           0  0.11s           2025-10-20T05:44:50                      12
================================================================================
[2025-10-20T06:04:12.078+0000] {manager.py:821} INFO - Searching for files in /opt/airflow/dags
[2025-10-20T06:04:12.079+0000] {manager.py:824} INFO - There are 1 files in /opt/airflow/dags
[2025-10-20T06:19:41.994+0000] {manager.py:821} INFO - Searching for files in /opt/airflow/dags
[2025-10-20T06:19:42.009+0000] {manager.py:824} INFO - There are 1 files in /opt/airflow/dags
[2025-10-20T06:19:42.022+0000] {manager.py:997} INFO - 
================================================================================
DAG File Processing Stats

File Path                                    PID  Runtime      # DAGs    # Errors  Last Runtime    Last Run               Last # of DB Queries
-----------------------------------------  -----  ---------  --------  ----------  --------------  -------------------  ----------------------
/opt/airflow/dags/driven_data_pipeline.py   4707  0.00s             1           0  0.10s           2025-10-20T06:04:12                      12
================================================================================
[2025-10-20T06:22:04.263+0000] {manager.py:997} INFO - 
================================================================================
DAG File Processing Stats

File Path                                  PID    Runtime      # DAGs    # Errors  Last Runtime    Last Run               Last # of DB Queries
-----------------------------------------  -----  ---------  --------  ----------  --------------  -------------------  ----------------------
/opt/airflow/dags/driven_data_pipeline.py                           1           0  0.12s           2025-10-20T06:22:03                      12
================================================================================
[2025-10-20T06:37:33.282+0000] {manager.py:821} INFO - Searching for files in /opt/airflow/dags
[2025-10-20T06:37:33.287+0000] {manager.py:824} INFO - There are 1 files in /opt/airflow/dags
[2025-10-20T06:37:34.315+0000] {manager.py:997} INFO - 
================================================================================
DAG File Processing Stats

File Path                                  PID    Runtime      # DAGs    # Errors  Last Runtime    Last Run               Last # of DB Queries
-----------------------------------------  -----  ---------  --------  ----------  --------------  -------------------  ----------------------
/opt/airflow/dags/driven_data_pipeline.py                           1           0  0.11s           2025-10-20T06:37:33                      12
================================================================================
[2025-10-20T06:54:15.676+0000] {manager.py:821} INFO - Searching for files in /opt/airflow/dags
[2025-10-20T06:54:15.681+0000] {manager.py:824} INFO - There are 1 files in /opt/airflow/dags
[2025-10-20T06:54:17.716+0000] {manager.py:997} INFO - 
================================================================================
DAG File Processing Stats

File Path                                  PID    Runtime      # DAGs    # Errors  Last Runtime    Last Run               Last # of DB Queries
-----------------------------------------  -----  ---------  --------  ----------  --------------  -------------------  ----------------------
/opt/airflow/dags/driven_data_pipeline.py                           1           0  0.11s           2025-10-20T06:54:15                      12
================================================================================
[2025-10-20T07:09:46.740+0000] {manager.py:821} INFO - Searching for files in /opt/airflow/dags
[2025-10-20T07:09:46.742+0000] {manager.py:824} INFO - There are 1 files in /opt/airflow/dags
[2025-10-20T07:09:48.760+0000] {manager.py:997} INFO - 
================================================================================
DAG File Processing Stats

File Path                                  PID    Runtime      # DAGs    # Errors  Last Runtime    Last Run               Last # of DB Queries
-----------------------------------------  -----  ---------  --------  ----------  --------------  -------------------  ----------------------
/opt/airflow/dags/driven_data_pipeline.py                           1           0  0.13s           2025-10-20T07:09:46                      12
================================================================================
[2025-10-20T07:25:16.753+0000] {manager.py:821} INFO - Searching for files in /opt/airflow/dags
[2025-10-20T07:25:16.757+0000] {manager.py:824} INFO - There are 1 files in /opt/airflow/dags
[2025-10-20T07:25:19.885+0000] {manager.py:997} INFO - 
================================================================================
DAG File Processing Stats

File Path                                  PID    Runtime      # DAGs    # Errors  Last Runtime    Last Run               Last # of DB Queries
-----------------------------------------  -----  ---------  --------  ----------  --------------  -------------------  ----------------------
/opt/airflow/dags/driven_data_pipeline.py                           1           0  0.10s           2025-10-20T07:25:16                      12
================================================================================
[2025-10-20T07:40:47.394+0000] {manager.py:821} INFO - Searching for files in /opt/airflow/dags
[2025-10-20T07:40:47.400+0000] {manager.py:824} INFO - There are 1 files in /opt/airflow/dags
[2025-10-20T07:40:50.454+0000] {manager.py:997} INFO - 
================================================================================
DAG File Processing Stats

File Path                                  PID    Runtime      # DAGs    # Errors  Last Runtime    Last Run               Last # of DB Queries
-----------------------------------------  -----  ---------  --------  ----------  --------------  -------------------  ----------------------
/opt/airflow/dags/driven_data_pipeline.py                           1           0  0.13s           2025-10-20T07:40:47                      12
================================================================================
[2025-10-20T07:56:17.300+0000] {manager.py:821} INFO - Searching for files in /opt/airflow/dags
[2025-10-20T07:56:17.303+0000] {manager.py:824} INFO - There are 1 files in /opt/airflow/dags
[2025-10-20T07:56:21.345+0000] {manager.py:997} INFO - 
================================================================================
DAG File Processing Stats

File Path                                  PID    Runtime      # DAGs    # Errors  Last Runtime    Last Run               Last # of DB Queries
-----------------------------------------  -----  ---------  --------  ----------  --------------  -------------------  ----------------------
/opt/airflow/dags/driven_data_pipeline.py                           1           0  0.13s           2025-10-20T07:56:17                      12
================================================================================
[2025-10-20T08:11:47.432+0000] {manager.py:821} INFO - Searching for files in /opt/airflow/dags
[2025-10-20T08:11:47.435+0000] {manager.py:824} INFO - There are 1 files in /opt/airflow/dags
[2025-10-20T08:11:51.580+0000] {manager.py:997} INFO - 
================================================================================
DAG File Processing Stats

File Path                                  PID    Runtime      # DAGs    # Errors  Last Runtime    Last Run               Last # of DB Queries
-----------------------------------------  -----  ---------  --------  ----------  --------------  -------------------  ----------------------
/opt/airflow/dags/driven_data_pipeline.py                           1           0  0.18s           2025-10-20T08:11:47                      12
================================================================================
[2025-10-20T08:27:18.605+0000] {manager.py:821} INFO - Searching for files in /opt/airflow/dags
[2025-10-20T08:27:18.612+0000] {manager.py:824} INFO - There are 1 files in /opt/airflow/dags
[2025-10-20T08:27:22.658+0000] {manager.py:997} INFO - 
================================================================================
DAG File Processing Stats

File Path                                  PID    Runtime      # DAGs    # Errors  Last Runtime    Last Run               Last # of DB Queries
-----------------------------------------  -----  ---------  --------  ----------  --------------  -------------------  ----------------------
/opt/airflow/dags/driven_data_pipeline.py                           1           0  0.12s           2025-10-20T08:27:18                      12
================================================================================
[2025-10-20T08:42:47.327+0000] {manager.py:821} INFO - Searching for files in /opt/airflow/dags
[2025-10-20T08:42:47.331+0000] {manager.py:824} INFO - There are 1 files in /opt/airflow/dags
[2025-10-20T08:42:52.409+0000] {manager.py:997} INFO - 
================================================================================
DAG File Processing Stats

File Path                                  PID    Runtime      # DAGs    # Errors  Last Runtime    Last Run               Last # of DB Queries
-----------------------------------------  -----  ---------  --------  ----------  --------------  -------------------  ----------------------
/opt/airflow/dags/driven_data_pipeline.py                           1           0  0.10s           2025-10-20T08:42:47                      12
================================================================================
[2025-10-20T08:58:17.228+0000] {manager.py:821} INFO - Searching for files in /opt/airflow/dags
[2025-10-20T08:58:17.231+0000] {manager.py:824} INFO - There are 1 files in /opt/airflow/dags
[2025-10-20T08:58:23.302+0000] {manager.py:997} INFO - 
================================================================================
DAG File Processing Stats

File Path                                  PID    Runtime      # DAGs    # Errors  Last Runtime    Last Run               Last # of DB Queries
-----------------------------------------  -----  ---------  --------  ----------  --------------  -------------------  ----------------------
/opt/airflow/dags/driven_data_pipeline.py                           1           0  0.11s           2025-10-20T08:58:17                      12
================================================================================
[2025-10-20T09:13:48.276+0000] {manager.py:821} INFO - Searching for files in /opt/airflow/dags
[2025-10-20T09:13:48.282+0000] {manager.py:824} INFO - There are 1 files in /opt/airflow/dags
[2025-10-20T09:13:54.359+0000] {manager.py:997} INFO - 
================================================================================
DAG File Processing Stats

File Path                                  PID    Runtime      # DAGs    # Errors  Last Runtime    Last Run               Last # of DB Queries
-----------------------------------------  -----  ---------  --------  ----------  --------------  -------------------  ----------------------
/opt/airflow/dags/driven_data_pipeline.py                           1           0  0.11s           2025-10-20T09:13:48                      12
================================================================================
[2025-10-20T09:29:19.339+0000] {manager.py:821} INFO - Searching for files in /opt/airflow/dags
[2025-10-20T09:29:19.345+0000] {manager.py:824} INFO - There are 1 files in /opt/airflow/dags
[2025-10-20T09:29:25.451+0000] {manager.py:997} INFO - 
================================================================================
DAG File Processing Stats

File Path                                  PID    Runtime      # DAGs    # Errors  Last Runtime    Last Run               Last # of DB Queries
-----------------------------------------  -----  ---------  --------  ----------  --------------  -------------------  ----------------------
/opt/airflow/dags/driven_data_pipeline.py                           1           0  0.11s           2025-10-20T09:29:19                      12
================================================================================
[2025-10-20T09:44:49.165+0000] {manager.py:821} INFO - Searching for files in /opt/airflow/dags
[2025-10-20T09:44:49.170+0000] {manager.py:824} INFO - There are 1 files in /opt/airflow/dags
[2025-10-20T09:44:56.270+0000] {manager.py:997} INFO - 
================================================================================
DAG File Processing Stats

File Path                                  PID    Runtime      # DAGs    # Errors  Last Runtime    Last Run               Last # of DB Queries
-----------------------------------------  -----  ---------  --------  ----------  --------------  -------------------  ----------------------
/opt/airflow/dags/driven_data_pipeline.py                           1           0  0.10s           2025-10-20T09:44:49                      12
================================================================================
[2025-10-20T10:00:19.752+0000] {manager.py:821} INFO - Searching for files in /opt/airflow/dags
[2025-10-20T10:00:19.759+0000] {manager.py:824} INFO - There are 1 files in /opt/airflow/dags
[2025-10-20T10:00:26.860+0000] {manager.py:997} INFO - 
================================================================================
DAG File Processing Stats

File Path                                  PID    Runtime      # DAGs    # Errors  Last Runtime    Last Run               Last # of DB Queries
-----------------------------------------  -----  ---------  --------  ----------  --------------  -------------------  ----------------------
/opt/airflow/dags/driven_data_pipeline.py                           1           0  0.11s           2025-10-20T10:00:19                      12
================================================================================
[2025-10-20T10:19:15.051+0000] {manager.py:821} INFO - Searching for files in /opt/airflow/dags
[2025-10-20T10:19:15.056+0000] {manager.py:824} INFO - There are 1 files in /opt/airflow/dags
[2025-10-20T10:19:23.245+0000] {manager.py:997} INFO - 
================================================================================
DAG File Processing Stats

File Path                                  PID    Runtime      # DAGs    # Errors  Last Runtime    Last Run               Last # of DB Queries
-----------------------------------------  -----  ---------  --------  ----------  --------------  -------------------  ----------------------
/opt/airflow/dags/driven_data_pipeline.py                           1           0  0.11s           2025-10-20T10:19:15                      12
================================================================================
[2025-10-20T10:34:46.208+0000] {manager.py:821} INFO - Searching for files in /opt/airflow/dags
[2025-10-20T10:34:46.212+0000] {manager.py:824} INFO - There are 1 files in /opt/airflow/dags
[2025-10-20T10:34:54.352+0000] {manager.py:997} INFO - 
================================================================================
DAG File Processing Stats

File Path                                  PID    Runtime      # DAGs    # Errors  Last Runtime    Last Run               Last # of DB Queries
-----------------------------------------  -----  ---------  --------  ----------  --------------  -------------------  ----------------------
/opt/airflow/dags/driven_data_pipeline.py                           1           0  0.11s           2025-10-20T10:34:46                      12
================================================================================
[2025-10-20T10:50:15.698+0000] {manager.py:821} INFO - Searching for files in /opt/airflow/dags
[2025-10-20T10:50:15.703+0000] {manager.py:824} INFO - There are 1 files in /opt/airflow/dags
[2025-10-20T10:50:23.888+0000] {manager.py:997} INFO - 
================================================================================
DAG File Processing Stats

File Path                                  PID    Runtime      # DAGs    # Errors  Last Runtime    Last Run               Last # of DB Queries
-----------------------------------------  -----  ---------  --------  ----------  --------------  -------------------  ----------------------
/opt/airflow/dags/driven_data_pipeline.py                           1           0  0.11s           2025-10-20T10:50:15                      12
================================================================================
[2025-10-20T11:05:44.725+0000] {manager.py:821} INFO - Searching for files in /opt/airflow/dags
[2025-10-20T11:05:44.728+0000] {manager.py:824} INFO - There are 1 files in /opt/airflow/dags
[2025-10-20T11:05:53.884+0000] {manager.py:997} INFO - 
================================================================================
DAG File Processing Stats

File Path                                  PID    Runtime      # DAGs    # Errors  Last Runtime    Last Run               Last # of DB Queries
-----------------------------------------  -----  ---------  --------  ----------  --------------  -------------------  ----------------------
/opt/airflow/dags/driven_data_pipeline.py                           1           0  0.10s           2025-10-20T11:05:44                      12
================================================================================
[2025-10-20T11:21:15.044+0000] {manager.py:821} INFO - Searching for files in /opt/airflow/dags
[2025-10-20T11:21:15.046+0000] {manager.py:824} INFO - There are 1 files in /opt/airflow/dags
[2025-10-20T11:21:24.150+0000] {manager.py:997} INFO - 
================================================================================
DAG File Processing Stats

File Path                                  PID    Runtime      # DAGs    # Errors  Last Runtime    Last Run               Last # of DB Queries
-----------------------------------------  -----  ---------  --------  ----------  --------------  -------------------  ----------------------
/opt/airflow/dags/driven_data_pipeline.py                           1           0  0.10s           2025-10-20T11:21:15                      12
================================================================================
[2025-10-20T11:36:45.283+0000] {manager.py:821} INFO - Searching for files in /opt/airflow/dags
[2025-10-20T11:36:45.288+0000] {manager.py:824} INFO - There are 1 files in /opt/airflow/dags
[2025-10-20T11:36:54.422+0000] {manager.py:997} INFO - 
================================================================================
DAG File Processing Stats

File Path                                  PID    Runtime      # DAGs    # Errors  Last Runtime    Last Run               Last # of DB Queries
-----------------------------------------  -----  ---------  --------  ----------  --------------  -------------------  ----------------------
/opt/airflow/dags/driven_data_pipeline.py                           1           0  0.11s           2025-10-20T11:36:45                      12
================================================================================
[2025-10-20T11:52:21.825+0000] {manager.py:821} INFO - Searching for files in /opt/airflow/dags
[2025-10-20T11:52:21.830+0000] {manager.py:824} INFO - There are 1 files in /opt/airflow/dags
[2025-10-20T11:52:31.939+0000] {manager.py:997} INFO - 
================================================================================
DAG File Processing Stats

File Path                                  PID    Runtime      # DAGs    # Errors  Last Runtime    Last Run               Last # of DB Queries
-----------------------------------------  -----  ---------  --------  ----------  --------------  -------------------  ----------------------
/opt/airflow/dags/driven_data_pipeline.py                           1           0  0.11s           2025-10-20T11:52:21                      12
================================================================================
[2025-10-20T12:07:52.261+0000] {manager.py:821} INFO - Searching for files in /opt/airflow/dags
[2025-10-20T12:07:52.266+0000] {manager.py:824} INFO - There are 1 files in /opt/airflow/dags
[2025-10-20T12:08:02.466+0000] {manager.py:997} INFO - 
================================================================================
DAG File Processing Stats

File Path                                  PID    Runtime      # DAGs    # Errors  Last Runtime    Last Run               Last # of DB Queries
-----------------------------------------  -----  ---------  --------  ----------  --------------  -------------------  ----------------------
/opt/airflow/dags/driven_data_pipeline.py                           1           0  0.11s           2025-10-20T12:07:52                      12
================================================================================
[2025-10-20T12:20:45.152+0000] {manager.py:821} INFO - Searching for files in /opt/airflow/dags
[2025-10-20T12:20:45.159+0000] {manager.py:824} INFO - There are 1 files in /opt/airflow/dags
[2025-10-20T12:20:55.292+0000] {manager.py:997} INFO - 
================================================================================
DAG File Processing Stats

File Path                                  PID    Runtime      # DAGs    # Errors  Last Runtime    Last Run               Last # of DB Queries
-----------------------------------------  -----  ---------  --------  ----------  --------------  -------------------  ----------------------
/opt/airflow/dags/driven_data_pipeline.py                           1           0  0.11s           2025-10-20T12:20:45                      12
================================================================================
[2025-10-20T12:36:15.185+0000] {manager.py:821} INFO - Searching for files in /opt/airflow/dags
[2025-10-20T12:36:15.187+0000] {manager.py:824} INFO - There are 1 files in /opt/airflow/dags
[2025-10-20T12:36:26.356+0000] {manager.py:997} INFO - 
================================================================================
DAG File Processing Stats

File Path                                  PID    Runtime      # DAGs    # Errors  Last Runtime    Last Run               Last # of DB Queries
-----------------------------------------  -----  ---------  --------  ----------  --------------  -------------------  ----------------------
/opt/airflow/dags/driven_data_pipeline.py                           1           0  0.10s           2025-10-20T12:36:15                      12
================================================================================
[2025-10-20T12:51:45.930+0000] {manager.py:821} INFO - Searching for files in /opt/airflow/dags
[2025-10-20T12:51:45.936+0000] {manager.py:824} INFO - There are 1 files in /opt/airflow/dags
[2025-10-20T12:51:57.068+0000] {manager.py:997} INFO - 
================================================================================
DAG File Processing Stats

File Path                                  PID    Runtime      # DAGs    # Errors  Last Runtime    Last Run               Last # of DB Queries
-----------------------------------------  -----  ---------  --------  ----------  --------------  -------------------  ----------------------
/opt/airflow/dags/driven_data_pipeline.py                           1           0  0.11s           2025-10-20T12:51:46                      12
================================================================================
[2025-10-20T13:04:35.816+0000] {manager.py:821} INFO - Searching for files in /opt/airflow/dags
[2025-10-20T13:04:35.819+0000] {manager.py:824} INFO - There are 1 files in /opt/airflow/dags
[2025-10-20T13:04:48.037+0000] {manager.py:997} INFO - 
================================================================================
DAG File Processing Stats

File Path                                  PID    Runtime      # DAGs    # Errors  Last Runtime    Last Run               Last # of DB Queries
-----------------------------------------  -----  ---------  --------  ----------  --------------  -------------------  ----------------------
/opt/airflow/dags/driven_data_pipeline.py                           1           0  0.11s           2025-10-20T13:04:35                      12
================================================================================
[2025-10-20T13:20:14.067+0000] {manager.py:821} INFO - Searching for files in /opt/airflow/dags
[2025-10-20T13:20:14.068+0000] {manager.py:824} INFO - There are 1 files in /opt/airflow/dags
[2025-10-20T13:20:26.208+0000] {manager.py:997} INFO - 
================================================================================
DAG File Processing Stats

File Path                                  PID    Runtime      # DAGs    # Errors  Last Runtime    Last Run               Last # of DB Queries
-----------------------------------------  -----  ---------  --------  ----------  --------------  -------------------  ----------------------
/opt/airflow/dags/driven_data_pipeline.py                           1           0  0.09s           2025-10-20T13:20:14                      12
================================================================================
[2025-10-20T13:35:44.335+0000] {manager.py:821} INFO - Searching for files in /opt/airflow/dags
[2025-10-20T13:35:44.338+0000] {manager.py:824} INFO - There are 1 files in /opt/airflow/dags
[2025-10-20T13:35:56.493+0000] {manager.py:997} INFO - 
================================================================================
DAG File Processing Stats

File Path                                  PID    Runtime      # DAGs    # Errors  Last Runtime    Last Run               Last # of DB Queries
-----------------------------------------  -----  ---------  --------  ----------  --------------  -------------------  ----------------------
/opt/airflow/dags/driven_data_pipeline.py                           1           0  0.11s           2025-10-20T13:35:44                      12
================================================================================
[2025-10-20T13:51:13.806+0000] {manager.py:821} INFO - Searching for files in /opt/airflow/dags
[2025-10-20T13:51:13.811+0000] {manager.py:824} INFO - There are 1 files in /opt/airflow/dags
[2025-10-20T13:51:26.988+0000] {manager.py:997} INFO - 
================================================================================
DAG File Processing Stats

File Path                                  PID    Runtime      # DAGs    # Errors  Last Runtime    Last Run               Last # of DB Queries
-----------------------------------------  -----  ---------  --------  ----------  --------------  -------------------  ----------------------
/opt/airflow/dags/driven_data_pipeline.py                           1           0  0.10s           2025-10-20T13:51:13                      12
================================================================================
[2025-10-20T14:06:44.281+0000] {manager.py:821} INFO - Searching for files in /opt/airflow/dags
[2025-10-20T14:06:44.287+0000] {manager.py:824} INFO - There are 1 files in /opt/airflow/dags
[2025-10-20T14:06:57.445+0000] {manager.py:997} INFO - 
================================================================================
DAG File Processing Stats

File Path                                  PID    Runtime      # DAGs    # Errors  Last Runtime    Last Run               Last # of DB Queries
-----------------------------------------  -----  ---------  --------  ----------  --------------  -------------------  ----------------------
/opt/airflow/dags/driven_data_pipeline.py                           1           0  0.11s           2025-10-20T14:06:44                      12
================================================================================
[2025-10-20T14:21:49.437+0000] {manager.py:821} INFO - Searching for files in /opt/airflow/dags
[2025-10-20T14:21:49.441+0000] {manager.py:824} INFO - There are 1 files in /opt/airflow/dags
[2025-10-20T14:22:02.616+0000] {manager.py:997} INFO - 
================================================================================
DAG File Processing Stats

File Path                                  PID    Runtime      # DAGs    # Errors  Last Runtime    Last Run               Last # of DB Queries
-----------------------------------------  -----  ---------  --------  ----------  --------------  -------------------  ----------------------
/opt/airflow/dags/driven_data_pipeline.py                           1           0  0.11s           2025-10-20T14:21:49                      12
================================================================================
[2025-10-20T14:37:19.539+0000] {manager.py:821} INFO - Searching for files in /opt/airflow/dags
[2025-10-20T14:37:19.542+0000] {manager.py:824} INFO - There are 1 files in /opt/airflow/dags
[2025-10-20T14:37:34.304+0000] {manager.py:997} INFO - 
================================================================================
DAG File Processing Stats

File Path                                  PID    Runtime      # DAGs    # Errors  Last Runtime    Last Run               Last # of DB Queries
-----------------------------------------  -----  ---------  --------  ----------  --------------  -------------------  ----------------------
/opt/airflow/dags/driven_data_pipeline.py                           1           0  0.10s           2025-10-20T14:37:19                      12
================================================================================
[2025-10-20T14:52:49.707+0000] {manager.py:821} INFO - Searching for files in /opt/airflow/dags
[2025-10-20T14:52:49.709+0000] {manager.py:824} INFO - There are 1 files in /opt/airflow/dags
[2025-10-20T14:53:05.415+0000] {manager.py:997} INFO - 
================================================================================
DAG File Processing Stats

File Path                                  PID    Runtime      # DAGs    # Errors  Last Runtime    Last Run               Last # of DB Queries
-----------------------------------------  -----  ---------  --------  ----------  --------------  -------------------  ----------------------
/opt/airflow/dags/driven_data_pipeline.py                           1           0  0.09s           2025-10-20T14:52:49                      12
================================================================================
[2025-10-20T14:56:48.424+0000] {manager.py:997} INFO - 
================================================================================
DAG File Processing Stats

File Path                                  PID    Runtime      # DAGs    # Errors  Last Runtime    Last Run               Last # of DB Queries
-----------------------------------------  -----  ---------  --------  ----------  --------------  -------------------  ----------------------
/opt/airflow/dags/driven_data_pipeline.py                           1           0  0.15s           2025-10-20T14:56:32                      12
================================================================================
[2025-10-20T15:12:02.928+0000] {manager.py:821} INFO - Searching for files in /opt/airflow/dags
[2025-10-20T15:12:02.934+0000] {manager.py:824} INFO - There are 1 files in /opt/airflow/dags
[2025-10-20T15:12:19.212+0000] {manager.py:997} INFO - 
================================================================================
DAG File Processing Stats

File Path                                  PID    Runtime      # DAGs    # Errors  Last Runtime    Last Run               Last # of DB Queries
-----------------------------------------  -----  ---------  --------  ----------  --------------  -------------------  ----------------------
/opt/airflow/dags/driven_data_pipeline.py                           1           0  0.11s           2025-10-20T15:12:03                      12
================================================================================
[2025-10-20T15:14:53.971+0000] {manager.py:997} INFO - 
================================================================================
DAG File Processing Stats

File Path                                  PID    Runtime      # DAGs    # Errors  Last Runtime    Last Run               Last # of DB Queries
-----------------------------------------  -----  ---------  --------  ----------  --------------  -------------------  ----------------------
/opt/airflow/dags/driven_data_pipeline.py                           1           0  0.21s           2025-10-20T15:14:37                      12
================================================================================
[2025-10-20T15:15:24.054+0000] {manager.py:997} INFO - 
================================================================================
DAG File Processing Stats

File Path                                  PID    Runtime      # DAGs    # Errors  Last Runtime    Last Run               Last # of DB Queries
-----------------------------------------  -----  ---------  --------  ----------  --------------  -------------------  ----------------------
/opt/airflow/dags/driven_data_pipeline.py                           1           0  0.12s           2025-10-20T15:15:08                      12
================================================================================
[2025-10-20T15:15:54.247+0000] {manager.py:997} INFO - 
================================================================================
DAG File Processing Stats

File Path                                  PID    Runtime      # DAGs    # Errors  Last Runtime    Last Run               Last # of DB Queries
-----------------------------------------  -----  ---------  --------  ----------  --------------  -------------------  ----------------------
/opt/airflow/dags/driven_data_pipeline.py                           1           0  0.12s           2025-10-20T15:15:38                      12
================================================================================
[2025-10-20T15:16:24.722+0000] {manager.py:997} INFO - 
================================================================================
DAG File Processing Stats

File Path                                  PID    Runtime      # DAGs    # Errors  Last Runtime    Last Run               Last # of DB Queries
-----------------------------------------  -----  ---------  --------  ----------  --------------  -------------------  ----------------------
/opt/airflow/dags/driven_data_pipeline.py                           1           0  0.12s           2025-10-20T15:16:08                      12
================================================================================
[2025-10-20T15:16:55.152+0000] {manager.py:997} INFO - 
================================================================================
DAG File Processing Stats

File Path                                  PID    Runtime      # DAGs    # Errors  Last Runtime    Last Run               Last # of DB Queries
-----------------------------------------  -----  ---------  --------  ----------  --------------  -------------------  ----------------------
/opt/airflow/dags/driven_data_pipeline.py                           1           0  0.21s           2025-10-20T15:16:39                      12
================================================================================
[2025-10-20T15:17:03.239+0000] {manager.py:821} INFO - Searching for files in /opt/airflow/dags
[2025-10-20T15:17:03.240+0000] {manager.py:824} INFO - There are 1 files in /opt/airflow/dags
[2025-10-20T15:17:25.554+0000] {manager.py:997} INFO - 
================================================================================
DAG File Processing Stats

File Path                                  PID    Runtime      # DAGs    # Errors  Last Runtime    Last Run               Last # of DB Queries
-----------------------------------------  -----  ---------  --------  ----------  --------------  -------------------  ----------------------
/opt/airflow/dags/driven_data_pipeline.py                           1           0  0.11s           2025-10-20T15:17:09                      12
================================================================================
[2025-10-20T15:17:55.881+0000] {manager.py:997} INFO - 
================================================================================
DAG File Processing Stats

File Path                                  PID    Runtime      # DAGs    # Errors  Last Runtime    Last Run               Last # of DB Queries
-----------------------------------------  -----  ---------  --------  ----------  --------------  -------------------  ----------------------
/opt/airflow/dags/driven_data_pipeline.py                           1           0  0.11s           2025-10-20T15:17:39                      12
================================================================================
[2025-10-20T15:18:26.233+0000] {manager.py:997} INFO - 
================================================================================
DAG File Processing Stats

File Path                                  PID    Runtime      # DAGs    # Errors  Last Runtime    Last Run               Last # of DB Queries
-----------------------------------------  -----  ---------  --------  ----------  --------------  -------------------  ----------------------
/opt/airflow/dags/driven_data_pipeline.py                           1           0  0.09s           2025-10-20T15:18:10                      12
================================================================================
[2025-10-20T15:18:56.596+0000] {manager.py:997} INFO - 
================================================================================
DAG File Processing Stats

File Path                                  PID    Runtime      # DAGs    # Errors  Last Runtime    Last Run               Last # of DB Queries
-----------------------------------------  -----  ---------  --------  ----------  --------------  -------------------  ----------------------
/opt/airflow/dags/driven_data_pipeline.py                           1           0  0.18s           2025-10-20T15:18:40                      12
================================================================================
[2025-10-20T15:19:27.057+0000] {manager.py:997} INFO - 
================================================================================
DAG File Processing Stats

File Path                                  PID    Runtime      # DAGs    # Errors  Last Runtime    Last Run               Last # of DB Queries
-----------------------------------------  -----  ---------  --------  ----------  --------------  -------------------  ----------------------
/opt/airflow/dags/driven_data_pipeline.py                           1           0  0.19s           2025-10-20T15:19:10                      12
================================================================================
[2025-10-20T15:19:57.373+0000] {manager.py:997} INFO - 
================================================================================
DAG File Processing Stats

File Path                                  PID    Runtime      # DAGs    # Errors  Last Runtime    Last Run               Last # of DB Queries
-----------------------------------------  -----  ---------  --------  ----------  --------------  -------------------  ----------------------
/opt/airflow/dags/driven_data_pipeline.py                           1           0  0.11s           2025-10-20T15:19:41                      12
================================================================================
[2025-10-20T15:20:27.772+0000] {manager.py:997} INFO - 
================================================================================
DAG File Processing Stats

File Path                                  PID    Runtime      # DAGs    # Errors  Last Runtime    Last Run               Last # of DB Queries
-----------------------------------------  -----  ---------  --------  ----------  --------------  -------------------  ----------------------
/opt/airflow/dags/driven_data_pipeline.py                           1           0  0.12s           2025-10-20T15:20:11                      12
================================================================================
[2025-10-20T15:20:58.089+0000] {manager.py:997} INFO - 
================================================================================
DAG File Processing Stats

File Path                                  PID    Runtime      # DAGs    # Errors  Last Runtime    Last Run               Last # of DB Queries
-----------------------------------------  -----  ---------  --------  ----------  --------------  -------------------  ----------------------
/opt/airflow/dags/driven_data_pipeline.py                           1           0  0.20s           2025-10-20T15:20:42                      12
================================================================================
[2025-10-20T15:21:28.573+0000] {manager.py:997} INFO - 
================================================================================
DAG File Processing Stats

File Path                                  PID    Runtime      # DAGs    # Errors  Last Runtime    Last Run               Last # of DB Queries
-----------------------------------------  -----  ---------  --------  ----------  --------------  -------------------  ----------------------
/opt/airflow/dags/driven_data_pipeline.py                           1           0  0.22s           2025-10-20T15:21:12                      12
================================================================================
[2025-10-20T15:21:58.892+0000] {manager.py:997} INFO - 
================================================================================
DAG File Processing Stats

File Path                                  PID    Runtime      # DAGs    # Errors  Last Runtime    Last Run               Last # of DB Queries
-----------------------------------------  -----  ---------  --------  ----------  --------------  -------------------  ----------------------
/opt/airflow/dags/driven_data_pipeline.py                           1           0  0.27s           2025-10-20T15:21:42                      12
================================================================================
[2025-10-20T15:22:03.925+0000] {manager.py:821} INFO - Searching for files in /opt/airflow/dags
[2025-10-20T15:22:03.927+0000] {manager.py:824} INFO - There are 1 files in /opt/airflow/dags
[2025-10-20T15:22:29.213+0000] {manager.py:997} INFO - 
================================================================================
DAG File Processing Stats

File Path                                  PID    Runtime      # DAGs    # Errors  Last Runtime    Last Run               Last # of DB Queries
-----------------------------------------  -----  ---------  --------  ----------  --------------  -------------------  ----------------------
/opt/airflow/dags/driven_data_pipeline.py                           1           0  0.11s           2025-10-20T15:22:13                      12
================================================================================
[2025-10-20T15:22:59.618+0000] {manager.py:997} INFO - 
================================================================================
DAG File Processing Stats

File Path                                  PID    Runtime      # DAGs    # Errors  Last Runtime    Last Run               Last # of DB Queries
-----------------------------------------  -----  ---------  --------  ----------  --------------  -------------------  ----------------------
/opt/airflow/dags/driven_data_pipeline.py                           1           0  0.11s           2025-10-20T15:22:43                      12
================================================================================
[2025-10-20T15:23:29.942+0000] {manager.py:997} INFO - 
================================================================================
DAG File Processing Stats

File Path                                  PID    Runtime      # DAGs    # Errors  Last Runtime    Last Run               Last # of DB Queries
-----------------------------------------  -----  ---------  --------  ----------  --------------  -------------------  ----------------------
/opt/airflow/dags/driven_data_pipeline.py                           1           0  0.19s           2025-10-20T15:23:13                      12
================================================================================
[2025-10-20T15:24:00.402+0000] {manager.py:997} INFO - 
================================================================================
DAG File Processing Stats

File Path                                  PID    Runtime      # DAGs    # Errors  Last Runtime    Last Run               Last # of DB Queries
-----------------------------------------  -----  ---------  --------  ----------  --------------  -------------------  ----------------------
/opt/airflow/dags/driven_data_pipeline.py                           1           0  0.19s           2025-10-20T15:23:44                      12
================================================================================
[2025-10-20T15:24:30.759+0000] {manager.py:997} INFO - 
================================================================================
DAG File Processing Stats

File Path                                  PID    Runtime      # DAGs    # Errors  Last Runtime    Last Run               Last # of DB Queries
-----------------------------------------  -----  ---------  --------  ----------  --------------  -------------------  ----------------------
/opt/airflow/dags/driven_data_pipeline.py                           1           0  0.12s           2025-10-20T15:24:14                      12
================================================================================
[2025-10-20T15:25:01.145+0000] {manager.py:997} INFO - 
================================================================================
DAG File Processing Stats

File Path                                  PID    Runtime      # DAGs    # Errors  Last Runtime    Last Run               Last # of DB Queries
-----------------------------------------  -----  ---------  --------  ----------  --------------  -------------------  ----------------------
/opt/airflow/dags/driven_data_pipeline.py                           1           0  0.11s           2025-10-20T15:24:45                      12
================================================================================
[2025-10-20T15:25:31.494+0000] {manager.py:997} INFO - 
================================================================================
DAG File Processing Stats

File Path                                  PID    Runtime      # DAGs    # Errors  Last Runtime    Last Run               Last # of DB Queries
-----------------------------------------  -----  ---------  --------  ----------  --------------  -------------------  ----------------------
/opt/airflow/dags/driven_data_pipeline.py                           1           0  0.21s           2025-10-20T15:25:15                      12
================================================================================
[2025-10-20T15:26:01.934+0000] {manager.py:997} INFO - 
================================================================================
DAG File Processing Stats

File Path                                  PID    Runtime      # DAGs    # Errors  Last Runtime    Last Run               Last # of DB Queries
-----------------------------------------  -----  ---------  --------  ----------  --------------  -------------------  ----------------------
/opt/airflow/dags/driven_data_pipeline.py                           1           0  0.18s           2025-10-20T15:25:45                      12
================================================================================
