[2025-10-19T00:11:56.524+0000] {processor.py:186} INFO - Started process (PID=3567) to work on /opt/airflow/dags/driven_data_pipeline.py
[2025-10-19T00:11:56.525+0000] {processor.py:914} INFO - Processing file /opt/airflow/dags/driven_data_pipeline.py for tasks to queue
[2025-10-19T00:11:56.526+0000] {logging_mixin.py:190} INFO - [2025-10-19T00:11:56.526+0000] {dagbag.py:588} INFO - Filling up the DagBag from /opt/airflow/dags/driven_data_pipeline.py
[2025-10-19T00:11:56.600+0000] {processor.py:925} INFO - DAG(s) 'extract_raw_data_pipeline' retrieved from /opt/airflow/dags/driven_data_pipeline.py
[2025-10-19T00:11:56.612+0000] {logging_mixin.py:190} INFO - [2025-10-19T00:11:56.612+0000] {dag.py:3239} INFO - Sync 1 DAGs
[2025-10-19T00:11:56.621+0000] {logging_mixin.py:190} INFO - [2025-10-19T00:11:56.621+0000] {dag.py:4180} INFO - Setting next_dagrun for extract_raw_data_pipeline to 2025-10-18 07:59:00+00:00, run_after=2025-10-19 07:00:00+00:00
[2025-10-19T00:11:56.628+0000] {processor.py:208} INFO - Processing /opt/airflow/dags/driven_data_pipeline.py took 0.107 seconds
[2025-10-19T00:12:26.807+0000] {processor.py:186} INFO - Started process (PID=3575) to work on /opt/airflow/dags/driven_data_pipeline.py
[2025-10-19T00:12:26.808+0000] {processor.py:914} INFO - Processing file /opt/airflow/dags/driven_data_pipeline.py for tasks to queue
[2025-10-19T00:12:26.809+0000] {logging_mixin.py:190} INFO - [2025-10-19T00:12:26.809+0000] {dagbag.py:588} INFO - Filling up the DagBag from /opt/airflow/dags/driven_data_pipeline.py
[2025-10-19T00:12:26.881+0000] {processor.py:925} INFO - DAG(s) 'extract_raw_data_pipeline' retrieved from /opt/airflow/dags/driven_data_pipeline.py
[2025-10-19T00:12:26.891+0000] {logging_mixin.py:190} INFO - [2025-10-19T00:12:26.890+0000] {dag.py:3239} INFO - Sync 1 DAGs
[2025-10-19T00:12:26.898+0000] {logging_mixin.py:190} INFO - [2025-10-19T00:12:26.898+0000] {dag.py:4180} INFO - Setting next_dagrun for extract_raw_data_pipeline to 2025-10-18 07:59:00+00:00, run_after=2025-10-19 07:00:00+00:00
[2025-10-19T00:12:26.905+0000] {processor.py:208} INFO - Processing /opt/airflow/dags/driven_data_pipeline.py took 0.103 seconds
[2025-10-19T00:12:57.237+0000] {processor.py:186} INFO - Started process (PID=3583) to work on /opt/airflow/dags/driven_data_pipeline.py
[2025-10-19T00:12:57.238+0000] {processor.py:914} INFO - Processing file /opt/airflow/dags/driven_data_pipeline.py for tasks to queue
[2025-10-19T00:12:57.239+0000] {logging_mixin.py:190} INFO - [2025-10-19T00:12:57.239+0000] {dagbag.py:588} INFO - Filling up the DagBag from /opt/airflow/dags/driven_data_pipeline.py
[2025-10-19T00:12:57.312+0000] {processor.py:925} INFO - DAG(s) 'extract_raw_data_pipeline' retrieved from /opt/airflow/dags/driven_data_pipeline.py
[2025-10-19T00:12:57.328+0000] {logging_mixin.py:190} INFO - [2025-10-19T00:12:57.328+0000] {dag.py:3239} INFO - Sync 1 DAGs
[2025-10-19T00:12:57.339+0000] {logging_mixin.py:190} INFO - [2025-10-19T00:12:57.339+0000] {dag.py:4180} INFO - Setting next_dagrun for extract_raw_data_pipeline to 2025-10-18 07:59:00+00:00, run_after=2025-10-19 07:00:00+00:00
[2025-10-19T00:12:57.346+0000] {processor.py:208} INFO - Processing /opt/airflow/dags/driven_data_pipeline.py took 0.112 seconds
[2025-10-19T00:26:00.921+0000] {processor.py:186} INFO - Started process (PID=3591) to work on /opt/airflow/dags/driven_data_pipeline.py
[2025-10-19T00:26:00.922+0000] {processor.py:914} INFO - Processing file /opt/airflow/dags/driven_data_pipeline.py for tasks to queue
[2025-10-19T00:26:00.923+0000] {logging_mixin.py:190} INFO - [2025-10-19T00:26:00.922+0000] {dagbag.py:588} INFO - Filling up the DagBag from /opt/airflow/dags/driven_data_pipeline.py
[2025-10-19T00:26:00.990+0000] {processor.py:925} INFO - DAG(s) 'extract_raw_data_pipeline' retrieved from /opt/airflow/dags/driven_data_pipeline.py
[2025-10-19T00:26:00.999+0000] {logging_mixin.py:190} INFO - [2025-10-19T00:26:00.999+0000] {dag.py:3239} INFO - Sync 1 DAGs
[2025-10-19T00:26:01.007+0000] {logging_mixin.py:190} INFO - [2025-10-19T00:26:01.007+0000] {dag.py:4180} INFO - Setting next_dagrun for extract_raw_data_pipeline to 2025-10-18 07:59:00+00:00, run_after=2025-10-19 07:00:00+00:00
[2025-10-19T00:26:01.012+0000] {processor.py:208} INFO - Processing /opt/airflow/dags/driven_data_pipeline.py took 0.095 seconds
[2025-10-19T00:26:31.855+0000] {processor.py:186} INFO - Started process (PID=3599) to work on /opt/airflow/dags/driven_data_pipeline.py
[2025-10-19T00:26:31.856+0000] {processor.py:914} INFO - Processing file /opt/airflow/dags/driven_data_pipeline.py for tasks to queue
[2025-10-19T00:26:31.856+0000] {logging_mixin.py:190} INFO - [2025-10-19T00:26:31.856+0000] {dagbag.py:588} INFO - Filling up the DagBag from /opt/airflow/dags/driven_data_pipeline.py
[2025-10-19T00:26:31.925+0000] {processor.py:925} INFO - DAG(s) 'extract_raw_data_pipeline' retrieved from /opt/airflow/dags/driven_data_pipeline.py
[2025-10-19T00:26:31.935+0000] {logging_mixin.py:190} INFO - [2025-10-19T00:26:31.935+0000] {dag.py:3239} INFO - Sync 1 DAGs
[2025-10-19T00:26:31.943+0000] {logging_mixin.py:190} INFO - [2025-10-19T00:26:31.943+0000] {dag.py:4180} INFO - Setting next_dagrun for extract_raw_data_pipeline to 2025-10-18 07:59:00+00:00, run_after=2025-10-19 07:00:00+00:00
[2025-10-19T00:26:31.948+0000] {processor.py:208} INFO - Processing /opt/airflow/dags/driven_data_pipeline.py took 0.098 seconds
[2025-10-19T00:27:02.167+0000] {processor.py:186} INFO - Started process (PID=3607) to work on /opt/airflow/dags/driven_data_pipeline.py
[2025-10-19T00:27:02.167+0000] {processor.py:914} INFO - Processing file /opt/airflow/dags/driven_data_pipeline.py for tasks to queue
[2025-10-19T00:27:02.168+0000] {logging_mixin.py:190} INFO - [2025-10-19T00:27:02.168+0000] {dagbag.py:588} INFO - Filling up the DagBag from /opt/airflow/dags/driven_data_pipeline.py
[2025-10-19T00:27:02.234+0000] {processor.py:925} INFO - DAG(s) 'extract_raw_data_pipeline' retrieved from /opt/airflow/dags/driven_data_pipeline.py
[2025-10-19T00:27:02.244+0000] {logging_mixin.py:190} INFO - [2025-10-19T00:27:02.244+0000] {dag.py:3239} INFO - Sync 1 DAGs
[2025-10-19T00:27:02.252+0000] {logging_mixin.py:190} INFO - [2025-10-19T00:27:02.252+0000] {dag.py:4180} INFO - Setting next_dagrun for extract_raw_data_pipeline to 2025-10-18 07:59:00+00:00, run_after=2025-10-19 07:00:00+00:00
[2025-10-19T00:27:02.258+0000] {processor.py:208} INFO - Processing /opt/airflow/dags/driven_data_pipeline.py took 0.096 seconds
[2025-10-19T00:40:36.073+0000] {processor.py:186} INFO - Started process (PID=3615) to work on /opt/airflow/dags/driven_data_pipeline.py
[2025-10-19T00:40:36.074+0000] {processor.py:914} INFO - Processing file /opt/airflow/dags/driven_data_pipeline.py for tasks to queue
[2025-10-19T00:40:36.075+0000] {logging_mixin.py:190} INFO - [2025-10-19T00:40:36.075+0000] {dagbag.py:588} INFO - Filling up the DagBag from /opt/airflow/dags/driven_data_pipeline.py
[2025-10-19T00:40:36.161+0000] {processor.py:925} INFO - DAG(s) 'extract_raw_data_pipeline' retrieved from /opt/airflow/dags/driven_data_pipeline.py
[2025-10-19T00:40:36.173+0000] {logging_mixin.py:190} INFO - [2025-10-19T00:40:36.173+0000] {dag.py:3239} INFO - Sync 1 DAGs
[2025-10-19T00:40:36.185+0000] {logging_mixin.py:190} INFO - [2025-10-19T00:40:36.184+0000] {dag.py:4180} INFO - Setting next_dagrun for extract_raw_data_pipeline to 2025-10-18 07:59:00+00:00, run_after=2025-10-19 07:00:00+00:00
[2025-10-19T00:40:36.192+0000] {processor.py:208} INFO - Processing /opt/airflow/dags/driven_data_pipeline.py took 0.124 seconds
[2025-10-19T00:41:06.380+0000] {processor.py:186} INFO - Started process (PID=3623) to work on /opt/airflow/dags/driven_data_pipeline.py
[2025-10-19T00:41:06.381+0000] {processor.py:914} INFO - Processing file /opt/airflow/dags/driven_data_pipeline.py for tasks to queue
[2025-10-19T00:41:06.382+0000] {logging_mixin.py:190} INFO - [2025-10-19T00:41:06.382+0000] {dagbag.py:588} INFO - Filling up the DagBag from /opt/airflow/dags/driven_data_pipeline.py
[2025-10-19T00:41:06.461+0000] {processor.py:925} INFO - DAG(s) 'extract_raw_data_pipeline' retrieved from /opt/airflow/dags/driven_data_pipeline.py
[2025-10-19T00:41:06.472+0000] {logging_mixin.py:190} INFO - [2025-10-19T00:41:06.472+0000] {dag.py:3239} INFO - Sync 1 DAGs
[2025-10-19T00:41:06.480+0000] {logging_mixin.py:190} INFO - [2025-10-19T00:41:06.480+0000] {dag.py:4180} INFO - Setting next_dagrun for extract_raw_data_pipeline to 2025-10-18 07:59:00+00:00, run_after=2025-10-19 07:00:00+00:00
[2025-10-19T00:41:06.486+0000] {processor.py:208} INFO - Processing /opt/airflow/dags/driven_data_pipeline.py took 0.111 seconds
[2025-10-19T00:41:36.799+0000] {processor.py:186} INFO - Started process (PID=3631) to work on /opt/airflow/dags/driven_data_pipeline.py
[2025-10-19T00:41:36.801+0000] {processor.py:914} INFO - Processing file /opt/airflow/dags/driven_data_pipeline.py for tasks to queue
[2025-10-19T00:41:36.802+0000] {logging_mixin.py:190} INFO - [2025-10-19T00:41:36.802+0000] {dagbag.py:588} INFO - Filling up the DagBag from /opt/airflow/dags/driven_data_pipeline.py
[2025-10-19T00:41:37.004+0000] {processor.py:925} INFO - DAG(s) 'extract_raw_data_pipeline' retrieved from /opt/airflow/dags/driven_data_pipeline.py
[2025-10-19T00:41:37.015+0000] {logging_mixin.py:190} INFO - [2025-10-19T00:41:37.015+0000] {dag.py:3239} INFO - Sync 1 DAGs
[2025-10-19T00:41:37.024+0000] {logging_mixin.py:190} INFO - [2025-10-19T00:41:37.024+0000] {dag.py:4180} INFO - Setting next_dagrun for extract_raw_data_pipeline to 2025-10-18 07:59:00+00:00, run_after=2025-10-19 07:00:00+00:00
[2025-10-19T00:41:37.031+0000] {processor.py:208} INFO - Processing /opt/airflow/dags/driven_data_pipeline.py took 0.241 seconds
[2025-10-19T00:57:05.326+0000] {processor.py:186} INFO - Started process (PID=3639) to work on /opt/airflow/dags/driven_data_pipeline.py
[2025-10-19T00:57:05.327+0000] {processor.py:914} INFO - Processing file /opt/airflow/dags/driven_data_pipeline.py for tasks to queue
[2025-10-19T00:57:05.328+0000] {logging_mixin.py:190} INFO - [2025-10-19T00:57:05.327+0000] {dagbag.py:588} INFO - Filling up the DagBag from /opt/airflow/dags/driven_data_pipeline.py
[2025-10-19T00:57:05.390+0000] {processor.py:925} INFO - DAG(s) 'extract_raw_data_pipeline' retrieved from /opt/airflow/dags/driven_data_pipeline.py
[2025-10-19T00:57:05.400+0000] {logging_mixin.py:190} INFO - [2025-10-19T00:57:05.400+0000] {dag.py:3239} INFO - Sync 1 DAGs
[2025-10-19T00:57:05.407+0000] {logging_mixin.py:190} INFO - [2025-10-19T00:57:05.407+0000] {dag.py:4180} INFO - Setting next_dagrun for extract_raw_data_pipeline to 2025-10-18 07:59:00+00:00, run_after=2025-10-19 07:00:00+00:00
[2025-10-19T00:57:05.415+0000] {processor.py:208} INFO - Processing /opt/airflow/dags/driven_data_pipeline.py took 0.093 seconds
[2025-10-19T01:12:34.326+0000] {processor.py:186} INFO - Started process (PID=3647) to work on /opt/airflow/dags/driven_data_pipeline.py
[2025-10-19T01:12:34.326+0000] {processor.py:914} INFO - Processing file /opt/airflow/dags/driven_data_pipeline.py for tasks to queue
[2025-10-19T01:12:34.327+0000] {logging_mixin.py:190} INFO - [2025-10-19T01:12:34.327+0000] {dagbag.py:588} INFO - Filling up the DagBag from /opt/airflow/dags/driven_data_pipeline.py
[2025-10-19T01:12:34.390+0000] {processor.py:925} INFO - DAG(s) 'extract_raw_data_pipeline' retrieved from /opt/airflow/dags/driven_data_pipeline.py
[2025-10-19T01:12:34.399+0000] {logging_mixin.py:190} INFO - [2025-10-19T01:12:34.399+0000] {dag.py:3239} INFO - Sync 1 DAGs
[2025-10-19T01:12:34.407+0000] {logging_mixin.py:190} INFO - [2025-10-19T01:12:34.407+0000] {dag.py:4180} INFO - Setting next_dagrun for extract_raw_data_pipeline to 2025-10-18 07:59:00+00:00, run_after=2025-10-19 07:00:00+00:00
[2025-10-19T01:12:34.412+0000] {processor.py:208} INFO - Processing /opt/airflow/dags/driven_data_pipeline.py took 0.091 seconds
[2025-10-19T01:29:10.909+0000] {processor.py:186} INFO - Started process (PID=3655) to work on /opt/airflow/dags/driven_data_pipeline.py
[2025-10-19T01:29:10.910+0000] {processor.py:914} INFO - Processing file /opt/airflow/dags/driven_data_pipeline.py for tasks to queue
[2025-10-19T01:29:10.911+0000] {logging_mixin.py:190} INFO - [2025-10-19T01:29:10.910+0000] {dagbag.py:588} INFO - Filling up the DagBag from /opt/airflow/dags/driven_data_pipeline.py
[2025-10-19T01:29:10.981+0000] {processor.py:925} INFO - DAG(s) 'extract_raw_data_pipeline' retrieved from /opt/airflow/dags/driven_data_pipeline.py
[2025-10-19T01:29:10.992+0000] {logging_mixin.py:190} INFO - [2025-10-19T01:29:10.992+0000] {dag.py:3239} INFO - Sync 1 DAGs
[2025-10-19T01:29:11.000+0000] {logging_mixin.py:190} INFO - [2025-10-19T01:29:11.000+0000] {dag.py:4180} INFO - Setting next_dagrun for extract_raw_data_pipeline to 2025-10-18 07:59:00+00:00, run_after=2025-10-19 07:00:00+00:00
[2025-10-19T01:29:11.006+0000] {processor.py:208} INFO - Processing /opt/airflow/dags/driven_data_pipeline.py took 0.101 seconds
[2025-10-19T01:44:41.975+0000] {processor.py:186} INFO - Started process (PID=3663) to work on /opt/airflow/dags/driven_data_pipeline.py
[2025-10-19T01:44:41.976+0000] {processor.py:914} INFO - Processing file /opt/airflow/dags/driven_data_pipeline.py for tasks to queue
[2025-10-19T01:44:41.977+0000] {logging_mixin.py:190} INFO - [2025-10-19T01:44:41.976+0000] {dagbag.py:588} INFO - Filling up the DagBag from /opt/airflow/dags/driven_data_pipeline.py
[2025-10-19T01:44:42.046+0000] {processor.py:925} INFO - DAG(s) 'extract_raw_data_pipeline' retrieved from /opt/airflow/dags/driven_data_pipeline.py
[2025-10-19T01:44:42.055+0000] {logging_mixin.py:190} INFO - [2025-10-19T01:44:42.055+0000] {dag.py:3239} INFO - Sync 1 DAGs
[2025-10-19T01:44:42.063+0000] {logging_mixin.py:190} INFO - [2025-10-19T01:44:42.063+0000] {dag.py:4180} INFO - Setting next_dagrun for extract_raw_data_pipeline to 2025-10-18 07:59:00+00:00, run_after=2025-10-19 07:00:00+00:00
[2025-10-19T01:44:42.068+0000] {processor.py:208} INFO - Processing /opt/airflow/dags/driven_data_pipeline.py took 0.098 seconds
[2025-10-19T02:00:19.691+0000] {processor.py:186} INFO - Started process (PID=3671) to work on /opt/airflow/dags/driven_data_pipeline.py
[2025-10-19T02:00:19.692+0000] {processor.py:914} INFO - Processing file /opt/airflow/dags/driven_data_pipeline.py for tasks to queue
[2025-10-19T02:00:19.693+0000] {logging_mixin.py:190} INFO - [2025-10-19T02:00:19.692+0000] {dagbag.py:588} INFO - Filling up the DagBag from /opt/airflow/dags/driven_data_pipeline.py
[2025-10-19T02:00:19.760+0000] {processor.py:925} INFO - DAG(s) 'extract_raw_data_pipeline' retrieved from /opt/airflow/dags/driven_data_pipeline.py
[2025-10-19T02:00:19.770+0000] {logging_mixin.py:190} INFO - [2025-10-19T02:00:19.770+0000] {dag.py:3239} INFO - Sync 1 DAGs
[2025-10-19T02:00:19.778+0000] {logging_mixin.py:190} INFO - [2025-10-19T02:00:19.778+0000] {dag.py:4180} INFO - Setting next_dagrun for extract_raw_data_pipeline to 2025-10-18 07:59:00+00:00, run_after=2025-10-19 07:00:00+00:00
[2025-10-19T02:00:19.784+0000] {processor.py:208} INFO - Processing /opt/airflow/dags/driven_data_pipeline.py took 0.096 seconds
[2025-10-19T02:15:49.287+0000] {processor.py:186} INFO - Started process (PID=3679) to work on /opt/airflow/dags/driven_data_pipeline.py
[2025-10-19T02:15:49.288+0000] {processor.py:914} INFO - Processing file /opt/airflow/dags/driven_data_pipeline.py for tasks to queue
[2025-10-19T02:15:49.289+0000] {logging_mixin.py:190} INFO - [2025-10-19T02:15:49.289+0000] {dagbag.py:588} INFO - Filling up the DagBag from /opt/airflow/dags/driven_data_pipeline.py
[2025-10-19T02:15:49.361+0000] {processor.py:925} INFO - DAG(s) 'extract_raw_data_pipeline' retrieved from /opt/airflow/dags/driven_data_pipeline.py
[2025-10-19T02:15:49.371+0000] {logging_mixin.py:190} INFO - [2025-10-19T02:15:49.371+0000] {dag.py:3239} INFO - Sync 1 DAGs
[2025-10-19T02:15:49.380+0000] {logging_mixin.py:190} INFO - [2025-10-19T02:15:49.380+0000] {dag.py:4180} INFO - Setting next_dagrun for extract_raw_data_pipeline to 2025-10-18 07:59:00+00:00, run_after=2025-10-19 07:00:00+00:00
[2025-10-19T02:15:49.386+0000] {processor.py:208} INFO - Processing /opt/airflow/dags/driven_data_pipeline.py took 0.104 seconds
[2025-10-19T02:31:20.376+0000] {processor.py:186} INFO - Started process (PID=3687) to work on /opt/airflow/dags/driven_data_pipeline.py
[2025-10-19T02:31:20.377+0000] {processor.py:914} INFO - Processing file /opt/airflow/dags/driven_data_pipeline.py for tasks to queue
[2025-10-19T02:31:20.377+0000] {logging_mixin.py:190} INFO - [2025-10-19T02:31:20.377+0000] {dagbag.py:588} INFO - Filling up the DagBag from /opt/airflow/dags/driven_data_pipeline.py
[2025-10-19T02:31:20.440+0000] {processor.py:925} INFO - DAG(s) 'extract_raw_data_pipeline' retrieved from /opt/airflow/dags/driven_data_pipeline.py
[2025-10-19T02:31:20.451+0000] {logging_mixin.py:190} INFO - [2025-10-19T02:31:20.451+0000] {dag.py:3239} INFO - Sync 1 DAGs
[2025-10-19T02:31:20.460+0000] {logging_mixin.py:190} INFO - [2025-10-19T02:31:20.460+0000] {dag.py:4180} INFO - Setting next_dagrun for extract_raw_data_pipeline to 2025-10-18 07:59:00+00:00, run_after=2025-10-19 07:00:00+00:00
[2025-10-19T02:31:20.465+0000] {processor.py:208} INFO - Processing /opt/airflow/dags/driven_data_pipeline.py took 0.092 seconds
[2025-10-19T02:33:57.583+0000] {processor.py:186} INFO - Started process (PID=3695) to work on /opt/airflow/dags/driven_data_pipeline.py
[2025-10-19T02:33:57.585+0000] {processor.py:914} INFO - Processing file /opt/airflow/dags/driven_data_pipeline.py for tasks to queue
[2025-10-19T02:33:57.586+0000] {logging_mixin.py:190} INFO - [2025-10-19T02:33:57.586+0000] {dagbag.py:588} INFO - Filling up the DagBag from /opt/airflow/dags/driven_data_pipeline.py
[2025-10-19T02:33:57.652+0000] {processor.py:925} INFO - DAG(s) 'extract_raw_data_pipeline' retrieved from /opt/airflow/dags/driven_data_pipeline.py
[2025-10-19T02:33:57.661+0000] {logging_mixin.py:190} INFO - [2025-10-19T02:33:57.661+0000] {dag.py:3239} INFO - Sync 1 DAGs
[2025-10-19T02:33:57.669+0000] {logging_mixin.py:190} INFO - [2025-10-19T02:33:57.669+0000] {dag.py:4180} INFO - Setting next_dagrun for extract_raw_data_pipeline to 2025-10-18 07:59:00+00:00, run_after=2025-10-19 07:00:00+00:00
[2025-10-19T02:33:57.675+0000] {processor.py:208} INFO - Processing /opt/airflow/dags/driven_data_pipeline.py took 0.096 seconds
[2025-10-19T02:42:59.528+0000] {processor.py:186} INFO - Started process (PID=3703) to work on /opt/airflow/dags/driven_data_pipeline.py
[2025-10-19T02:42:59.528+0000] {processor.py:914} INFO - Processing file /opt/airflow/dags/driven_data_pipeline.py for tasks to queue
[2025-10-19T02:42:59.529+0000] {logging_mixin.py:190} INFO - [2025-10-19T02:42:59.529+0000] {dagbag.py:588} INFO - Filling up the DagBag from /opt/airflow/dags/driven_data_pipeline.py
[2025-10-19T02:42:59.592+0000] {processor.py:925} INFO - DAG(s) 'extract_raw_data_pipeline' retrieved from /opt/airflow/dags/driven_data_pipeline.py
[2025-10-19T02:42:59.602+0000] {logging_mixin.py:190} INFO - [2025-10-19T02:42:59.602+0000] {dag.py:3239} INFO - Sync 1 DAGs
[2025-10-19T02:42:59.610+0000] {logging_mixin.py:190} INFO - [2025-10-19T02:42:59.610+0000] {dag.py:4180} INFO - Setting next_dagrun for extract_raw_data_pipeline to 2025-10-18 07:59:00+00:00, run_after=2025-10-19 07:00:00+00:00
[2025-10-19T02:42:59.616+0000] {processor.py:208} INFO - Processing /opt/airflow/dags/driven_data_pipeline.py took 0.093 seconds
[2025-10-19T03:16:21.121+0000] {processor.py:186} INFO - Started process (PID=3711) to work on /opt/airflow/dags/driven_data_pipeline.py
[2025-10-19T03:16:21.122+0000] {processor.py:914} INFO - Processing file /opt/airflow/dags/driven_data_pipeline.py for tasks to queue
[2025-10-19T03:16:21.123+0000] {logging_mixin.py:190} INFO - [2025-10-19T03:16:21.123+0000] {dagbag.py:588} INFO - Filling up the DagBag from /opt/airflow/dags/driven_data_pipeline.py
[2025-10-19T03:16:21.191+0000] {processor.py:925} INFO - DAG(s) 'extract_raw_data_pipeline' retrieved from /opt/airflow/dags/driven_data_pipeline.py
[2025-10-19T03:16:21.201+0000] {logging_mixin.py:190} INFO - [2025-10-19T03:16:21.201+0000] {dag.py:3239} INFO - Sync 1 DAGs
[2025-10-19T03:16:21.210+0000] {logging_mixin.py:190} INFO - [2025-10-19T03:16:21.210+0000] {dag.py:4180} INFO - Setting next_dagrun for extract_raw_data_pipeline to 2025-10-18 07:59:00+00:00, run_after=2025-10-19 07:00:00+00:00
[2025-10-19T03:16:21.215+0000] {processor.py:208} INFO - Processing /opt/airflow/dags/driven_data_pipeline.py took 0.098 seconds
[2025-10-19T03:17:43.810+0000] {processor.py:186} INFO - Started process (PID=3719) to work on /opt/airflow/dags/driven_data_pipeline.py
[2025-10-19T03:17:43.811+0000] {processor.py:914} INFO - Processing file /opt/airflow/dags/driven_data_pipeline.py for tasks to queue
[2025-10-19T03:17:43.812+0000] {logging_mixin.py:190} INFO - [2025-10-19T03:17:43.812+0000] {dagbag.py:588} INFO - Filling up the DagBag from /opt/airflow/dags/driven_data_pipeline.py
[2025-10-19T03:17:43.882+0000] {processor.py:925} INFO - DAG(s) 'extract_raw_data_pipeline' retrieved from /opt/airflow/dags/driven_data_pipeline.py
[2025-10-19T03:17:43.892+0000] {logging_mixin.py:190} INFO - [2025-10-19T03:17:43.892+0000] {dag.py:3239} INFO - Sync 1 DAGs
[2025-10-19T03:17:43.900+0000] {logging_mixin.py:190} INFO - [2025-10-19T03:17:43.900+0000] {dag.py:4180} INFO - Setting next_dagrun for extract_raw_data_pipeline to 2025-10-18 07:59:00+00:00, run_after=2025-10-19 07:00:00+00:00
[2025-10-19T03:17:43.905+0000] {processor.py:208} INFO - Processing /opt/airflow/dags/driven_data_pipeline.py took 0.101 seconds
[2025-10-19T03:33:14.809+0000] {processor.py:186} INFO - Started process (PID=3727) to work on /opt/airflow/dags/driven_data_pipeline.py
[2025-10-19T03:33:14.810+0000] {processor.py:914} INFO - Processing file /opt/airflow/dags/driven_data_pipeline.py for tasks to queue
[2025-10-19T03:33:14.811+0000] {logging_mixin.py:190} INFO - [2025-10-19T03:33:14.811+0000] {dagbag.py:588} INFO - Filling up the DagBag from /opt/airflow/dags/driven_data_pipeline.py
[2025-10-19T03:33:14.878+0000] {processor.py:925} INFO - DAG(s) 'extract_raw_data_pipeline' retrieved from /opt/airflow/dags/driven_data_pipeline.py
[2025-10-19T03:33:14.888+0000] {logging_mixin.py:190} INFO - [2025-10-19T03:33:14.888+0000] {dag.py:3239} INFO - Sync 1 DAGs
[2025-10-19T03:33:14.896+0000] {logging_mixin.py:190} INFO - [2025-10-19T03:33:14.895+0000] {dag.py:4180} INFO - Setting next_dagrun for extract_raw_data_pipeline to 2025-10-18 07:59:00+00:00, run_after=2025-10-19 07:00:00+00:00
[2025-10-19T03:33:14.901+0000] {processor.py:208} INFO - Processing /opt/airflow/dags/driven_data_pipeline.py took 0.096 seconds
[2025-10-19T03:43:42.059+0000] {processor.py:186} INFO - Started process (PID=3735) to work on /opt/airflow/dags/driven_data_pipeline.py
[2025-10-19T03:43:42.060+0000] {processor.py:914} INFO - Processing file /opt/airflow/dags/driven_data_pipeline.py for tasks to queue
[2025-10-19T03:43:42.061+0000] {logging_mixin.py:190} INFO - [2025-10-19T03:43:42.060+0000] {dagbag.py:588} INFO - Filling up the DagBag from /opt/airflow/dags/driven_data_pipeline.py
[2025-10-19T03:43:42.125+0000] {processor.py:925} INFO - DAG(s) 'extract_raw_data_pipeline' retrieved from /opt/airflow/dags/driven_data_pipeline.py
[2025-10-19T03:43:42.134+0000] {logging_mixin.py:190} INFO - [2025-10-19T03:43:42.134+0000] {dag.py:3239} INFO - Sync 1 DAGs
[2025-10-19T03:43:42.142+0000] {logging_mixin.py:190} INFO - [2025-10-19T03:43:42.142+0000] {dag.py:4180} INFO - Setting next_dagrun for extract_raw_data_pipeline to 2025-10-18 07:59:00+00:00, run_after=2025-10-19 07:00:00+00:00
[2025-10-19T03:43:42.147+0000] {processor.py:208} INFO - Processing /opt/airflow/dags/driven_data_pipeline.py took 0.092 seconds
[2025-10-19T03:59:11.852+0000] {processor.py:186} INFO - Started process (PID=3743) to work on /opt/airflow/dags/driven_data_pipeline.py
[2025-10-19T03:59:11.853+0000] {processor.py:914} INFO - Processing file /opt/airflow/dags/driven_data_pipeline.py for tasks to queue
[2025-10-19T03:59:11.854+0000] {logging_mixin.py:190} INFO - [2025-10-19T03:59:11.854+0000] {dagbag.py:588} INFO - Filling up the DagBag from /opt/airflow/dags/driven_data_pipeline.py
[2025-10-19T03:59:11.920+0000] {processor.py:925} INFO - DAG(s) 'extract_raw_data_pipeline' retrieved from /opt/airflow/dags/driven_data_pipeline.py
[2025-10-19T03:59:11.929+0000] {logging_mixin.py:190} INFO - [2025-10-19T03:59:11.928+0000] {dag.py:3239} INFO - Sync 1 DAGs
[2025-10-19T03:59:11.936+0000] {logging_mixin.py:190} INFO - [2025-10-19T03:59:11.936+0000] {dag.py:4180} INFO - Setting next_dagrun for extract_raw_data_pipeline to 2025-10-18 07:59:00+00:00, run_after=2025-10-19 07:00:00+00:00
[2025-10-19T03:59:11.941+0000] {processor.py:208} INFO - Processing /opt/airflow/dags/driven_data_pipeline.py took 0.094 seconds
[2025-10-19T04:12:28.515+0000] {processor.py:186} INFO - Started process (PID=3751) to work on /opt/airflow/dags/driven_data_pipeline.py
[2025-10-19T04:12:28.515+0000] {processor.py:914} INFO - Processing file /opt/airflow/dags/driven_data_pipeline.py for tasks to queue
[2025-10-19T04:12:28.516+0000] {logging_mixin.py:190} INFO - [2025-10-19T04:12:28.516+0000] {dagbag.py:588} INFO - Filling up the DagBag from /opt/airflow/dags/driven_data_pipeline.py
[2025-10-19T04:12:28.582+0000] {processor.py:925} INFO - DAG(s) 'extract_raw_data_pipeline' retrieved from /opt/airflow/dags/driven_data_pipeline.py
[2025-10-19T04:12:28.592+0000] {logging_mixin.py:190} INFO - [2025-10-19T04:12:28.592+0000] {dag.py:3239} INFO - Sync 1 DAGs
[2025-10-19T04:12:28.599+0000] {logging_mixin.py:190} INFO - [2025-10-19T04:12:28.599+0000] {dag.py:4180} INFO - Setting next_dagrun for extract_raw_data_pipeline to 2025-10-18 07:59:00+00:00, run_after=2025-10-19 07:00:00+00:00
[2025-10-19T04:12:28.605+0000] {processor.py:208} INFO - Processing /opt/airflow/dags/driven_data_pipeline.py took 0.094 seconds
[2025-10-19T04:28:01.659+0000] {processor.py:186} INFO - Started process (PID=3759) to work on /opt/airflow/dags/driven_data_pipeline.py
[2025-10-19T04:28:01.660+0000] {processor.py:914} INFO - Processing file /opt/airflow/dags/driven_data_pipeline.py for tasks to queue
[2025-10-19T04:28:01.661+0000] {logging_mixin.py:190} INFO - [2025-10-19T04:28:01.660+0000] {dagbag.py:588} INFO - Filling up the DagBag from /opt/airflow/dags/driven_data_pipeline.py
[2025-10-19T04:28:01.729+0000] {processor.py:925} INFO - DAG(s) 'extract_raw_data_pipeline' retrieved from /opt/airflow/dags/driven_data_pipeline.py
[2025-10-19T04:28:01.738+0000] {logging_mixin.py:190} INFO - [2025-10-19T04:28:01.738+0000] {dag.py:3239} INFO - Sync 1 DAGs
[2025-10-19T04:28:01.745+0000] {logging_mixin.py:190} INFO - [2025-10-19T04:28:01.745+0000] {dag.py:4180} INFO - Setting next_dagrun for extract_raw_data_pipeline to 2025-10-18 07:59:00+00:00, run_after=2025-10-19 07:00:00+00:00
[2025-10-19T04:28:01.750+0000] {processor.py:208} INFO - Processing /opt/airflow/dags/driven_data_pipeline.py took 0.096 seconds
[2025-10-19T04:43:32.255+0000] {processor.py:186} INFO - Started process (PID=3767) to work on /opt/airflow/dags/driven_data_pipeline.py
[2025-10-19T04:43:32.256+0000] {processor.py:914} INFO - Processing file /opt/airflow/dags/driven_data_pipeline.py for tasks to queue
[2025-10-19T04:43:32.257+0000] {logging_mixin.py:190} INFO - [2025-10-19T04:43:32.257+0000] {dagbag.py:588} INFO - Filling up the DagBag from /opt/airflow/dags/driven_data_pipeline.py
[2025-10-19T04:43:32.324+0000] {processor.py:925} INFO - DAG(s) 'extract_raw_data_pipeline' retrieved from /opt/airflow/dags/driven_data_pipeline.py
[2025-10-19T04:43:32.333+0000] {logging_mixin.py:190} INFO - [2025-10-19T04:43:32.333+0000] {dag.py:3239} INFO - Sync 1 DAGs
[2025-10-19T04:43:32.341+0000] {logging_mixin.py:190} INFO - [2025-10-19T04:43:32.341+0000] {dag.py:4180} INFO - Setting next_dagrun for extract_raw_data_pipeline to 2025-10-18 07:59:00+00:00, run_after=2025-10-19 07:00:00+00:00
[2025-10-19T04:43:32.346+0000] {processor.py:208} INFO - Processing /opt/airflow/dags/driven_data_pipeline.py took 0.095 seconds
[2025-10-19T04:59:01.789+0000] {processor.py:186} INFO - Started process (PID=3775) to work on /opt/airflow/dags/driven_data_pipeline.py
[2025-10-19T04:59:01.790+0000] {processor.py:914} INFO - Processing file /opt/airflow/dags/driven_data_pipeline.py for tasks to queue
[2025-10-19T04:59:01.791+0000] {logging_mixin.py:190} INFO - [2025-10-19T04:59:01.791+0000] {dagbag.py:588} INFO - Filling up the DagBag from /opt/airflow/dags/driven_data_pipeline.py
[2025-10-19T04:59:01.859+0000] {processor.py:925} INFO - DAG(s) 'extract_raw_data_pipeline' retrieved from /opt/airflow/dags/driven_data_pipeline.py
[2025-10-19T04:59:01.868+0000] {logging_mixin.py:190} INFO - [2025-10-19T04:59:01.868+0000] {dag.py:3239} INFO - Sync 1 DAGs
[2025-10-19T04:59:01.876+0000] {logging_mixin.py:190} INFO - [2025-10-19T04:59:01.876+0000] {dag.py:4180} INFO - Setting next_dagrun for extract_raw_data_pipeline to 2025-10-18 07:59:00+00:00, run_after=2025-10-19 07:00:00+00:00
[2025-10-19T04:59:01.881+0000] {processor.py:208} INFO - Processing /opt/airflow/dags/driven_data_pipeline.py took 0.097 seconds
[2025-10-19T05:14:32.087+0000] {processor.py:186} INFO - Started process (PID=3783) to work on /opt/airflow/dags/driven_data_pipeline.py
[2025-10-19T05:14:32.087+0000] {processor.py:914} INFO - Processing file /opt/airflow/dags/driven_data_pipeline.py for tasks to queue
[2025-10-19T05:14:32.088+0000] {logging_mixin.py:190} INFO - [2025-10-19T05:14:32.088+0000] {dagbag.py:588} INFO - Filling up the DagBag from /opt/airflow/dags/driven_data_pipeline.py
[2025-10-19T05:14:32.152+0000] {processor.py:925} INFO - DAG(s) 'extract_raw_data_pipeline' retrieved from /opt/airflow/dags/driven_data_pipeline.py
[2025-10-19T05:14:32.162+0000] {logging_mixin.py:190} INFO - [2025-10-19T05:14:32.162+0000] {dag.py:3239} INFO - Sync 1 DAGs
[2025-10-19T05:14:32.169+0000] {logging_mixin.py:190} INFO - [2025-10-19T05:14:32.169+0000] {dag.py:4180} INFO - Setting next_dagrun for extract_raw_data_pipeline to 2025-10-18 07:59:00+00:00, run_after=2025-10-19 07:00:00+00:00
[2025-10-19T05:14:32.175+0000] {processor.py:208} INFO - Processing /opt/airflow/dags/driven_data_pipeline.py took 0.091 seconds
[2025-10-19T05:30:02.145+0000] {processor.py:186} INFO - Started process (PID=3791) to work on /opt/airflow/dags/driven_data_pipeline.py
[2025-10-19T05:30:02.146+0000] {processor.py:914} INFO - Processing file /opt/airflow/dags/driven_data_pipeline.py for tasks to queue
[2025-10-19T05:30:02.146+0000] {logging_mixin.py:190} INFO - [2025-10-19T05:30:02.146+0000] {dagbag.py:588} INFO - Filling up the DagBag from /opt/airflow/dags/driven_data_pipeline.py
[2025-10-19T05:30:02.212+0000] {processor.py:925} INFO - DAG(s) 'extract_raw_data_pipeline' retrieved from /opt/airflow/dags/driven_data_pipeline.py
[2025-10-19T05:30:02.221+0000] {logging_mixin.py:190} INFO - [2025-10-19T05:30:02.221+0000] {dag.py:3239} INFO - Sync 1 DAGs
[2025-10-19T05:30:02.229+0000] {logging_mixin.py:190} INFO - [2025-10-19T05:30:02.229+0000] {dag.py:4180} INFO - Setting next_dagrun for extract_raw_data_pipeline to 2025-10-18 07:59:00+00:00, run_after=2025-10-19 07:00:00+00:00
[2025-10-19T05:30:02.234+0000] {processor.py:208} INFO - Processing /opt/airflow/dags/driven_data_pipeline.py took 0.093 seconds
[2025-10-19T05:49:13.646+0000] {processor.py:186} INFO - Started process (PID=3799) to work on /opt/airflow/dags/driven_data_pipeline.py
[2025-10-19T05:49:13.646+0000] {processor.py:914} INFO - Processing file /opt/airflow/dags/driven_data_pipeline.py for tasks to queue
[2025-10-19T05:49:13.647+0000] {logging_mixin.py:190} INFO - [2025-10-19T05:49:13.647+0000] {dagbag.py:588} INFO - Filling up the DagBag from /opt/airflow/dags/driven_data_pipeline.py
[2025-10-19T05:49:13.714+0000] {processor.py:925} INFO - DAG(s) 'extract_raw_data_pipeline' retrieved from /opt/airflow/dags/driven_data_pipeline.py
[2025-10-19T05:49:13.723+0000] {logging_mixin.py:190} INFO - [2025-10-19T05:49:13.723+0000] {dag.py:3239} INFO - Sync 1 DAGs
[2025-10-19T05:49:13.731+0000] {logging_mixin.py:190} INFO - [2025-10-19T05:49:13.731+0000] {dag.py:4180} INFO - Setting next_dagrun for extract_raw_data_pipeline to 2025-10-18 07:59:00+00:00, run_after=2025-10-19 07:00:00+00:00
[2025-10-19T05:49:13.736+0000] {processor.py:208} INFO - Processing /opt/airflow/dags/driven_data_pipeline.py took 0.095 seconds
[2025-10-19T06:04:43.252+0000] {processor.py:186} INFO - Started process (PID=3807) to work on /opt/airflow/dags/driven_data_pipeline.py
[2025-10-19T06:04:43.253+0000] {processor.py:914} INFO - Processing file /opt/airflow/dags/driven_data_pipeline.py for tasks to queue
[2025-10-19T06:04:43.254+0000] {logging_mixin.py:190} INFO - [2025-10-19T06:04:43.254+0000] {dagbag.py:588} INFO - Filling up the DagBag from /opt/airflow/dags/driven_data_pipeline.py
[2025-10-19T06:04:43.321+0000] {processor.py:925} INFO - DAG(s) 'extract_raw_data_pipeline' retrieved from /opt/airflow/dags/driven_data_pipeline.py
[2025-10-19T06:04:43.330+0000] {logging_mixin.py:190} INFO - [2025-10-19T06:04:43.330+0000] {dag.py:3239} INFO - Sync 1 DAGs
[2025-10-19T06:04:43.338+0000] {logging_mixin.py:190} INFO - [2025-10-19T06:04:43.338+0000] {dag.py:4180} INFO - Setting next_dagrun for extract_raw_data_pipeline to 2025-10-18 07:59:00+00:00, run_after=2025-10-19 07:00:00+00:00
[2025-10-19T06:04:43.343+0000] {processor.py:208} INFO - Processing /opt/airflow/dags/driven_data_pipeline.py took 0.096 seconds
[2025-10-19T06:20:14.289+0000] {processor.py:186} INFO - Started process (PID=3815) to work on /opt/airflow/dags/driven_data_pipeline.py
[2025-10-19T06:20:14.289+0000] {processor.py:914} INFO - Processing file /opt/airflow/dags/driven_data_pipeline.py for tasks to queue
[2025-10-19T06:20:14.290+0000] {logging_mixin.py:190} INFO - [2025-10-19T06:20:14.290+0000] {dagbag.py:588} INFO - Filling up the DagBag from /opt/airflow/dags/driven_data_pipeline.py
[2025-10-19T06:20:14.355+0000] {processor.py:925} INFO - DAG(s) 'extract_raw_data_pipeline' retrieved from /opt/airflow/dags/driven_data_pipeline.py
[2025-10-19T06:20:14.365+0000] {logging_mixin.py:190} INFO - [2025-10-19T06:20:14.364+0000] {dag.py:3239} INFO - Sync 1 DAGs
[2025-10-19T06:20:14.372+0000] {logging_mixin.py:190} INFO - [2025-10-19T06:20:14.372+0000] {dag.py:4180} INFO - Setting next_dagrun for extract_raw_data_pipeline to 2025-10-18 07:59:00+00:00, run_after=2025-10-19 07:00:00+00:00
[2025-10-19T06:20:14.377+0000] {processor.py:208} INFO - Processing /opt/airflow/dags/driven_data_pipeline.py took 0.093 seconds
[2025-10-19T06:35:45.389+0000] {processor.py:186} INFO - Started process (PID=3823) to work on /opt/airflow/dags/driven_data_pipeline.py
[2025-10-19T06:35:45.390+0000] {processor.py:914} INFO - Processing file /opt/airflow/dags/driven_data_pipeline.py for tasks to queue
[2025-10-19T06:35:45.391+0000] {logging_mixin.py:190} INFO - [2025-10-19T06:35:45.391+0000] {dagbag.py:588} INFO - Filling up the DagBag from /opt/airflow/dags/driven_data_pipeline.py
[2025-10-19T06:35:45.458+0000] {processor.py:925} INFO - DAG(s) 'extract_raw_data_pipeline' retrieved from /opt/airflow/dags/driven_data_pipeline.py
[2025-10-19T06:35:45.467+0000] {logging_mixin.py:190} INFO - [2025-10-19T06:35:45.467+0000] {dag.py:3239} INFO - Sync 1 DAGs
[2025-10-19T06:35:45.475+0000] {logging_mixin.py:190} INFO - [2025-10-19T06:35:45.475+0000] {dag.py:4180} INFO - Setting next_dagrun for extract_raw_data_pipeline to 2025-10-18 07:59:00+00:00, run_after=2025-10-19 07:00:00+00:00
[2025-10-19T06:35:45.480+0000] {processor.py:208} INFO - Processing /opt/airflow/dags/driven_data_pipeline.py took 0.095 seconds
[2025-10-19T06:55:24.256+0000] {processor.py:186} INFO - Started process (PID=3831) to work on /opt/airflow/dags/driven_data_pipeline.py
[2025-10-19T06:55:24.257+0000] {processor.py:914} INFO - Processing file /opt/airflow/dags/driven_data_pipeline.py for tasks to queue
[2025-10-19T06:55:24.258+0000] {logging_mixin.py:190} INFO - [2025-10-19T06:55:24.257+0000] {dagbag.py:588} INFO - Filling up the DagBag from /opt/airflow/dags/driven_data_pipeline.py
[2025-10-19T06:55:24.329+0000] {processor.py:925} INFO - DAG(s) 'extract_raw_data_pipeline' retrieved from /opt/airflow/dags/driven_data_pipeline.py
[2025-10-19T06:55:24.338+0000] {logging_mixin.py:190} INFO - [2025-10-19T06:55:24.338+0000] {dag.py:3239} INFO - Sync 1 DAGs
[2025-10-19T06:55:24.345+0000] {logging_mixin.py:190} INFO - [2025-10-19T06:55:24.345+0000] {dag.py:4180} INFO - Setting next_dagrun for extract_raw_data_pipeline to 2025-10-18 07:59:00+00:00, run_after=2025-10-19 07:00:00+00:00
[2025-10-19T06:55:24.351+0000] {processor.py:208} INFO - Processing /opt/airflow/dags/driven_data_pipeline.py took 0.099 seconds
[2025-10-19T07:10:54.897+0000] {processor.py:186} INFO - Started process (PID=3847) to work on /opt/airflow/dags/driven_data_pipeline.py
[2025-10-19T07:10:54.899+0000] {processor.py:914} INFO - Processing file /opt/airflow/dags/driven_data_pipeline.py for tasks to queue
[2025-10-19T07:10:54.900+0000] {logging_mixin.py:190} INFO - [2025-10-19T07:10:54.899+0000] {dagbag.py:588} INFO - Filling up the DagBag from /opt/airflow/dags/driven_data_pipeline.py
[2025-10-19T07:10:54.989+0000] {processor.py:925} INFO - DAG(s) 'extract_raw_data_pipeline' retrieved from /opt/airflow/dags/driven_data_pipeline.py
[2025-10-19T07:10:55.004+0000] {logging_mixin.py:190} INFO - [2025-10-19T07:10:55.003+0000] {dag.py:3239} INFO - Sync 1 DAGs
[2025-10-19T07:10:55.023+0000] {logging_mixin.py:190} INFO - [2025-10-19T07:10:55.023+0000] {dag.py:4180} INFO - Setting next_dagrun for extract_raw_data_pipeline to 2025-10-19 07:10:00+00:00, run_after=2025-10-19 07:11:00+00:00
[2025-10-19T07:10:55.038+0000] {processor.py:208} INFO - Processing /opt/airflow/dags/driven_data_pipeline.py took 0.147 seconds
[2025-10-19T07:26:24.846+0000] {processor.py:186} INFO - Started process (PID=3859) to work on /opt/airflow/dags/driven_data_pipeline.py
[2025-10-19T07:26:24.847+0000] {processor.py:914} INFO - Processing file /opt/airflow/dags/driven_data_pipeline.py for tasks to queue
[2025-10-19T07:26:24.848+0000] {logging_mixin.py:190} INFO - [2025-10-19T07:26:24.847+0000] {dagbag.py:588} INFO - Filling up the DagBag from /opt/airflow/dags/driven_data_pipeline.py
[2025-10-19T07:26:24.916+0000] {processor.py:925} INFO - DAG(s) 'extract_raw_data_pipeline' retrieved from /opt/airflow/dags/driven_data_pipeline.py
[2025-10-19T07:26:24.926+0000] {logging_mixin.py:190} INFO - [2025-10-19T07:26:24.926+0000] {dag.py:3239} INFO - Sync 1 DAGs
[2025-10-19T07:26:24.934+0000] {logging_mixin.py:190} INFO - [2025-10-19T07:26:24.934+0000] {dag.py:4180} INFO - Setting next_dagrun for extract_raw_data_pipeline to 2025-10-19 07:25:00+00:00, run_after=2025-10-19 07:26:00+00:00
[2025-10-19T07:26:24.939+0000] {processor.py:208} INFO - Processing /opt/airflow/dags/driven_data_pipeline.py took 0.098 seconds
[2025-10-19T07:41:56.068+0000] {processor.py:186} INFO - Started process (PID=3871) to work on /opt/airflow/dags/driven_data_pipeline.py
[2025-10-19T07:41:56.069+0000] {processor.py:914} INFO - Processing file /opt/airflow/dags/driven_data_pipeline.py for tasks to queue
[2025-10-19T07:41:56.070+0000] {logging_mixin.py:190} INFO - [2025-10-19T07:41:56.069+0000] {dagbag.py:588} INFO - Filling up the DagBag from /opt/airflow/dags/driven_data_pipeline.py
[2025-10-19T07:41:56.149+0000] {processor.py:925} INFO - DAG(s) 'extract_raw_data_pipeline' retrieved from /opt/airflow/dags/driven_data_pipeline.py
[2025-10-19T07:41:56.164+0000] {logging_mixin.py:190} INFO - [2025-10-19T07:41:56.164+0000] {dag.py:3239} INFO - Sync 1 DAGs
[2025-10-19T07:41:56.177+0000] {logging_mixin.py:190} INFO - [2025-10-19T07:41:56.176+0000] {dag.py:4180} INFO - Setting next_dagrun for extract_raw_data_pipeline to 2025-10-19 07:41:00+00:00, run_after=2025-10-19 07:42:00+00:00
[2025-10-19T07:41:56.190+0000] {processor.py:208} INFO - Processing /opt/airflow/dags/driven_data_pipeline.py took 0.125 seconds
[2025-10-19T07:42:26.560+0000] {processor.py:186} INFO - Started process (PID=3891) to work on /opt/airflow/dags/driven_data_pipeline.py
[2025-10-19T07:42:26.561+0000] {processor.py:914} INFO - Processing file /opt/airflow/dags/driven_data_pipeline.py for tasks to queue
[2025-10-19T07:42:26.562+0000] {logging_mixin.py:190} INFO - [2025-10-19T07:42:26.562+0000] {dagbag.py:588} INFO - Filling up the DagBag from /opt/airflow/dags/driven_data_pipeline.py
[2025-10-19T07:42:26.635+0000] {processor.py:925} INFO - DAG(s) 'extract_raw_data_pipeline' retrieved from /opt/airflow/dags/driven_data_pipeline.py
[2025-10-19T07:42:26.644+0000] {logging_mixin.py:190} INFO - [2025-10-19T07:42:26.644+0000] {dag.py:3239} INFO - Sync 1 DAGs
[2025-10-19T07:42:26.652+0000] {logging_mixin.py:190} INFO - [2025-10-19T07:42:26.652+0000] {dag.py:4180} INFO - Setting next_dagrun for extract_raw_data_pipeline to 2025-10-19 07:42:00+00:00, run_after=2025-10-19 07:43:00+00:00
[2025-10-19T07:42:26.658+0000] {processor.py:208} INFO - Processing /opt/airflow/dags/driven_data_pipeline.py took 0.104 seconds
[2025-10-19T07:57:56.639+0000] {processor.py:186} INFO - Started process (PID=3899) to work on /opt/airflow/dags/driven_data_pipeline.py
[2025-10-19T07:57:56.640+0000] {processor.py:914} INFO - Processing file /opt/airflow/dags/driven_data_pipeline.py for tasks to queue
[2025-10-19T07:57:56.641+0000] {logging_mixin.py:190} INFO - [2025-10-19T07:57:56.640+0000] {dagbag.py:588} INFO - Filling up the DagBag from /opt/airflow/dags/driven_data_pipeline.py
[2025-10-19T07:57:56.726+0000] {processor.py:925} INFO - DAG(s) 'extract_raw_data_pipeline' retrieved from /opt/airflow/dags/driven_data_pipeline.py
[2025-10-19T07:57:56.743+0000] {logging_mixin.py:190} INFO - [2025-10-19T07:57:56.743+0000] {dag.py:3239} INFO - Sync 1 DAGs
[2025-10-19T07:57:56.753+0000] {logging_mixin.py:190} INFO - [2025-10-19T07:57:56.753+0000] {dag.py:4180} INFO - Setting next_dagrun for extract_raw_data_pipeline to 2025-10-19 07:56:00+00:00, run_after=2025-10-19 07:57:00+00:00
[2025-10-19T07:57:56.760+0000] {processor.py:208} INFO - Processing /opt/airflow/dags/driven_data_pipeline.py took 0.126 seconds
[2025-10-19T08:13:26.198+0000] {processor.py:186} INFO - Started process (PID=3919) to work on /opt/airflow/dags/driven_data_pipeline.py
[2025-10-19T08:13:26.199+0000] {processor.py:914} INFO - Processing file /opt/airflow/dags/driven_data_pipeline.py for tasks to queue
[2025-10-19T08:13:26.200+0000] {logging_mixin.py:190} INFO - [2025-10-19T08:13:26.199+0000] {dagbag.py:588} INFO - Filling up the DagBag from /opt/airflow/dags/driven_data_pipeline.py
[2025-10-19T08:13:26.265+0000] {processor.py:925} INFO - DAG(s) 'extract_raw_data_pipeline' retrieved from /opt/airflow/dags/driven_data_pipeline.py
[2025-10-19T08:13:26.275+0000] {logging_mixin.py:190} INFO - [2025-10-19T08:13:26.275+0000] {dag.py:3239} INFO - Sync 1 DAGs
[2025-10-19T08:13:26.282+0000] {logging_mixin.py:190} INFO - [2025-10-19T08:13:26.282+0000] {dag.py:4180} INFO - Setting next_dagrun for extract_raw_data_pipeline to 2025-10-19 07:58:00+00:00, run_after=2025-10-19 07:59:00+00:00
[2025-10-19T08:13:26.287+0000] {processor.py:208} INFO - Processing /opt/airflow/dags/driven_data_pipeline.py took 0.093 seconds
[2025-10-19T08:28:57.395+0000] {processor.py:186} INFO - Started process (PID=3931) to work on /opt/airflow/dags/driven_data_pipeline.py
[2025-10-19T08:28:57.396+0000] {processor.py:914} INFO - Processing file /opt/airflow/dags/driven_data_pipeline.py for tasks to queue
[2025-10-19T08:28:57.397+0000] {logging_mixin.py:190} INFO - [2025-10-19T08:28:57.397+0000] {dagbag.py:588} INFO - Filling up the DagBag from /opt/airflow/dags/driven_data_pipeline.py
[2025-10-19T08:28:57.464+0000] {processor.py:925} INFO - DAG(s) 'extract_raw_data_pipeline' retrieved from /opt/airflow/dags/driven_data_pipeline.py
[2025-10-19T08:28:57.473+0000] {logging_mixin.py:190} INFO - [2025-10-19T08:28:57.473+0000] {dag.py:3239} INFO - Sync 1 DAGs
[2025-10-19T08:28:57.480+0000] {logging_mixin.py:190} INFO - [2025-10-19T08:28:57.480+0000] {dag.py:4180} INFO - Setting next_dagrun for extract_raw_data_pipeline to 2025-10-19 07:59:00+00:00, run_after=2025-10-20 07:00:00+00:00
[2025-10-19T08:28:57.485+0000] {processor.py:208} INFO - Processing /opt/airflow/dags/driven_data_pipeline.py took 0.094 seconds
[2025-10-19T08:44:27.180+0000] {processor.py:186} INFO - Started process (PID=3939) to work on /opt/airflow/dags/driven_data_pipeline.py
[2025-10-19T08:44:27.180+0000] {processor.py:914} INFO - Processing file /opt/airflow/dags/driven_data_pipeline.py for tasks to queue
[2025-10-19T08:44:27.181+0000] {logging_mixin.py:190} INFO - [2025-10-19T08:44:27.181+0000] {dagbag.py:588} INFO - Filling up the DagBag from /opt/airflow/dags/driven_data_pipeline.py
[2025-10-19T08:44:27.246+0000] {processor.py:925} INFO - DAG(s) 'extract_raw_data_pipeline' retrieved from /opt/airflow/dags/driven_data_pipeline.py
[2025-10-19T08:44:27.255+0000] {logging_mixin.py:190} INFO - [2025-10-19T08:44:27.255+0000] {dag.py:3239} INFO - Sync 1 DAGs
[2025-10-19T08:44:27.263+0000] {logging_mixin.py:190} INFO - [2025-10-19T08:44:27.262+0000] {dag.py:4180} INFO - Setting next_dagrun for extract_raw_data_pipeline to 2025-10-19 07:59:00+00:00, run_after=2025-10-20 07:00:00+00:00
[2025-10-19T08:44:27.268+0000] {processor.py:208} INFO - Processing /opt/airflow/dags/driven_data_pipeline.py took 0.092 seconds
[2025-10-19T08:59:57.130+0000] {processor.py:186} INFO - Started process (PID=3947) to work on /opt/airflow/dags/driven_data_pipeline.py
[2025-10-19T08:59:57.130+0000] {processor.py:914} INFO - Processing file /opt/airflow/dags/driven_data_pipeline.py for tasks to queue
[2025-10-19T08:59:57.131+0000] {logging_mixin.py:190} INFO - [2025-10-19T08:59:57.131+0000] {dagbag.py:588} INFO - Filling up the DagBag from /opt/airflow/dags/driven_data_pipeline.py
[2025-10-19T08:59:57.196+0000] {processor.py:925} INFO - DAG(s) 'extract_raw_data_pipeline' retrieved from /opt/airflow/dags/driven_data_pipeline.py
[2025-10-19T08:59:57.206+0000] {logging_mixin.py:190} INFO - [2025-10-19T08:59:57.206+0000] {dag.py:3239} INFO - Sync 1 DAGs
[2025-10-19T08:59:57.214+0000] {logging_mixin.py:190} INFO - [2025-10-19T08:59:57.214+0000] {dag.py:4180} INFO - Setting next_dagrun for extract_raw_data_pipeline to 2025-10-19 07:59:00+00:00, run_after=2025-10-20 07:00:00+00:00
[2025-10-19T08:59:57.219+0000] {processor.py:208} INFO - Processing /opt/airflow/dags/driven_data_pipeline.py took 0.094 seconds
[2025-10-19T09:15:28.204+0000] {processor.py:186} INFO - Started process (PID=3955) to work on /opt/airflow/dags/driven_data_pipeline.py
[2025-10-19T09:15:28.205+0000] {processor.py:914} INFO - Processing file /opt/airflow/dags/driven_data_pipeline.py for tasks to queue
[2025-10-19T09:15:28.205+0000] {logging_mixin.py:190} INFO - [2025-10-19T09:15:28.205+0000] {dagbag.py:588} INFO - Filling up the DagBag from /opt/airflow/dags/driven_data_pipeline.py
[2025-10-19T09:15:28.269+0000] {processor.py:925} INFO - DAG(s) 'extract_raw_data_pipeline' retrieved from /opt/airflow/dags/driven_data_pipeline.py
[2025-10-19T09:15:28.278+0000] {logging_mixin.py:190} INFO - [2025-10-19T09:15:28.278+0000] {dag.py:3239} INFO - Sync 1 DAGs
[2025-10-19T09:15:28.286+0000] {logging_mixin.py:190} INFO - [2025-10-19T09:15:28.286+0000] {dag.py:4180} INFO - Setting next_dagrun for extract_raw_data_pipeline to 2025-10-19 07:59:00+00:00, run_after=2025-10-20 07:00:00+00:00
[2025-10-19T09:15:28.291+0000] {processor.py:208} INFO - Processing /opt/airflow/dags/driven_data_pipeline.py took 0.091 seconds
[2025-10-19T09:45:57.749+0000] {processor.py:186} INFO - Started process (PID=3963) to work on /opt/airflow/dags/driven_data_pipeline.py
[2025-10-19T09:45:57.750+0000] {processor.py:914} INFO - Processing file /opt/airflow/dags/driven_data_pipeline.py for tasks to queue
[2025-10-19T09:45:57.751+0000] {logging_mixin.py:190} INFO - [2025-10-19T09:45:57.751+0000] {dagbag.py:588} INFO - Filling up the DagBag from /opt/airflow/dags/driven_data_pipeline.py
[2025-10-19T09:45:57.816+0000] {processor.py:925} INFO - DAG(s) 'extract_raw_data_pipeline' retrieved from /opt/airflow/dags/driven_data_pipeline.py
[2025-10-19T09:45:57.825+0000] {logging_mixin.py:190} INFO - [2025-10-19T09:45:57.825+0000] {dag.py:3239} INFO - Sync 1 DAGs
[2025-10-19T09:45:57.833+0000] {logging_mixin.py:190} INFO - [2025-10-19T09:45:57.833+0000] {dag.py:4180} INFO - Setting next_dagrun for extract_raw_data_pipeline to 2025-10-19 07:59:00+00:00, run_after=2025-10-20 07:00:00+00:00
[2025-10-19T09:45:57.838+0000] {processor.py:208} INFO - Processing /opt/airflow/dags/driven_data_pipeline.py took 0.092 seconds
[2025-10-19T10:01:27.856+0000] {processor.py:186} INFO - Started process (PID=3971) to work on /opt/airflow/dags/driven_data_pipeline.py
[2025-10-19T10:01:27.857+0000] {processor.py:914} INFO - Processing file /opt/airflow/dags/driven_data_pipeline.py for tasks to queue
[2025-10-19T10:01:27.857+0000] {logging_mixin.py:190} INFO - [2025-10-19T10:01:27.857+0000] {dagbag.py:588} INFO - Filling up the DagBag from /opt/airflow/dags/driven_data_pipeline.py
[2025-10-19T10:01:27.912+0000] {processor.py:925} INFO - DAG(s) 'extract_raw_data_pipeline' retrieved from /opt/airflow/dags/driven_data_pipeline.py
[2025-10-19T10:01:27.921+0000] {logging_mixin.py:190} INFO - [2025-10-19T10:01:27.921+0000] {dag.py:3239} INFO - Sync 1 DAGs
[2025-10-19T10:01:27.929+0000] {logging_mixin.py:190} INFO - [2025-10-19T10:01:27.929+0000] {dag.py:4180} INFO - Setting next_dagrun for extract_raw_data_pipeline to 2025-10-19 07:59:00+00:00, run_after=2025-10-20 07:00:00+00:00
[2025-10-19T10:01:27.935+0000] {processor.py:208} INFO - Processing /opt/airflow/dags/driven_data_pipeline.py took 0.082 seconds
[2025-10-19T10:16:58.125+0000] {processor.py:186} INFO - Started process (PID=3979) to work on /opt/airflow/dags/driven_data_pipeline.py
[2025-10-19T10:16:58.125+0000] {processor.py:914} INFO - Processing file /opt/airflow/dags/driven_data_pipeline.py for tasks to queue
[2025-10-19T10:16:58.126+0000] {logging_mixin.py:190} INFO - [2025-10-19T10:16:58.126+0000] {dagbag.py:588} INFO - Filling up the DagBag from /opt/airflow/dags/driven_data_pipeline.py
[2025-10-19T10:16:58.192+0000] {processor.py:925} INFO - DAG(s) 'extract_raw_data_pipeline' retrieved from /opt/airflow/dags/driven_data_pipeline.py
[2025-10-19T10:16:58.201+0000] {logging_mixin.py:190} INFO - [2025-10-19T10:16:58.201+0000] {dag.py:3239} INFO - Sync 1 DAGs
[2025-10-19T10:16:58.209+0000] {logging_mixin.py:190} INFO - [2025-10-19T10:16:58.209+0000] {dag.py:4180} INFO - Setting next_dagrun for extract_raw_data_pipeline to 2025-10-19 07:59:00+00:00, run_after=2025-10-20 07:00:00+00:00
[2025-10-19T10:16:58.214+0000] {processor.py:208} INFO - Processing /opt/airflow/dags/driven_data_pipeline.py took 0.095 seconds
[2025-10-19T10:32:29.101+0000] {processor.py:186} INFO - Started process (PID=3987) to work on /opt/airflow/dags/driven_data_pipeline.py
[2025-10-19T10:32:29.102+0000] {processor.py:914} INFO - Processing file /opt/airflow/dags/driven_data_pipeline.py for tasks to queue
[2025-10-19T10:32:29.103+0000] {logging_mixin.py:190} INFO - [2025-10-19T10:32:29.102+0000] {dagbag.py:588} INFO - Filling up the DagBag from /opt/airflow/dags/driven_data_pipeline.py
[2025-10-19T10:32:29.170+0000] {processor.py:925} INFO - DAG(s) 'extract_raw_data_pipeline' retrieved from /opt/airflow/dags/driven_data_pipeline.py
[2025-10-19T10:32:29.180+0000] {logging_mixin.py:190} INFO - [2025-10-19T10:32:29.179+0000] {dag.py:3239} INFO - Sync 1 DAGs
[2025-10-19T10:32:29.187+0000] {logging_mixin.py:190} INFO - [2025-10-19T10:32:29.187+0000] {dag.py:4180} INFO - Setting next_dagrun for extract_raw_data_pipeline to 2025-10-19 07:59:00+00:00, run_after=2025-10-20 07:00:00+00:00
[2025-10-19T10:32:29.192+0000] {processor.py:208} INFO - Processing /opt/airflow/dags/driven_data_pipeline.py took 0.096 seconds
[2025-10-19T10:33:01.068+0000] {processor.py:186} INFO - Started process (PID=3995) to work on /opt/airflow/dags/driven_data_pipeline.py
[2025-10-19T10:33:01.069+0000] {processor.py:914} INFO - Processing file /opt/airflow/dags/driven_data_pipeline.py for tasks to queue
[2025-10-19T10:33:01.070+0000] {logging_mixin.py:190} INFO - [2025-10-19T10:33:01.070+0000] {dagbag.py:588} INFO - Filling up the DagBag from /opt/airflow/dags/driven_data_pipeline.py
[2025-10-19T10:33:01.141+0000] {processor.py:925} INFO - DAG(s) 'extract_raw_data_pipeline' retrieved from /opt/airflow/dags/driven_data_pipeline.py
[2025-10-19T10:33:01.150+0000] {logging_mixin.py:190} INFO - [2025-10-19T10:33:01.150+0000] {dag.py:3239} INFO - Sync 1 DAGs
[2025-10-19T10:33:01.158+0000] {logging_mixin.py:190} INFO - [2025-10-19T10:33:01.158+0000] {dag.py:4180} INFO - Setting next_dagrun for extract_raw_data_pipeline to 2025-10-19 07:59:00+00:00, run_after=2025-10-20 07:00:00+00:00
[2025-10-19T10:33:01.163+0000] {processor.py:208} INFO - Processing /opt/airflow/dags/driven_data_pipeline.py took 0.100 seconds
[2025-10-19T10:48:31.052+0000] {processor.py:186} INFO - Started process (PID=4003) to work on /opt/airflow/dags/driven_data_pipeline.py
[2025-10-19T10:48:31.052+0000] {processor.py:914} INFO - Processing file /opt/airflow/dags/driven_data_pipeline.py for tasks to queue
[2025-10-19T10:48:31.053+0000] {logging_mixin.py:190} INFO - [2025-10-19T10:48:31.053+0000] {dagbag.py:588} INFO - Filling up the DagBag from /opt/airflow/dags/driven_data_pipeline.py
[2025-10-19T10:48:31.121+0000] {processor.py:925} INFO - DAG(s) 'extract_raw_data_pipeline' retrieved from /opt/airflow/dags/driven_data_pipeline.py
[2025-10-19T10:48:31.130+0000] {logging_mixin.py:190} INFO - [2025-10-19T10:48:31.130+0000] {dag.py:3239} INFO - Sync 1 DAGs
[2025-10-19T10:48:31.138+0000] {logging_mixin.py:190} INFO - [2025-10-19T10:48:31.138+0000] {dag.py:4180} INFO - Setting next_dagrun for extract_raw_data_pipeline to 2025-10-19 07:59:00+00:00, run_after=2025-10-20 07:00:00+00:00
[2025-10-19T10:48:31.144+0000] {processor.py:208} INFO - Processing /opt/airflow/dags/driven_data_pipeline.py took 0.096 seconds
[2025-10-19T11:04:01.597+0000] {processor.py:186} INFO - Started process (PID=4011) to work on /opt/airflow/dags/driven_data_pipeline.py
[2025-10-19T11:04:01.598+0000] {processor.py:914} INFO - Processing file /opt/airflow/dags/driven_data_pipeline.py for tasks to queue
[2025-10-19T11:04:01.599+0000] {logging_mixin.py:190} INFO - [2025-10-19T11:04:01.599+0000] {dagbag.py:588} INFO - Filling up the DagBag from /opt/airflow/dags/driven_data_pipeline.py
[2025-10-19T11:04:01.667+0000] {processor.py:925} INFO - DAG(s) 'extract_raw_data_pipeline' retrieved from /opt/airflow/dags/driven_data_pipeline.py
[2025-10-19T11:04:01.676+0000] {logging_mixin.py:190} INFO - [2025-10-19T11:04:01.676+0000] {dag.py:3239} INFO - Sync 1 DAGs
[2025-10-19T11:04:01.684+0000] {logging_mixin.py:190} INFO - [2025-10-19T11:04:01.684+0000] {dag.py:4180} INFO - Setting next_dagrun for extract_raw_data_pipeline to 2025-10-19 07:59:00+00:00, run_after=2025-10-20 07:00:00+00:00
[2025-10-19T11:04:01.690+0000] {processor.py:208} INFO - Processing /opt/airflow/dags/driven_data_pipeline.py took 0.096 seconds
[2025-10-19T11:19:31.624+0000] {processor.py:186} INFO - Started process (PID=4019) to work on /opt/airflow/dags/driven_data_pipeline.py
[2025-10-19T11:19:31.625+0000] {processor.py:914} INFO - Processing file /opt/airflow/dags/driven_data_pipeline.py for tasks to queue
[2025-10-19T11:19:31.626+0000] {logging_mixin.py:190} INFO - [2025-10-19T11:19:31.626+0000] {dagbag.py:588} INFO - Filling up the DagBag from /opt/airflow/dags/driven_data_pipeline.py
[2025-10-19T11:19:31.690+0000] {processor.py:925} INFO - DAG(s) 'extract_raw_data_pipeline' retrieved from /opt/airflow/dags/driven_data_pipeline.py
[2025-10-19T11:19:31.700+0000] {logging_mixin.py:190} INFO - [2025-10-19T11:19:31.700+0000] {dag.py:3239} INFO - Sync 1 DAGs
[2025-10-19T11:19:31.708+0000] {logging_mixin.py:190} INFO - [2025-10-19T11:19:31.708+0000] {dag.py:4180} INFO - Setting next_dagrun for extract_raw_data_pipeline to 2025-10-19 07:59:00+00:00, run_after=2025-10-20 07:00:00+00:00
[2025-10-19T11:19:31.713+0000] {processor.py:208} INFO - Processing /opt/airflow/dags/driven_data_pipeline.py took 0.092 seconds
[2025-10-19T11:35:02.655+0000] {processor.py:186} INFO - Started process (PID=4027) to work on /opt/airflow/dags/driven_data_pipeline.py
[2025-10-19T11:35:02.656+0000] {processor.py:914} INFO - Processing file /opt/airflow/dags/driven_data_pipeline.py for tasks to queue
[2025-10-19T11:35:02.657+0000] {logging_mixin.py:190} INFO - [2025-10-19T11:35:02.656+0000] {dagbag.py:588} INFO - Filling up the DagBag from /opt/airflow/dags/driven_data_pipeline.py
[2025-10-19T11:35:02.722+0000] {processor.py:925} INFO - DAG(s) 'extract_raw_data_pipeline' retrieved from /opt/airflow/dags/driven_data_pipeline.py
[2025-10-19T11:35:02.732+0000] {logging_mixin.py:190} INFO - [2025-10-19T11:35:02.732+0000] {dag.py:3239} INFO - Sync 1 DAGs
[2025-10-19T11:35:02.740+0000] {logging_mixin.py:190} INFO - [2025-10-19T11:35:02.740+0000] {dag.py:4180} INFO - Setting next_dagrun for extract_raw_data_pipeline to 2025-10-19 07:59:00+00:00, run_after=2025-10-20 07:00:00+00:00
[2025-10-19T11:35:02.746+0000] {processor.py:208} INFO - Processing /opt/airflow/dags/driven_data_pipeline.py took 0.095 seconds
[2025-10-19T11:50:32.470+0000] {processor.py:186} INFO - Started process (PID=4035) to work on /opt/airflow/dags/driven_data_pipeline.py
[2025-10-19T11:50:32.471+0000] {processor.py:914} INFO - Processing file /opt/airflow/dags/driven_data_pipeline.py for tasks to queue
[2025-10-19T11:50:32.472+0000] {logging_mixin.py:190} INFO - [2025-10-19T11:50:32.472+0000] {dagbag.py:588} INFO - Filling up the DagBag from /opt/airflow/dags/driven_data_pipeline.py
[2025-10-19T11:50:32.537+0000] {processor.py:925} INFO - DAG(s) 'extract_raw_data_pipeline' retrieved from /opt/airflow/dags/driven_data_pipeline.py
[2025-10-19T11:50:32.547+0000] {logging_mixin.py:190} INFO - [2025-10-19T11:50:32.547+0000] {dag.py:3239} INFO - Sync 1 DAGs
[2025-10-19T11:50:32.555+0000] {logging_mixin.py:190} INFO - [2025-10-19T11:50:32.555+0000] {dag.py:4180} INFO - Setting next_dagrun for extract_raw_data_pipeline to 2025-10-19 07:59:00+00:00, run_after=2025-10-20 07:00:00+00:00
[2025-10-19T11:50:32.561+0000] {processor.py:208} INFO - Processing /opt/airflow/dags/driven_data_pipeline.py took 0.094 seconds
[2025-10-19T12:06:02.278+0000] {processor.py:186} INFO - Started process (PID=4043) to work on /opt/airflow/dags/driven_data_pipeline.py
[2025-10-19T12:06:02.279+0000] {processor.py:914} INFO - Processing file /opt/airflow/dags/driven_data_pipeline.py for tasks to queue
[2025-10-19T12:06:02.280+0000] {logging_mixin.py:190} INFO - [2025-10-19T12:06:02.279+0000] {dagbag.py:588} INFO - Filling up the DagBag from /opt/airflow/dags/driven_data_pipeline.py
[2025-10-19T12:06:02.347+0000] {processor.py:925} INFO - DAG(s) 'extract_raw_data_pipeline' retrieved from /opt/airflow/dags/driven_data_pipeline.py
[2025-10-19T12:06:02.357+0000] {logging_mixin.py:190} INFO - [2025-10-19T12:06:02.357+0000] {dag.py:3239} INFO - Sync 1 DAGs
[2025-10-19T12:06:02.365+0000] {logging_mixin.py:190} INFO - [2025-10-19T12:06:02.365+0000] {dag.py:4180} INFO - Setting next_dagrun for extract_raw_data_pipeline to 2025-10-19 07:59:00+00:00, run_after=2025-10-20 07:00:00+00:00
[2025-10-19T12:06:02.370+0000] {processor.py:208} INFO - Processing /opt/airflow/dags/driven_data_pipeline.py took 0.097 seconds
[2025-10-19T12:21:32.378+0000] {processor.py:186} INFO - Started process (PID=4051) to work on /opt/airflow/dags/driven_data_pipeline.py
[2025-10-19T12:21:32.379+0000] {processor.py:914} INFO - Processing file /opt/airflow/dags/driven_data_pipeline.py for tasks to queue
[2025-10-19T12:21:32.380+0000] {logging_mixin.py:190} INFO - [2025-10-19T12:21:32.379+0000] {dagbag.py:588} INFO - Filling up the DagBag from /opt/airflow/dags/driven_data_pipeline.py
[2025-10-19T12:21:32.445+0000] {processor.py:925} INFO - DAG(s) 'extract_raw_data_pipeline' retrieved from /opt/airflow/dags/driven_data_pipeline.py
[2025-10-19T12:21:32.454+0000] {logging_mixin.py:190} INFO - [2025-10-19T12:21:32.454+0000] {dag.py:3239} INFO - Sync 1 DAGs
[2025-10-19T12:21:32.462+0000] {logging_mixin.py:190} INFO - [2025-10-19T12:21:32.462+0000] {dag.py:4180} INFO - Setting next_dagrun for extract_raw_data_pipeline to 2025-10-19 07:59:00+00:00, run_after=2025-10-20 07:00:00+00:00
[2025-10-19T12:21:32.467+0000] {processor.py:208} INFO - Processing /opt/airflow/dags/driven_data_pipeline.py took 0.093 seconds
[2025-10-19T12:40:24.159+0000] {processor.py:186} INFO - Started process (PID=4059) to work on /opt/airflow/dags/driven_data_pipeline.py
[2025-10-19T12:40:24.160+0000] {processor.py:914} INFO - Processing file /opt/airflow/dags/driven_data_pipeline.py for tasks to queue
[2025-10-19T12:40:24.160+0000] {logging_mixin.py:190} INFO - [2025-10-19T12:40:24.160+0000] {dagbag.py:588} INFO - Filling up the DagBag from /opt/airflow/dags/driven_data_pipeline.py
[2025-10-19T12:40:24.218+0000] {processor.py:925} INFO - DAG(s) 'extract_raw_data_pipeline' retrieved from /opt/airflow/dags/driven_data_pipeline.py
[2025-10-19T12:40:24.228+0000] {logging_mixin.py:190} INFO - [2025-10-19T12:40:24.228+0000] {dag.py:3239} INFO - Sync 1 DAGs
[2025-10-19T12:40:24.236+0000] {logging_mixin.py:190} INFO - [2025-10-19T12:40:24.236+0000] {dag.py:4180} INFO - Setting next_dagrun for extract_raw_data_pipeline to 2025-10-19 07:59:00+00:00, run_after=2025-10-20 07:00:00+00:00
[2025-10-19T12:40:24.242+0000] {processor.py:208} INFO - Processing /opt/airflow/dags/driven_data_pipeline.py took 0.085 seconds
[2025-10-19T12:40:57.436+0000] {processor.py:186} INFO - Started process (PID=4067) to work on /opt/airflow/dags/driven_data_pipeline.py
[2025-10-19T12:40:57.437+0000] {processor.py:914} INFO - Processing file /opt/airflow/dags/driven_data_pipeline.py for tasks to queue
[2025-10-19T12:40:57.438+0000] {logging_mixin.py:190} INFO - [2025-10-19T12:40:57.438+0000] {dagbag.py:588} INFO - Filling up the DagBag from /opt/airflow/dags/driven_data_pipeline.py
[2025-10-19T12:40:57.516+0000] {processor.py:925} INFO - DAG(s) 'extract_raw_data_pipeline' retrieved from /opt/airflow/dags/driven_data_pipeline.py
[2025-10-19T12:40:57.527+0000] {logging_mixin.py:190} INFO - [2025-10-19T12:40:57.527+0000] {dag.py:3239} INFO - Sync 1 DAGs
[2025-10-19T12:40:57.536+0000] {logging_mixin.py:190} INFO - [2025-10-19T12:40:57.536+0000] {dag.py:4180} INFO - Setting next_dagrun for extract_raw_data_pipeline to 2025-10-19 07:59:00+00:00, run_after=2025-10-20 07:00:00+00:00
[2025-10-19T12:40:57.542+0000] {processor.py:208} INFO - Processing /opt/airflow/dags/driven_data_pipeline.py took 0.112 seconds
[2025-10-19T12:56:26.275+0000] {processor.py:186} INFO - Started process (PID=4075) to work on /opt/airflow/dags/driven_data_pipeline.py
[2025-10-19T12:56:26.276+0000] {processor.py:914} INFO - Processing file /opt/airflow/dags/driven_data_pipeline.py for tasks to queue
[2025-10-19T12:56:26.277+0000] {logging_mixin.py:190} INFO - [2025-10-19T12:56:26.276+0000] {dagbag.py:588} INFO - Filling up the DagBag from /opt/airflow/dags/driven_data_pipeline.py
[2025-10-19T12:56:26.343+0000] {processor.py:925} INFO - DAG(s) 'extract_raw_data_pipeline' retrieved from /opt/airflow/dags/driven_data_pipeline.py
[2025-10-19T12:56:26.353+0000] {logging_mixin.py:190} INFO - [2025-10-19T12:56:26.353+0000] {dag.py:3239} INFO - Sync 1 DAGs
[2025-10-19T12:56:26.362+0000] {logging_mixin.py:190} INFO - [2025-10-19T12:56:26.362+0000] {dag.py:4180} INFO - Setting next_dagrun for extract_raw_data_pipeline to 2025-10-19 07:59:00+00:00, run_after=2025-10-20 07:00:00+00:00
[2025-10-19T12:56:26.367+0000] {processor.py:208} INFO - Processing /opt/airflow/dags/driven_data_pipeline.py took 0.096 seconds
[2025-10-19T13:11:56.574+0000] {processor.py:186} INFO - Started process (PID=4083) to work on /opt/airflow/dags/driven_data_pipeline.py
[2025-10-19T13:11:56.575+0000] {processor.py:914} INFO - Processing file /opt/airflow/dags/driven_data_pipeline.py for tasks to queue
[2025-10-19T13:11:56.575+0000] {logging_mixin.py:190} INFO - [2025-10-19T13:11:56.575+0000] {dagbag.py:588} INFO - Filling up the DagBag from /opt/airflow/dags/driven_data_pipeline.py
[2025-10-19T13:11:56.642+0000] {processor.py:925} INFO - DAG(s) 'extract_raw_data_pipeline' retrieved from /opt/airflow/dags/driven_data_pipeline.py
[2025-10-19T13:11:56.651+0000] {logging_mixin.py:190} INFO - [2025-10-19T13:11:56.651+0000] {dag.py:3239} INFO - Sync 1 DAGs
[2025-10-19T13:11:56.659+0000] {logging_mixin.py:190} INFO - [2025-10-19T13:11:56.659+0000] {dag.py:4180} INFO - Setting next_dagrun for extract_raw_data_pipeline to 2025-10-19 07:59:00+00:00, run_after=2025-10-20 07:00:00+00:00
[2025-10-19T13:11:56.665+0000] {processor.py:208} INFO - Processing /opt/airflow/dags/driven_data_pipeline.py took 0.095 seconds
[2025-10-19T13:27:26.620+0000] {processor.py:186} INFO - Started process (PID=4091) to work on /opt/airflow/dags/driven_data_pipeline.py
[2025-10-19T13:27:26.620+0000] {processor.py:914} INFO - Processing file /opt/airflow/dags/driven_data_pipeline.py for tasks to queue
[2025-10-19T13:27:26.621+0000] {logging_mixin.py:190} INFO - [2025-10-19T13:27:26.621+0000] {dagbag.py:588} INFO - Filling up the DagBag from /opt/airflow/dags/driven_data_pipeline.py
[2025-10-19T13:27:26.686+0000] {processor.py:925} INFO - DAG(s) 'extract_raw_data_pipeline' retrieved from /opt/airflow/dags/driven_data_pipeline.py
[2025-10-19T13:27:26.696+0000] {logging_mixin.py:190} INFO - [2025-10-19T13:27:26.696+0000] {dag.py:3239} INFO - Sync 1 DAGs
[2025-10-19T13:27:26.703+0000] {logging_mixin.py:190} INFO - [2025-10-19T13:27:26.703+0000] {dag.py:4180} INFO - Setting next_dagrun for extract_raw_data_pipeline to 2025-10-19 07:59:00+00:00, run_after=2025-10-20 07:00:00+00:00
[2025-10-19T13:27:26.708+0000] {processor.py:208} INFO - Processing /opt/airflow/dags/driven_data_pipeline.py took 0.093 seconds
[2025-10-19T13:42:56.642+0000] {processor.py:186} INFO - Started process (PID=4099) to work on /opt/airflow/dags/driven_data_pipeline.py
[2025-10-19T13:42:56.642+0000] {processor.py:914} INFO - Processing file /opt/airflow/dags/driven_data_pipeline.py for tasks to queue
[2025-10-19T13:42:56.643+0000] {logging_mixin.py:190} INFO - [2025-10-19T13:42:56.643+0000] {dagbag.py:588} INFO - Filling up the DagBag from /opt/airflow/dags/driven_data_pipeline.py
[2025-10-19T13:42:56.701+0000] {processor.py:925} INFO - DAG(s) 'extract_raw_data_pipeline' retrieved from /opt/airflow/dags/driven_data_pipeline.py
[2025-10-19T13:42:56.710+0000] {logging_mixin.py:190} INFO - [2025-10-19T13:42:56.710+0000] {dag.py:3239} INFO - Sync 1 DAGs
[2025-10-19T13:42:56.718+0000] {logging_mixin.py:190} INFO - [2025-10-19T13:42:56.718+0000] {dag.py:4180} INFO - Setting next_dagrun for extract_raw_data_pipeline to 2025-10-19 07:59:00+00:00, run_after=2025-10-20 07:00:00+00:00
[2025-10-19T13:42:56.724+0000] {processor.py:208} INFO - Processing /opt/airflow/dags/driven_data_pipeline.py took 0.084 seconds
[2025-10-19T13:58:26.408+0000] {processor.py:186} INFO - Started process (PID=4107) to work on /opt/airflow/dags/driven_data_pipeline.py
[2025-10-19T13:58:26.409+0000] {processor.py:914} INFO - Processing file /opt/airflow/dags/driven_data_pipeline.py for tasks to queue
[2025-10-19T13:58:26.410+0000] {logging_mixin.py:190} INFO - [2025-10-19T13:58:26.409+0000] {dagbag.py:588} INFO - Filling up the DagBag from /opt/airflow/dags/driven_data_pipeline.py
[2025-10-19T13:58:26.471+0000] {processor.py:925} INFO - DAG(s) 'extract_raw_data_pipeline' retrieved from /opt/airflow/dags/driven_data_pipeline.py
[2025-10-19T13:58:26.480+0000] {logging_mixin.py:190} INFO - [2025-10-19T13:58:26.480+0000] {dag.py:3239} INFO - Sync 1 DAGs
[2025-10-19T13:58:26.488+0000] {logging_mixin.py:190} INFO - [2025-10-19T13:58:26.488+0000] {dag.py:4180} INFO - Setting next_dagrun for extract_raw_data_pipeline to 2025-10-19 07:59:00+00:00, run_after=2025-10-20 07:00:00+00:00
[2025-10-19T13:58:26.494+0000] {processor.py:208} INFO - Processing /opt/airflow/dags/driven_data_pipeline.py took 0.089 seconds
[2025-10-19T14:13:56.668+0000] {processor.py:186} INFO - Started process (PID=4115) to work on /opt/airflow/dags/driven_data_pipeline.py
[2025-10-19T14:13:56.669+0000] {processor.py:914} INFO - Processing file /opt/airflow/dags/driven_data_pipeline.py for tasks to queue
[2025-10-19T14:13:56.670+0000] {logging_mixin.py:190} INFO - [2025-10-19T14:13:56.669+0000] {dagbag.py:588} INFO - Filling up the DagBag from /opt/airflow/dags/driven_data_pipeline.py
[2025-10-19T14:13:56.736+0000] {processor.py:925} INFO - DAG(s) 'extract_raw_data_pipeline' retrieved from /opt/airflow/dags/driven_data_pipeline.py
[2025-10-19T14:13:56.745+0000] {logging_mixin.py:190} INFO - [2025-10-19T14:13:56.745+0000] {dag.py:3239} INFO - Sync 1 DAGs
[2025-10-19T14:13:56.753+0000] {logging_mixin.py:190} INFO - [2025-10-19T14:13:56.752+0000] {dag.py:4180} INFO - Setting next_dagrun for extract_raw_data_pipeline to 2025-10-19 07:59:00+00:00, run_after=2025-10-20 07:00:00+00:00
[2025-10-19T14:13:56.758+0000] {processor.py:208} INFO - Processing /opt/airflow/dags/driven_data_pipeline.py took 0.095 seconds
[2025-10-19T14:20:01.672+0000] {processor.py:186} INFO - Started process (PID=4123) to work on /opt/airflow/dags/driven_data_pipeline.py
[2025-10-19T14:20:01.673+0000] {processor.py:914} INFO - Processing file /opt/airflow/dags/driven_data_pipeline.py for tasks to queue
[2025-10-19T14:20:01.674+0000] {logging_mixin.py:190} INFO - [2025-10-19T14:20:01.674+0000] {dagbag.py:588} INFO - Filling up the DagBag from /opt/airflow/dags/driven_data_pipeline.py
[2025-10-19T14:20:01.742+0000] {processor.py:925} INFO - DAG(s) 'extract_raw_data_pipeline' retrieved from /opt/airflow/dags/driven_data_pipeline.py
[2025-10-19T14:20:01.751+0000] {logging_mixin.py:190} INFO - [2025-10-19T14:20:01.750+0000] {dag.py:3239} INFO - Sync 1 DAGs
[2025-10-19T14:20:01.760+0000] {logging_mixin.py:190} INFO - [2025-10-19T14:20:01.760+0000] {dag.py:4180} INFO - Setting next_dagrun for extract_raw_data_pipeline to 2025-10-19 07:59:00+00:00, run_after=2025-10-20 07:00:00+00:00
[2025-10-19T14:20:01.766+0000] {processor.py:208} INFO - Processing /opt/airflow/dags/driven_data_pipeline.py took 0.097 seconds
[2025-10-19T14:39:24.148+0000] {processor.py:186} INFO - Started process (PID=4131) to work on /opt/airflow/dags/driven_data_pipeline.py
[2025-10-19T14:39:24.149+0000] {processor.py:914} INFO - Processing file /opt/airflow/dags/driven_data_pipeline.py for tasks to queue
[2025-10-19T14:39:24.150+0000] {logging_mixin.py:190} INFO - [2025-10-19T14:39:24.150+0000] {dagbag.py:588} INFO - Filling up the DagBag from /opt/airflow/dags/driven_data_pipeline.py
[2025-10-19T14:39:24.215+0000] {processor.py:925} INFO - DAG(s) 'extract_raw_data_pipeline' retrieved from /opt/airflow/dags/driven_data_pipeline.py
[2025-10-19T14:39:24.223+0000] {logging_mixin.py:190} INFO - [2025-10-19T14:39:24.223+0000] {dag.py:3239} INFO - Sync 1 DAGs
[2025-10-19T14:39:24.231+0000] {logging_mixin.py:190} INFO - [2025-10-19T14:39:24.231+0000] {dag.py:4180} INFO - Setting next_dagrun for extract_raw_data_pipeline to 2025-10-19 07:59:00+00:00, run_after=2025-10-20 07:00:00+00:00
[2025-10-19T14:39:24.236+0000] {processor.py:208} INFO - Processing /opt/airflow/dags/driven_data_pipeline.py took 0.092 seconds
[2025-10-19T14:54:54.687+0000] {processor.py:186} INFO - Started process (PID=4139) to work on /opt/airflow/dags/driven_data_pipeline.py
[2025-10-19T14:54:54.688+0000] {processor.py:914} INFO - Processing file /opt/airflow/dags/driven_data_pipeline.py for tasks to queue
[2025-10-19T14:54:54.688+0000] {logging_mixin.py:190} INFO - [2025-10-19T14:54:54.688+0000] {dagbag.py:588} INFO - Filling up the DagBag from /opt/airflow/dags/driven_data_pipeline.py
[2025-10-19T14:54:54.755+0000] {processor.py:925} INFO - DAG(s) 'extract_raw_data_pipeline' retrieved from /opt/airflow/dags/driven_data_pipeline.py
[2025-10-19T14:54:54.765+0000] {logging_mixin.py:190} INFO - [2025-10-19T14:54:54.765+0000] {dag.py:3239} INFO - Sync 1 DAGs
[2025-10-19T14:54:54.774+0000] {logging_mixin.py:190} INFO - [2025-10-19T14:54:54.774+0000] {dag.py:4180} INFO - Setting next_dagrun for extract_raw_data_pipeline to 2025-10-19 07:59:00+00:00, run_after=2025-10-20 07:00:00+00:00
[2025-10-19T14:54:54.780+0000] {processor.py:208} INFO - Processing /opt/airflow/dags/driven_data_pipeline.py took 0.097 seconds
[2025-10-19T15:10:25.266+0000] {processor.py:186} INFO - Started process (PID=4147) to work on /opt/airflow/dags/driven_data_pipeline.py
[2025-10-19T15:10:25.267+0000] {processor.py:914} INFO - Processing file /opt/airflow/dags/driven_data_pipeline.py for tasks to queue
[2025-10-19T15:10:25.267+0000] {logging_mixin.py:190} INFO - [2025-10-19T15:10:25.267+0000] {dagbag.py:588} INFO - Filling up the DagBag from /opt/airflow/dags/driven_data_pipeline.py
[2025-10-19T15:10:25.334+0000] {processor.py:925} INFO - DAG(s) 'extract_raw_data_pipeline' retrieved from /opt/airflow/dags/driven_data_pipeline.py
[2025-10-19T15:10:25.344+0000] {logging_mixin.py:190} INFO - [2025-10-19T15:10:25.344+0000] {dag.py:3239} INFO - Sync 1 DAGs
[2025-10-19T15:10:25.352+0000] {logging_mixin.py:190} INFO - [2025-10-19T15:10:25.352+0000] {dag.py:4180} INFO - Setting next_dagrun for extract_raw_data_pipeline to 2025-10-19 07:59:00+00:00, run_after=2025-10-20 07:00:00+00:00
[2025-10-19T15:10:25.357+0000] {processor.py:208} INFO - Processing /opt/airflow/dags/driven_data_pipeline.py took 0.096 seconds
[2025-10-19T15:25:05.042+0000] {processor.py:186} INFO - Started process (PID=4155) to work on /opt/airflow/dags/driven_data_pipeline.py
[2025-10-19T15:25:05.043+0000] {processor.py:914} INFO - Processing file /opt/airflow/dags/driven_data_pipeline.py for tasks to queue
[2025-10-19T15:25:05.044+0000] {logging_mixin.py:190} INFO - [2025-10-19T15:25:05.044+0000] {dagbag.py:588} INFO - Filling up the DagBag from /opt/airflow/dags/driven_data_pipeline.py
[2025-10-19T15:25:05.108+0000] {processor.py:925} INFO - DAG(s) 'extract_raw_data_pipeline' retrieved from /opt/airflow/dags/driven_data_pipeline.py
[2025-10-19T15:25:05.118+0000] {logging_mixin.py:190} INFO - [2025-10-19T15:25:05.118+0000] {dag.py:3239} INFO - Sync 1 DAGs
[2025-10-19T15:25:05.125+0000] {logging_mixin.py:190} INFO - [2025-10-19T15:25:05.125+0000] {dag.py:4180} INFO - Setting next_dagrun for extract_raw_data_pipeline to 2025-10-19 07:59:00+00:00, run_after=2025-10-20 07:00:00+00:00
[2025-10-19T15:25:05.131+0000] {processor.py:208} INFO - Processing /opt/airflow/dags/driven_data_pipeline.py took 0.093 seconds
[2025-10-19T15:40:34.594+0000] {processor.py:186} INFO - Started process (PID=4163) to work on /opt/airflow/dags/driven_data_pipeline.py
[2025-10-19T15:40:34.595+0000] {processor.py:914} INFO - Processing file /opt/airflow/dags/driven_data_pipeline.py for tasks to queue
[2025-10-19T15:40:34.596+0000] {logging_mixin.py:190} INFO - [2025-10-19T15:40:34.595+0000] {dagbag.py:588} INFO - Filling up the DagBag from /opt/airflow/dags/driven_data_pipeline.py
[2025-10-19T15:40:34.662+0000] {processor.py:925} INFO - DAG(s) 'extract_raw_data_pipeline' retrieved from /opt/airflow/dags/driven_data_pipeline.py
[2025-10-19T15:40:34.671+0000] {logging_mixin.py:190} INFO - [2025-10-19T15:40:34.671+0000] {dag.py:3239} INFO - Sync 1 DAGs
[2025-10-19T15:40:34.678+0000] {logging_mixin.py:190} INFO - [2025-10-19T15:40:34.678+0000] {dag.py:4180} INFO - Setting next_dagrun for extract_raw_data_pipeline to 2025-10-19 07:59:00+00:00, run_after=2025-10-20 07:00:00+00:00
[2025-10-19T15:40:34.684+0000] {processor.py:208} INFO - Processing /opt/airflow/dags/driven_data_pipeline.py took 0.095 seconds
[2025-10-19T15:56:05.014+0000] {processor.py:186} INFO - Started process (PID=4171) to work on /opt/airflow/dags/driven_data_pipeline.py
[2025-10-19T15:56:05.015+0000] {processor.py:914} INFO - Processing file /opt/airflow/dags/driven_data_pipeline.py for tasks to queue
[2025-10-19T15:56:05.016+0000] {logging_mixin.py:190} INFO - [2025-10-19T15:56:05.015+0000] {dagbag.py:588} INFO - Filling up the DagBag from /opt/airflow/dags/driven_data_pipeline.py
[2025-10-19T15:56:05.084+0000] {processor.py:925} INFO - DAG(s) 'extract_raw_data_pipeline' retrieved from /opt/airflow/dags/driven_data_pipeline.py
[2025-10-19T15:56:05.094+0000] {logging_mixin.py:190} INFO - [2025-10-19T15:56:05.094+0000] {dag.py:3239} INFO - Sync 1 DAGs
[2025-10-19T15:56:05.103+0000] {logging_mixin.py:190} INFO - [2025-10-19T15:56:05.103+0000] {dag.py:4180} INFO - Setting next_dagrun for extract_raw_data_pipeline to 2025-10-19 07:59:00+00:00, run_after=2025-10-20 07:00:00+00:00
[2025-10-19T15:56:05.109+0000] {processor.py:208} INFO - Processing /opt/airflow/dags/driven_data_pipeline.py took 0.100 seconds
[2025-10-19T16:11:35.976+0000] {processor.py:186} INFO - Started process (PID=4179) to work on /opt/airflow/dags/driven_data_pipeline.py
[2025-10-19T16:11:35.977+0000] {processor.py:914} INFO - Processing file /opt/airflow/dags/driven_data_pipeline.py for tasks to queue
[2025-10-19T16:11:35.977+0000] {logging_mixin.py:190} INFO - [2025-10-19T16:11:35.977+0000] {dagbag.py:588} INFO - Filling up the DagBag from /opt/airflow/dags/driven_data_pipeline.py
[2025-10-19T16:11:36.043+0000] {processor.py:925} INFO - DAG(s) 'extract_raw_data_pipeline' retrieved from /opt/airflow/dags/driven_data_pipeline.py
[2025-10-19T16:11:36.053+0000] {logging_mixin.py:190} INFO - [2025-10-19T16:11:36.053+0000] {dag.py:3239} INFO - Sync 1 DAGs
[2025-10-19T16:11:36.061+0000] {logging_mixin.py:190} INFO - [2025-10-19T16:11:36.061+0000] {dag.py:4180} INFO - Setting next_dagrun for extract_raw_data_pipeline to 2025-10-19 07:59:00+00:00, run_after=2025-10-20 07:00:00+00:00
[2025-10-19T16:11:36.066+0000] {processor.py:208} INFO - Processing /opt/airflow/dags/driven_data_pipeline.py took 0.095 seconds
[2025-10-19T16:26:14.770+0000] {processor.py:186} INFO - Started process (PID=4187) to work on /opt/airflow/dags/driven_data_pipeline.py
[2025-10-19T16:26:14.771+0000] {processor.py:914} INFO - Processing file /opt/airflow/dags/driven_data_pipeline.py for tasks to queue
[2025-10-19T16:26:14.771+0000] {logging_mixin.py:190} INFO - [2025-10-19T16:26:14.771+0000] {dagbag.py:588} INFO - Filling up the DagBag from /opt/airflow/dags/driven_data_pipeline.py
[2025-10-19T16:26:14.838+0000] {processor.py:925} INFO - DAG(s) 'extract_raw_data_pipeline' retrieved from /opt/airflow/dags/driven_data_pipeline.py
[2025-10-19T16:26:14.847+0000] {logging_mixin.py:190} INFO - [2025-10-19T16:26:14.847+0000] {dag.py:3239} INFO - Sync 1 DAGs
[2025-10-19T16:26:14.855+0000] {logging_mixin.py:190} INFO - [2025-10-19T16:26:14.855+0000] {dag.py:4180} INFO - Setting next_dagrun for extract_raw_data_pipeline to 2025-10-19 07:59:00+00:00, run_after=2025-10-20 07:00:00+00:00
[2025-10-19T16:26:14.860+0000] {processor.py:208} INFO - Processing /opt/airflow/dags/driven_data_pipeline.py took 0.095 seconds
[2025-10-19T16:41:44.843+0000] {processor.py:186} INFO - Started process (PID=4195) to work on /opt/airflow/dags/driven_data_pipeline.py
[2025-10-19T16:41:44.844+0000] {processor.py:914} INFO - Processing file /opt/airflow/dags/driven_data_pipeline.py for tasks to queue
[2025-10-19T16:41:44.844+0000] {logging_mixin.py:190} INFO - [2025-10-19T16:41:44.844+0000] {dagbag.py:588} INFO - Filling up the DagBag from /opt/airflow/dags/driven_data_pipeline.py
[2025-10-19T16:41:44.908+0000] {processor.py:925} INFO - DAG(s) 'extract_raw_data_pipeline' retrieved from /opt/airflow/dags/driven_data_pipeline.py
[2025-10-19T16:41:44.917+0000] {logging_mixin.py:190} INFO - [2025-10-19T16:41:44.917+0000] {dag.py:3239} INFO - Sync 1 DAGs
[2025-10-19T16:41:44.925+0000] {logging_mixin.py:190} INFO - [2025-10-19T16:41:44.924+0000] {dag.py:4180} INFO - Setting next_dagrun for extract_raw_data_pipeline to 2025-10-19 07:59:00+00:00, run_after=2025-10-20 07:00:00+00:00
[2025-10-19T16:41:44.930+0000] {processor.py:208} INFO - Processing /opt/airflow/dags/driven_data_pipeline.py took 0.091 seconds
[2025-10-19T16:57:14.505+0000] {processor.py:186} INFO - Started process (PID=4203) to work on /opt/airflow/dags/driven_data_pipeline.py
[2025-10-19T16:57:14.505+0000] {processor.py:914} INFO - Processing file /opt/airflow/dags/driven_data_pipeline.py for tasks to queue
[2025-10-19T16:57:14.506+0000] {logging_mixin.py:190} INFO - [2025-10-19T16:57:14.506+0000] {dagbag.py:588} INFO - Filling up the DagBag from /opt/airflow/dags/driven_data_pipeline.py
[2025-10-19T16:57:14.562+0000] {processor.py:925} INFO - DAG(s) 'extract_raw_data_pipeline' retrieved from /opt/airflow/dags/driven_data_pipeline.py
[2025-10-19T16:57:14.571+0000] {logging_mixin.py:190} INFO - [2025-10-19T16:57:14.571+0000] {dag.py:3239} INFO - Sync 1 DAGs
[2025-10-19T16:57:14.581+0000] {logging_mixin.py:190} INFO - [2025-10-19T16:57:14.581+0000] {dag.py:4180} INFO - Setting next_dagrun for extract_raw_data_pipeline to 2025-10-19 07:59:00+00:00, run_after=2025-10-20 07:00:00+00:00
[2025-10-19T16:57:14.587+0000] {processor.py:208} INFO - Processing /opt/airflow/dags/driven_data_pipeline.py took 0.085 seconds
[2025-10-19T17:15:18.030+0000] {processor.py:186} INFO - Started process (PID=4211) to work on /opt/airflow/dags/driven_data_pipeline.py
[2025-10-19T17:15:18.030+0000] {processor.py:914} INFO - Processing file /opt/airflow/dags/driven_data_pipeline.py for tasks to queue
[2025-10-19T17:15:18.031+0000] {logging_mixin.py:190} INFO - [2025-10-19T17:15:18.031+0000] {dagbag.py:588} INFO - Filling up the DagBag from /opt/airflow/dags/driven_data_pipeline.py
[2025-10-19T17:15:18.087+0000] {processor.py:925} INFO - DAG(s) 'extract_raw_data_pipeline' retrieved from /opt/airflow/dags/driven_data_pipeline.py
[2025-10-19T17:15:18.097+0000] {logging_mixin.py:190} INFO - [2025-10-19T17:15:18.097+0000] {dag.py:3239} INFO - Sync 1 DAGs
[2025-10-19T17:15:18.106+0000] {logging_mixin.py:190} INFO - [2025-10-19T17:15:18.106+0000] {dag.py:4180} INFO - Setting next_dagrun for extract_raw_data_pipeline to 2025-10-19 07:59:00+00:00, run_after=2025-10-20 07:00:00+00:00
[2025-10-19T17:15:18.114+0000] {processor.py:208} INFO - Processing /opt/airflow/dags/driven_data_pipeline.py took 0.087 seconds
[2025-10-19T17:26:58.173+0000] {processor.py:186} INFO - Started process (PID=4219) to work on /opt/airflow/dags/driven_data_pipeline.py
[2025-10-19T17:26:58.174+0000] {processor.py:914} INFO - Processing file /opt/airflow/dags/driven_data_pipeline.py for tasks to queue
[2025-10-19T17:26:58.175+0000] {logging_mixin.py:190} INFO - [2025-10-19T17:26:58.175+0000] {dagbag.py:588} INFO - Filling up the DagBag from /opt/airflow/dags/driven_data_pipeline.py
[2025-10-19T17:26:58.263+0000] {processor.py:925} INFO - DAG(s) 'extract_raw_data_pipeline' retrieved from /opt/airflow/dags/driven_data_pipeline.py
[2025-10-19T17:26:58.276+0000] {logging_mixin.py:190} INFO - [2025-10-19T17:26:58.275+0000] {dag.py:3239} INFO - Sync 1 DAGs
[2025-10-19T17:26:58.285+0000] {logging_mixin.py:190} INFO - [2025-10-19T17:26:58.285+0000] {dag.py:4180} INFO - Setting next_dagrun for extract_raw_data_pipeline to 2025-10-19 07:59:00+00:00, run_after=2025-10-20 07:00:00+00:00
[2025-10-19T17:26:58.291+0000] {processor.py:208} INFO - Processing /opt/airflow/dags/driven_data_pipeline.py took 0.126 seconds
[2025-10-19T17:42:28.304+0000] {processor.py:186} INFO - Started process (PID=4227) to work on /opt/airflow/dags/driven_data_pipeline.py
[2025-10-19T17:42:28.305+0000] {processor.py:914} INFO - Processing file /opt/airflow/dags/driven_data_pipeline.py for tasks to queue
[2025-10-19T17:42:28.306+0000] {logging_mixin.py:190} INFO - [2025-10-19T17:42:28.306+0000] {dagbag.py:588} INFO - Filling up the DagBag from /opt/airflow/dags/driven_data_pipeline.py
[2025-10-19T17:42:28.376+0000] {processor.py:925} INFO - DAG(s) 'extract_raw_data_pipeline' retrieved from /opt/airflow/dags/driven_data_pipeline.py
[2025-10-19T17:42:28.387+0000] {logging_mixin.py:190} INFO - [2025-10-19T17:42:28.387+0000] {dag.py:3239} INFO - Sync 1 DAGs
[2025-10-19T17:42:28.396+0000] {logging_mixin.py:190} INFO - [2025-10-19T17:42:28.395+0000] {dag.py:4180} INFO - Setting next_dagrun for extract_raw_data_pipeline to 2025-10-19 07:59:00+00:00, run_after=2025-10-20 07:00:00+00:00
[2025-10-19T17:42:28.401+0000] {processor.py:208} INFO - Processing /opt/airflow/dags/driven_data_pipeline.py took 0.103 seconds
[2025-10-19T17:57:57.950+0000] {processor.py:186} INFO - Started process (PID=4235) to work on /opt/airflow/dags/driven_data_pipeline.py
[2025-10-19T17:57:57.951+0000] {processor.py:914} INFO - Processing file /opt/airflow/dags/driven_data_pipeline.py for tasks to queue
[2025-10-19T17:57:57.952+0000] {logging_mixin.py:190} INFO - [2025-10-19T17:57:57.951+0000] {dagbag.py:588} INFO - Filling up the DagBag from /opt/airflow/dags/driven_data_pipeline.py
[2025-10-19T17:57:58.019+0000] {processor.py:925} INFO - DAG(s) 'extract_raw_data_pipeline' retrieved from /opt/airflow/dags/driven_data_pipeline.py
[2025-10-19T17:57:58.028+0000] {logging_mixin.py:190} INFO - [2025-10-19T17:57:58.028+0000] {dag.py:3239} INFO - Sync 1 DAGs
[2025-10-19T17:57:58.036+0000] {logging_mixin.py:190} INFO - [2025-10-19T17:57:58.036+0000] {dag.py:4180} INFO - Setting next_dagrun for extract_raw_data_pipeline to 2025-10-19 07:59:00+00:00, run_after=2025-10-20 07:00:00+00:00
[2025-10-19T17:57:58.041+0000] {processor.py:208} INFO - Processing /opt/airflow/dags/driven_data_pipeline.py took 0.096 seconds
[2025-10-19T18:13:28.856+0000] {processor.py:186} INFO - Started process (PID=4243) to work on /opt/airflow/dags/driven_data_pipeline.py
[2025-10-19T18:13:28.857+0000] {processor.py:914} INFO - Processing file /opt/airflow/dags/driven_data_pipeline.py for tasks to queue
[2025-10-19T18:13:28.858+0000] {logging_mixin.py:190} INFO - [2025-10-19T18:13:28.857+0000] {dagbag.py:588} INFO - Filling up the DagBag from /opt/airflow/dags/driven_data_pipeline.py
[2025-10-19T18:13:28.926+0000] {processor.py:925} INFO - DAG(s) 'extract_raw_data_pipeline' retrieved from /opt/airflow/dags/driven_data_pipeline.py
[2025-10-19T18:13:28.936+0000] {logging_mixin.py:190} INFO - [2025-10-19T18:13:28.936+0000] {dag.py:3239} INFO - Sync 1 DAGs
[2025-10-19T18:13:28.944+0000] {logging_mixin.py:190} INFO - [2025-10-19T18:13:28.943+0000] {dag.py:4180} INFO - Setting next_dagrun for extract_raw_data_pipeline to 2025-10-19 07:59:00+00:00, run_after=2025-10-20 07:00:00+00:00
[2025-10-19T18:13:28.949+0000] {processor.py:208} INFO - Processing /opt/airflow/dags/driven_data_pipeline.py took 0.098 seconds
[2025-10-19T18:28:11.089+0000] {processor.py:186} INFO - Started process (PID=4251) to work on /opt/airflow/dags/driven_data_pipeline.py
[2025-10-19T18:28:11.090+0000] {processor.py:914} INFO - Processing file /opt/airflow/dags/driven_data_pipeline.py for tasks to queue
[2025-10-19T18:28:11.090+0000] {logging_mixin.py:190} INFO - [2025-10-19T18:28:11.090+0000] {dagbag.py:588} INFO - Filling up the DagBag from /opt/airflow/dags/driven_data_pipeline.py
[2025-10-19T18:28:11.155+0000] {processor.py:925} INFO - DAG(s) 'extract_raw_data_pipeline' retrieved from /opt/airflow/dags/driven_data_pipeline.py
[2025-10-19T18:28:11.165+0000] {logging_mixin.py:190} INFO - [2025-10-19T18:28:11.165+0000] {dag.py:3239} INFO - Sync 1 DAGs
[2025-10-19T18:28:11.173+0000] {logging_mixin.py:190} INFO - [2025-10-19T18:28:11.173+0000] {dag.py:4180} INFO - Setting next_dagrun for extract_raw_data_pipeline to 2025-10-19 07:59:00+00:00, run_after=2025-10-20 07:00:00+00:00
[2025-10-19T18:28:11.178+0000] {processor.py:208} INFO - Processing /opt/airflow/dags/driven_data_pipeline.py took 0.093 seconds
[2025-10-19T18:43:41.808+0000] {processor.py:186} INFO - Started process (PID=4259) to work on /opt/airflow/dags/driven_data_pipeline.py
[2025-10-19T18:43:41.809+0000] {processor.py:914} INFO - Processing file /opt/airflow/dags/driven_data_pipeline.py for tasks to queue
[2025-10-19T18:43:41.810+0000] {logging_mixin.py:190} INFO - [2025-10-19T18:43:41.810+0000] {dagbag.py:588} INFO - Filling up the DagBag from /opt/airflow/dags/driven_data_pipeline.py
[2025-10-19T18:43:41.877+0000] {processor.py:925} INFO - DAG(s) 'extract_raw_data_pipeline' retrieved from /opt/airflow/dags/driven_data_pipeline.py
[2025-10-19T18:43:41.886+0000] {logging_mixin.py:190} INFO - [2025-10-19T18:43:41.886+0000] {dag.py:3239} INFO - Sync 1 DAGs
[2025-10-19T18:43:41.893+0000] {logging_mixin.py:190} INFO - [2025-10-19T18:43:41.893+0000] {dag.py:4180} INFO - Setting next_dagrun for extract_raw_data_pipeline to 2025-10-19 07:59:00+00:00, run_after=2025-10-20 07:00:00+00:00
[2025-10-19T18:43:41.899+0000] {processor.py:208} INFO - Processing /opt/airflow/dags/driven_data_pipeline.py took 0.095 seconds
[2025-10-19T18:59:11.486+0000] {processor.py:186} INFO - Started process (PID=4267) to work on /opt/airflow/dags/driven_data_pipeline.py
[2025-10-19T18:59:11.487+0000] {processor.py:914} INFO - Processing file /opt/airflow/dags/driven_data_pipeline.py for tasks to queue
[2025-10-19T18:59:11.488+0000] {logging_mixin.py:190} INFO - [2025-10-19T18:59:11.488+0000] {dagbag.py:588} INFO - Filling up the DagBag from /opt/airflow/dags/driven_data_pipeline.py
[2025-10-19T18:59:11.552+0000] {processor.py:925} INFO - DAG(s) 'extract_raw_data_pipeline' retrieved from /opt/airflow/dags/driven_data_pipeline.py
[2025-10-19T18:59:11.561+0000] {logging_mixin.py:190} INFO - [2025-10-19T18:59:11.561+0000] {dag.py:3239} INFO - Sync 1 DAGs
[2025-10-19T18:59:11.569+0000] {logging_mixin.py:190} INFO - [2025-10-19T18:59:11.569+0000] {dag.py:4180} INFO - Setting next_dagrun for extract_raw_data_pipeline to 2025-10-19 07:59:00+00:00, run_after=2025-10-20 07:00:00+00:00
[2025-10-19T18:59:11.574+0000] {processor.py:208} INFO - Processing /opt/airflow/dags/driven_data_pipeline.py took 0.092 seconds
[2025-10-19T19:28:58.298+0000] {processor.py:186} INFO - Started process (PID=4275) to work on /opt/airflow/dags/driven_data_pipeline.py
[2025-10-19T19:28:58.299+0000] {processor.py:914} INFO - Processing file /opt/airflow/dags/driven_data_pipeline.py for tasks to queue
[2025-10-19T19:28:58.300+0000] {logging_mixin.py:190} INFO - [2025-10-19T19:28:58.300+0000] {dagbag.py:588} INFO - Filling up the DagBag from /opt/airflow/dags/driven_data_pipeline.py
[2025-10-19T19:28:58.368+0000] {processor.py:925} INFO - DAG(s) 'extract_raw_data_pipeline' retrieved from /opt/airflow/dags/driven_data_pipeline.py
[2025-10-19T19:28:58.378+0000] {logging_mixin.py:190} INFO - [2025-10-19T19:28:58.378+0000] {dag.py:3239} INFO - Sync 1 DAGs
[2025-10-19T19:28:58.386+0000] {logging_mixin.py:190} INFO - [2025-10-19T19:28:58.386+0000] {dag.py:4180} INFO - Setting next_dagrun for extract_raw_data_pipeline to 2025-10-19 07:59:00+00:00, run_after=2025-10-20 07:00:00+00:00
[2025-10-19T19:28:58.391+0000] {processor.py:208} INFO - Processing /opt/airflow/dags/driven_data_pipeline.py took 0.097 seconds
[2025-10-19T19:44:28.844+0000] {processor.py:186} INFO - Started process (PID=4283) to work on /opt/airflow/dags/driven_data_pipeline.py
[2025-10-19T19:44:28.845+0000] {processor.py:914} INFO - Processing file /opt/airflow/dags/driven_data_pipeline.py for tasks to queue
[2025-10-19T19:44:28.846+0000] {logging_mixin.py:190} INFO - [2025-10-19T19:44:28.846+0000] {dagbag.py:588} INFO - Filling up the DagBag from /opt/airflow/dags/driven_data_pipeline.py
[2025-10-19T19:44:28.910+0000] {processor.py:925} INFO - DAG(s) 'extract_raw_data_pipeline' retrieved from /opt/airflow/dags/driven_data_pipeline.py
[2025-10-19T19:44:28.920+0000] {logging_mixin.py:190} INFO - [2025-10-19T19:44:28.920+0000] {dag.py:3239} INFO - Sync 1 DAGs
[2025-10-19T19:44:28.927+0000] {logging_mixin.py:190} INFO - [2025-10-19T19:44:28.927+0000] {dag.py:4180} INFO - Setting next_dagrun for extract_raw_data_pipeline to 2025-10-19 07:59:00+00:00, run_after=2025-10-20 07:00:00+00:00
[2025-10-19T19:44:28.932+0000] {processor.py:208} INFO - Processing /opt/airflow/dags/driven_data_pipeline.py took 0.092 seconds
[2025-10-19T19:59:57.634+0000] {processor.py:186} INFO - Started process (PID=4291) to work on /opt/airflow/dags/driven_data_pipeline.py
[2025-10-19T19:59:57.635+0000] {processor.py:914} INFO - Processing file /opt/airflow/dags/driven_data_pipeline.py for tasks to queue
[2025-10-19T19:59:57.636+0000] {logging_mixin.py:190} INFO - [2025-10-19T19:59:57.636+0000] {dagbag.py:588} INFO - Filling up the DagBag from /opt/airflow/dags/driven_data_pipeline.py
[2025-10-19T19:59:57.701+0000] {processor.py:925} INFO - DAG(s) 'extract_raw_data_pipeline' retrieved from /opt/airflow/dags/driven_data_pipeline.py
[2025-10-19T19:59:57.712+0000] {logging_mixin.py:190} INFO - [2025-10-19T19:59:57.712+0000] {dag.py:3239} INFO - Sync 1 DAGs
[2025-10-19T19:59:57.719+0000] {logging_mixin.py:190} INFO - [2025-10-19T19:59:57.719+0000] {dag.py:4180} INFO - Setting next_dagrun for extract_raw_data_pipeline to 2025-10-19 07:59:00+00:00, run_after=2025-10-20 07:00:00+00:00
[2025-10-19T19:59:57.725+0000] {processor.py:208} INFO - Processing /opt/airflow/dags/driven_data_pipeline.py took 0.095 seconds
[2025-10-19T20:15:28.821+0000] {processor.py:186} INFO - Started process (PID=4299) to work on /opt/airflow/dags/driven_data_pipeline.py
[2025-10-19T20:15:28.822+0000] {processor.py:914} INFO - Processing file /opt/airflow/dags/driven_data_pipeline.py for tasks to queue
[2025-10-19T20:15:28.822+0000] {logging_mixin.py:190} INFO - [2025-10-19T20:15:28.822+0000] {dagbag.py:588} INFO - Filling up the DagBag from /opt/airflow/dags/driven_data_pipeline.py
[2025-10-19T20:15:28.890+0000] {processor.py:925} INFO - DAG(s) 'extract_raw_data_pipeline' retrieved from /opt/airflow/dags/driven_data_pipeline.py
[2025-10-19T20:15:28.899+0000] {logging_mixin.py:190} INFO - [2025-10-19T20:15:28.899+0000] {dag.py:3239} INFO - Sync 1 DAGs
[2025-10-19T20:15:28.907+0000] {logging_mixin.py:190} INFO - [2025-10-19T20:15:28.907+0000] {dag.py:4180} INFO - Setting next_dagrun for extract_raw_data_pipeline to 2025-10-19 07:59:00+00:00, run_after=2025-10-20 07:00:00+00:00
[2025-10-19T20:15:28.912+0000] {processor.py:208} INFO - Processing /opt/airflow/dags/driven_data_pipeline.py took 0.096 seconds
[2025-10-19T20:29:58.877+0000] {processor.py:186} INFO - Started process (PID=4307) to work on /opt/airflow/dags/driven_data_pipeline.py
[2025-10-19T20:29:58.878+0000] {processor.py:914} INFO - Processing file /opt/airflow/dags/driven_data_pipeline.py for tasks to queue
[2025-10-19T20:29:58.878+0000] {logging_mixin.py:190} INFO - [2025-10-19T20:29:58.878+0000] {dagbag.py:588} INFO - Filling up the DagBag from /opt/airflow/dags/driven_data_pipeline.py
[2025-10-19T20:29:58.949+0000] {processor.py:925} INFO - DAG(s) 'extract_raw_data_pipeline' retrieved from /opt/airflow/dags/driven_data_pipeline.py
[2025-10-19T20:29:58.959+0000] {logging_mixin.py:190} INFO - [2025-10-19T20:29:58.959+0000] {dag.py:3239} INFO - Sync 1 DAGs
[2025-10-19T20:29:58.968+0000] {logging_mixin.py:190} INFO - [2025-10-19T20:29:58.968+0000] {dag.py:4180} INFO - Setting next_dagrun for extract_raw_data_pipeline to 2025-10-19 07:59:00+00:00, run_after=2025-10-20 07:00:00+00:00
[2025-10-19T20:29:58.973+0000] {processor.py:208} INFO - Processing /opt/airflow/dags/driven_data_pipeline.py took 0.099 seconds
[2025-10-19T20:38:16.853+0000] {processor.py:186} INFO - Started process (PID=4315) to work on /opt/airflow/dags/driven_data_pipeline.py
[2025-10-19T20:38:16.853+0000] {processor.py:914} INFO - Processing file /opt/airflow/dags/driven_data_pipeline.py for tasks to queue
[2025-10-19T20:38:16.854+0000] {logging_mixin.py:190} INFO - [2025-10-19T20:38:16.854+0000] {dagbag.py:588} INFO - Filling up the DagBag from /opt/airflow/dags/driven_data_pipeline.py
[2025-10-19T20:38:16.923+0000] {processor.py:925} INFO - DAG(s) 'extract_raw_data_pipeline' retrieved from /opt/airflow/dags/driven_data_pipeline.py
[2025-10-19T20:38:16.932+0000] {logging_mixin.py:190} INFO - [2025-10-19T20:38:16.932+0000] {dag.py:3239} INFO - Sync 1 DAGs
[2025-10-19T20:38:16.940+0000] {logging_mixin.py:190} INFO - [2025-10-19T20:38:16.940+0000] {dag.py:4180} INFO - Setting next_dagrun for extract_raw_data_pipeline to 2025-10-19 07:59:00+00:00, run_after=2025-10-20 07:00:00+00:00
[2025-10-19T20:38:16.945+0000] {processor.py:208} INFO - Processing /opt/airflow/dags/driven_data_pipeline.py took 0.097 seconds
[2025-10-19T20:53:46.910+0000] {processor.py:186} INFO - Started process (PID=4323) to work on /opt/airflow/dags/driven_data_pipeline.py
[2025-10-19T20:53:46.911+0000] {processor.py:914} INFO - Processing file /opt/airflow/dags/driven_data_pipeline.py for tasks to queue
[2025-10-19T20:53:46.911+0000] {logging_mixin.py:190} INFO - [2025-10-19T20:53:46.911+0000] {dagbag.py:588} INFO - Filling up the DagBag from /opt/airflow/dags/driven_data_pipeline.py
[2025-10-19T20:53:46.981+0000] {processor.py:925} INFO - DAG(s) 'extract_raw_data_pipeline' retrieved from /opt/airflow/dags/driven_data_pipeline.py
[2025-10-19T20:53:46.992+0000] {logging_mixin.py:190} INFO - [2025-10-19T20:53:46.992+0000] {dag.py:3239} INFO - Sync 1 DAGs
[2025-10-19T20:53:47.001+0000] {logging_mixin.py:190} INFO - [2025-10-19T20:53:47.001+0000] {dag.py:4180} INFO - Setting next_dagrun for extract_raw_data_pipeline to 2025-10-19 07:59:00+00:00, run_after=2025-10-20 07:00:00+00:00
[2025-10-19T20:53:47.008+0000] {processor.py:208} INFO - Processing /opt/airflow/dags/driven_data_pipeline.py took 0.103 seconds
[2025-10-19T21:09:18.429+0000] {processor.py:186} INFO - Started process (PID=4331) to work on /opt/airflow/dags/driven_data_pipeline.py
[2025-10-19T21:09:18.430+0000] {processor.py:914} INFO - Processing file /opt/airflow/dags/driven_data_pipeline.py for tasks to queue
[2025-10-19T21:09:18.431+0000] {logging_mixin.py:190} INFO - [2025-10-19T21:09:18.430+0000] {dagbag.py:588} INFO - Filling up the DagBag from /opt/airflow/dags/driven_data_pipeline.py
[2025-10-19T21:09:18.500+0000] {processor.py:925} INFO - DAG(s) 'extract_raw_data_pipeline' retrieved from /opt/airflow/dags/driven_data_pipeline.py
[2025-10-19T21:09:18.510+0000] {logging_mixin.py:190} INFO - [2025-10-19T21:09:18.510+0000] {dag.py:3239} INFO - Sync 1 DAGs
[2025-10-19T21:09:18.518+0000] {logging_mixin.py:190} INFO - [2025-10-19T21:09:18.517+0000] {dag.py:4180} INFO - Setting next_dagrun for extract_raw_data_pipeline to 2025-10-19 07:59:00+00:00, run_after=2025-10-20 07:00:00+00:00
[2025-10-19T21:09:18.523+0000] {processor.py:208} INFO - Processing /opt/airflow/dags/driven_data_pipeline.py took 0.098 seconds
[2025-10-19T21:24:49.052+0000] {processor.py:186} INFO - Started process (PID=4339) to work on /opt/airflow/dags/driven_data_pipeline.py
[2025-10-19T21:24:49.053+0000] {processor.py:914} INFO - Processing file /opt/airflow/dags/driven_data_pipeline.py for tasks to queue
[2025-10-19T21:24:49.054+0000] {logging_mixin.py:190} INFO - [2025-10-19T21:24:49.053+0000] {dagbag.py:588} INFO - Filling up the DagBag from /opt/airflow/dags/driven_data_pipeline.py
[2025-10-19T21:24:49.125+0000] {processor.py:925} INFO - DAG(s) 'extract_raw_data_pipeline' retrieved from /opt/airflow/dags/driven_data_pipeline.py
[2025-10-19T21:24:49.135+0000] {logging_mixin.py:190} INFO - [2025-10-19T21:24:49.135+0000] {dag.py:3239} INFO - Sync 1 DAGs
[2025-10-19T21:24:49.143+0000] {logging_mixin.py:190} INFO - [2025-10-19T21:24:49.143+0000] {dag.py:4180} INFO - Setting next_dagrun for extract_raw_data_pipeline to 2025-10-19 07:59:00+00:00, run_after=2025-10-20 07:00:00+00:00
[2025-10-19T21:24:49.148+0000] {processor.py:208} INFO - Processing /opt/airflow/dags/driven_data_pipeline.py took 0.101 seconds
[2025-10-19T21:30:55.967+0000] {processor.py:186} INFO - Started process (PID=4347) to work on /opt/airflow/dags/driven_data_pipeline.py
[2025-10-19T21:30:55.968+0000] {processor.py:914} INFO - Processing file /opt/airflow/dags/driven_data_pipeline.py for tasks to queue
[2025-10-19T21:30:55.969+0000] {logging_mixin.py:190} INFO - [2025-10-19T21:30:55.968+0000] {dagbag.py:588} INFO - Filling up the DagBag from /opt/airflow/dags/driven_data_pipeline.py
[2025-10-19T21:30:56.034+0000] {processor.py:925} INFO - DAG(s) 'extract_raw_data_pipeline' retrieved from /opt/airflow/dags/driven_data_pipeline.py
[2025-10-19T21:30:56.044+0000] {logging_mixin.py:190} INFO - [2025-10-19T21:30:56.044+0000] {dag.py:3239} INFO - Sync 1 DAGs
[2025-10-19T21:30:56.052+0000] {logging_mixin.py:190} INFO - [2025-10-19T21:30:56.052+0000] {dag.py:4180} INFO - Setting next_dagrun for extract_raw_data_pipeline to 2025-10-19 07:59:00+00:00, run_after=2025-10-20 07:00:00+00:00
[2025-10-19T21:30:56.057+0000] {processor.py:208} INFO - Processing /opt/airflow/dags/driven_data_pipeline.py took 0.094 seconds
[2025-10-19T21:46:27.930+0000] {processor.py:186} INFO - Started process (PID=4355) to work on /opt/airflow/dags/driven_data_pipeline.py
[2025-10-19T21:46:27.931+0000] {processor.py:914} INFO - Processing file /opt/airflow/dags/driven_data_pipeline.py for tasks to queue
[2025-10-19T21:46:27.932+0000] {logging_mixin.py:190} INFO - [2025-10-19T21:46:27.932+0000] {dagbag.py:588} INFO - Filling up the DagBag from /opt/airflow/dags/driven_data_pipeline.py
[2025-10-19T21:46:27.995+0000] {processor.py:925} INFO - DAG(s) 'extract_raw_data_pipeline' retrieved from /opt/airflow/dags/driven_data_pipeline.py
[2025-10-19T21:46:28.005+0000] {logging_mixin.py:190} INFO - [2025-10-19T21:46:28.005+0000] {dag.py:3239} INFO - Sync 1 DAGs
[2025-10-19T21:46:28.013+0000] {logging_mixin.py:190} INFO - [2025-10-19T21:46:28.013+0000] {dag.py:4180} INFO - Setting next_dagrun for extract_raw_data_pipeline to 2025-10-19 07:59:00+00:00, run_after=2025-10-20 07:00:00+00:00
[2025-10-19T21:46:28.019+0000] {processor.py:208} INFO - Processing /opt/airflow/dags/driven_data_pipeline.py took 0.092 seconds
[2025-10-19T22:01:58.935+0000] {processor.py:186} INFO - Started process (PID=4363) to work on /opt/airflow/dags/driven_data_pipeline.py
[2025-10-19T22:01:58.936+0000] {processor.py:914} INFO - Processing file /opt/airflow/dags/driven_data_pipeline.py for tasks to queue
[2025-10-19T22:01:58.937+0000] {logging_mixin.py:190} INFO - [2025-10-19T22:01:58.937+0000] {dagbag.py:588} INFO - Filling up the DagBag from /opt/airflow/dags/driven_data_pipeline.py
[2025-10-19T22:01:59.004+0000] {processor.py:925} INFO - DAG(s) 'extract_raw_data_pipeline' retrieved from /opt/airflow/dags/driven_data_pipeline.py
[2025-10-19T22:01:59.013+0000] {logging_mixin.py:190} INFO - [2025-10-19T22:01:59.013+0000] {dag.py:3239} INFO - Sync 1 DAGs
[2025-10-19T22:01:59.021+0000] {logging_mixin.py:190} INFO - [2025-10-19T22:01:59.021+0000] {dag.py:4180} INFO - Setting next_dagrun for extract_raw_data_pipeline to 2025-10-19 07:59:00+00:00, run_after=2025-10-20 07:00:00+00:00
[2025-10-19T22:01:59.026+0000] {processor.py:208} INFO - Processing /opt/airflow/dags/driven_data_pipeline.py took 0.096 seconds
[2025-10-19T22:17:28.032+0000] {processor.py:186} INFO - Started process (PID=4371) to work on /opt/airflow/dags/driven_data_pipeline.py
[2025-10-19T22:17:28.032+0000] {processor.py:914} INFO - Processing file /opt/airflow/dags/driven_data_pipeline.py for tasks to queue
[2025-10-19T22:17:28.033+0000] {logging_mixin.py:190} INFO - [2025-10-19T22:17:28.033+0000] {dagbag.py:588} INFO - Filling up the DagBag from /opt/airflow/dags/driven_data_pipeline.py
[2025-10-19T22:17:28.096+0000] {processor.py:925} INFO - DAG(s) 'extract_raw_data_pipeline' retrieved from /opt/airflow/dags/driven_data_pipeline.py
[2025-10-19T22:17:28.106+0000] {logging_mixin.py:190} INFO - [2025-10-19T22:17:28.106+0000] {dag.py:3239} INFO - Sync 1 DAGs
[2025-10-19T22:17:28.114+0000] {logging_mixin.py:190} INFO - [2025-10-19T22:17:28.114+0000] {dag.py:4180} INFO - Setting next_dagrun for extract_raw_data_pipeline to 2025-10-19 07:59:00+00:00, run_after=2025-10-20 07:00:00+00:00
[2025-10-19T22:17:28.119+0000] {processor.py:208} INFO - Processing /opt/airflow/dags/driven_data_pipeline.py took 0.091 seconds
[2025-10-19T22:32:04.927+0000] {processor.py:186} INFO - Started process (PID=4379) to work on /opt/airflow/dags/driven_data_pipeline.py
[2025-10-19T22:32:04.928+0000] {processor.py:914} INFO - Processing file /opt/airflow/dags/driven_data_pipeline.py for tasks to queue
[2025-10-19T22:32:04.929+0000] {logging_mixin.py:190} INFO - [2025-10-19T22:32:04.929+0000] {dagbag.py:588} INFO - Filling up the DagBag from /opt/airflow/dags/driven_data_pipeline.py
[2025-10-19T22:32:04.997+0000] {processor.py:925} INFO - DAG(s) 'extract_raw_data_pipeline' retrieved from /opt/airflow/dags/driven_data_pipeline.py
[2025-10-19T22:32:05.007+0000] {logging_mixin.py:190} INFO - [2025-10-19T22:32:05.007+0000] {dag.py:3239} INFO - Sync 1 DAGs
[2025-10-19T22:32:05.015+0000] {logging_mixin.py:190} INFO - [2025-10-19T22:32:05.015+0000] {dag.py:4180} INFO - Setting next_dagrun for extract_raw_data_pipeline to 2025-10-19 07:59:00+00:00, run_after=2025-10-20 07:00:00+00:00
[2025-10-19T22:32:05.021+0000] {processor.py:208} INFO - Processing /opt/airflow/dags/driven_data_pipeline.py took 0.098 seconds
[2025-10-19T22:47:35.558+0000] {processor.py:186} INFO - Started process (PID=4387) to work on /opt/airflow/dags/driven_data_pipeline.py
[2025-10-19T22:47:35.559+0000] {processor.py:914} INFO - Processing file /opt/airflow/dags/driven_data_pipeline.py for tasks to queue
[2025-10-19T22:47:35.560+0000] {logging_mixin.py:190} INFO - [2025-10-19T22:47:35.560+0000] {dagbag.py:588} INFO - Filling up the DagBag from /opt/airflow/dags/driven_data_pipeline.py
[2025-10-19T22:47:35.626+0000] {processor.py:925} INFO - DAG(s) 'extract_raw_data_pipeline' retrieved from /opt/airflow/dags/driven_data_pipeline.py
[2025-10-19T22:47:35.636+0000] {logging_mixin.py:190} INFO - [2025-10-19T22:47:35.636+0000] {dag.py:3239} INFO - Sync 1 DAGs
[2025-10-19T22:47:35.644+0000] {logging_mixin.py:190} INFO - [2025-10-19T22:47:35.644+0000] {dag.py:4180} INFO - Setting next_dagrun for extract_raw_data_pipeline to 2025-10-19 07:59:00+00:00, run_after=2025-10-20 07:00:00+00:00
[2025-10-19T22:47:35.650+0000] {processor.py:208} INFO - Processing /opt/airflow/dags/driven_data_pipeline.py took 0.097 seconds
[2025-10-19T23:07:56.442+0000] {processor.py:186} INFO - Started process (PID=4395) to work on /opt/airflow/dags/driven_data_pipeline.py
[2025-10-19T23:07:56.443+0000] {processor.py:914} INFO - Processing file /opt/airflow/dags/driven_data_pipeline.py for tasks to queue
[2025-10-19T23:07:56.444+0000] {logging_mixin.py:190} INFO - [2025-10-19T23:07:56.444+0000] {dagbag.py:588} INFO - Filling up the DagBag from /opt/airflow/dags/driven_data_pipeline.py
[2025-10-19T23:07:56.504+0000] {processor.py:925} INFO - DAG(s) 'extract_raw_data_pipeline' retrieved from /opt/airflow/dags/driven_data_pipeline.py
[2025-10-19T23:07:56.513+0000] {logging_mixin.py:190} INFO - [2025-10-19T23:07:56.513+0000] {dag.py:3239} INFO - Sync 1 DAGs
[2025-10-19T23:07:56.522+0000] {logging_mixin.py:190} INFO - [2025-10-19T23:07:56.522+0000] {dag.py:4180} INFO - Setting next_dagrun for extract_raw_data_pipeline to 2025-10-19 07:59:00+00:00, run_after=2025-10-20 07:00:00+00:00
[2025-10-19T23:07:56.527+0000] {processor.py:208} INFO - Processing /opt/airflow/dags/driven_data_pipeline.py took 0.088 seconds
[2025-10-19T23:08:28.774+0000] {processor.py:186} INFO - Started process (PID=4403) to work on /opt/airflow/dags/driven_data_pipeline.py
[2025-10-19T23:08:28.775+0000] {processor.py:914} INFO - Processing file /opt/airflow/dags/driven_data_pipeline.py for tasks to queue
[2025-10-19T23:08:28.776+0000] {logging_mixin.py:190} INFO - [2025-10-19T23:08:28.776+0000] {dagbag.py:588} INFO - Filling up the DagBag from /opt/airflow/dags/driven_data_pipeline.py
[2025-10-19T23:08:28.845+0000] {processor.py:925} INFO - DAG(s) 'extract_raw_data_pipeline' retrieved from /opt/airflow/dags/driven_data_pipeline.py
[2025-10-19T23:08:28.856+0000] {logging_mixin.py:190} INFO - [2025-10-19T23:08:28.856+0000] {dag.py:3239} INFO - Sync 1 DAGs
[2025-10-19T23:08:28.864+0000] {logging_mixin.py:190} INFO - [2025-10-19T23:08:28.864+0000] {dag.py:4180} INFO - Setting next_dagrun for extract_raw_data_pipeline to 2025-10-19 07:59:00+00:00, run_after=2025-10-20 07:00:00+00:00
[2025-10-19T23:08:28.869+0000] {processor.py:208} INFO - Processing /opt/airflow/dags/driven_data_pipeline.py took 0.100 seconds
[2025-10-19T23:23:58.711+0000] {processor.py:186} INFO - Started process (PID=4411) to work on /opt/airflow/dags/driven_data_pipeline.py
[2025-10-19T23:23:58.711+0000] {processor.py:914} INFO - Processing file /opt/airflow/dags/driven_data_pipeline.py for tasks to queue
[2025-10-19T23:23:58.712+0000] {logging_mixin.py:190} INFO - [2025-10-19T23:23:58.712+0000] {dagbag.py:588} INFO - Filling up the DagBag from /opt/airflow/dags/driven_data_pipeline.py
[2025-10-19T23:23:58.774+0000] {processor.py:925} INFO - DAG(s) 'extract_raw_data_pipeline' retrieved from /opt/airflow/dags/driven_data_pipeline.py
[2025-10-19T23:23:58.783+0000] {logging_mixin.py:190} INFO - [2025-10-19T23:23:58.783+0000] {dag.py:3239} INFO - Sync 1 DAGs
[2025-10-19T23:23:58.791+0000] {logging_mixin.py:190} INFO - [2025-10-19T23:23:58.791+0000] {dag.py:4180} INFO - Setting next_dagrun for extract_raw_data_pipeline to 2025-10-19 07:59:00+00:00, run_after=2025-10-20 07:00:00+00:00
[2025-10-19T23:23:58.797+0000] {processor.py:208} INFO - Processing /opt/airflow/dags/driven_data_pipeline.py took 0.089 seconds
[2025-10-19T23:33:12.024+0000] {processor.py:186} INFO - Started process (PID=4419) to work on /opt/airflow/dags/driven_data_pipeline.py
[2025-10-19T23:33:12.026+0000] {processor.py:914} INFO - Processing file /opt/airflow/dags/driven_data_pipeline.py for tasks to queue
[2025-10-19T23:33:12.027+0000] {logging_mixin.py:190} INFO - [2025-10-19T23:33:12.026+0000] {dagbag.py:588} INFO - Filling up the DagBag from /opt/airflow/dags/driven_data_pipeline.py
[2025-10-19T23:33:12.093+0000] {processor.py:925} INFO - DAG(s) 'extract_raw_data_pipeline' retrieved from /opt/airflow/dags/driven_data_pipeline.py
[2025-10-19T23:33:12.103+0000] {logging_mixin.py:190} INFO - [2025-10-19T23:33:12.103+0000] {dag.py:3239} INFO - Sync 1 DAGs
[2025-10-19T23:33:12.110+0000] {logging_mixin.py:190} INFO - [2025-10-19T23:33:12.110+0000] {dag.py:4180} INFO - Setting next_dagrun for extract_raw_data_pipeline to 2025-10-19 07:59:00+00:00, run_after=2025-10-20 07:00:00+00:00
[2025-10-19T23:33:12.116+0000] {processor.py:208} INFO - Processing /opt/airflow/dags/driven_data_pipeline.py took 0.096 seconds
[2025-10-19T23:48:43.069+0000] {processor.py:186} INFO - Started process (PID=4427) to work on /opt/airflow/dags/driven_data_pipeline.py
[2025-10-19T23:48:43.070+0000] {processor.py:914} INFO - Processing file /opt/airflow/dags/driven_data_pipeline.py for tasks to queue
[2025-10-19T23:48:43.070+0000] {logging_mixin.py:190} INFO - [2025-10-19T23:48:43.070+0000] {dagbag.py:588} INFO - Filling up the DagBag from /opt/airflow/dags/driven_data_pipeline.py
[2025-10-19T23:48:43.145+0000] {processor.py:925} INFO - DAG(s) 'extract_raw_data_pipeline' retrieved from /opt/airflow/dags/driven_data_pipeline.py
[2025-10-19T23:48:43.155+0000] {logging_mixin.py:190} INFO - [2025-10-19T23:48:43.155+0000] {dag.py:3239} INFO - Sync 1 DAGs
[2025-10-19T23:48:43.164+0000] {logging_mixin.py:190} INFO - [2025-10-19T23:48:43.164+0000] {dag.py:4180} INFO - Setting next_dagrun for extract_raw_data_pipeline to 2025-10-19 07:59:00+00:00, run_after=2025-10-20 07:00:00+00:00
[2025-10-19T23:48:43.170+0000] {processor.py:208} INFO - Processing /opt/airflow/dags/driven_data_pipeline.py took 0.106 seconds
