[2025-10-20T00:04:13.125+0000] {processor.py:186} INFO - Started process (PID=4435) to work on /opt/airflow/dags/driven_data_pipeline.py
[2025-10-20T00:04:13.125+0000] {processor.py:914} INFO - Processing file /opt/airflow/dags/driven_data_pipeline.py for tasks to queue
[2025-10-20T00:04:13.126+0000] {logging_mixin.py:190} INFO - [2025-10-20T00:04:13.126+0000] {dagbag.py:588} INFO - Filling up the DagBag from /opt/airflow/dags/driven_data_pipeline.py
[2025-10-20T00:04:13.192+0000] {processor.py:925} INFO - DAG(s) 'extract_raw_data_pipeline' retrieved from /opt/airflow/dags/driven_data_pipeline.py
[2025-10-20T00:04:13.202+0000] {logging_mixin.py:190} INFO - [2025-10-20T00:04:13.201+0000] {dag.py:3239} INFO - Sync 1 DAGs
[2025-10-20T00:04:13.209+0000] {logging_mixin.py:190} INFO - [2025-10-20T00:04:13.209+0000] {dag.py:4180} INFO - Setting next_dagrun for extract_raw_data_pipeline to 2025-10-19 07:59:00+00:00, run_after=2025-10-20 07:00:00+00:00
[2025-10-20T00:04:13.214+0000] {processor.py:208} INFO - Processing /opt/airflow/dags/driven_data_pipeline.py took 0.094 seconds
[2025-10-20T00:19:44.709+0000] {processor.py:186} INFO - Started process (PID=4443) to work on /opt/airflow/dags/driven_data_pipeline.py
[2025-10-20T00:19:44.710+0000] {processor.py:914} INFO - Processing file /opt/airflow/dags/driven_data_pipeline.py for tasks to queue
[2025-10-20T00:19:44.711+0000] {logging_mixin.py:190} INFO - [2025-10-20T00:19:44.711+0000] {dagbag.py:588} INFO - Filling up the DagBag from /opt/airflow/dags/driven_data_pipeline.py
[2025-10-20T00:19:44.785+0000] {processor.py:925} INFO - DAG(s) 'extract_raw_data_pipeline' retrieved from /opt/airflow/dags/driven_data_pipeline.py
[2025-10-20T00:19:44.795+0000] {logging_mixin.py:190} INFO - [2025-10-20T00:19:44.795+0000] {dag.py:3239} INFO - Sync 1 DAGs
[2025-10-20T00:19:44.804+0000] {logging_mixin.py:190} INFO - [2025-10-20T00:19:44.804+0000] {dag.py:4180} INFO - Setting next_dagrun for extract_raw_data_pipeline to 2025-10-19 07:59:00+00:00, run_after=2025-10-20 07:00:00+00:00
[2025-10-20T00:19:44.809+0000] {processor.py:208} INFO - Processing /opt/airflow/dags/driven_data_pipeline.py took 0.104 seconds
[2025-10-20T00:41:35.170+0000] {processor.py:186} INFO - Started process (PID=4451) to work on /opt/airflow/dags/driven_data_pipeline.py
[2025-10-20T00:41:35.170+0000] {processor.py:914} INFO - Processing file /opt/airflow/dags/driven_data_pipeline.py for tasks to queue
[2025-10-20T00:41:35.171+0000] {logging_mixin.py:190} INFO - [2025-10-20T00:41:35.170+0000] {dagbag.py:588} INFO - Filling up the DagBag from /opt/airflow/dags/driven_data_pipeline.py
[2025-10-20T00:41:35.224+0000] {processor.py:925} INFO - DAG(s) 'extract_raw_data_pipeline' retrieved from /opt/airflow/dags/driven_data_pipeline.py
[2025-10-20T00:41:35.233+0000] {logging_mixin.py:190} INFO - [2025-10-20T00:41:35.233+0000] {dag.py:3239} INFO - Sync 1 DAGs
[2025-10-20T00:41:35.240+0000] {logging_mixin.py:190} INFO - [2025-10-20T00:41:35.240+0000] {dag.py:4180} INFO - Setting next_dagrun for extract_raw_data_pipeline to 2025-10-19 07:59:00+00:00, run_after=2025-10-20 07:00:00+00:00
[2025-10-20T00:41:35.246+0000] {processor.py:208} INFO - Processing /opt/airflow/dags/driven_data_pipeline.py took 0.078 seconds
[2025-10-20T00:57:05.253+0000] {processor.py:186} INFO - Started process (PID=4459) to work on /opt/airflow/dags/driven_data_pipeline.py
[2025-10-20T00:57:05.253+0000] {processor.py:914} INFO - Processing file /opt/airflow/dags/driven_data_pipeline.py for tasks to queue
[2025-10-20T00:57:05.254+0000] {logging_mixin.py:190} INFO - [2025-10-20T00:57:05.254+0000] {dagbag.py:588} INFO - Filling up the DagBag from /opt/airflow/dags/driven_data_pipeline.py
[2025-10-20T00:57:05.321+0000] {processor.py:925} INFO - DAG(s) 'extract_raw_data_pipeline' retrieved from /opt/airflow/dags/driven_data_pipeline.py
[2025-10-20T00:57:05.331+0000] {logging_mixin.py:190} INFO - [2025-10-20T00:57:05.331+0000] {dag.py:3239} INFO - Sync 1 DAGs
[2025-10-20T00:57:05.339+0000] {logging_mixin.py:190} INFO - [2025-10-20T00:57:05.339+0000] {dag.py:4180} INFO - Setting next_dagrun for extract_raw_data_pipeline to 2025-10-19 07:59:00+00:00, run_after=2025-10-20 07:00:00+00:00
[2025-10-20T00:57:05.344+0000] {processor.py:208} INFO - Processing /opt/airflow/dags/driven_data_pipeline.py took 0.096 seconds
[2025-10-20T01:12:35.335+0000] {processor.py:186} INFO - Started process (PID=4467) to work on /opt/airflow/dags/driven_data_pipeline.py
[2025-10-20T01:12:35.336+0000] {processor.py:914} INFO - Processing file /opt/airflow/dags/driven_data_pipeline.py for tasks to queue
[2025-10-20T01:12:35.337+0000] {logging_mixin.py:190} INFO - [2025-10-20T01:12:35.337+0000] {dagbag.py:588} INFO - Filling up the DagBag from /opt/airflow/dags/driven_data_pipeline.py
[2025-10-20T01:12:35.403+0000] {processor.py:925} INFO - DAG(s) 'extract_raw_data_pipeline' retrieved from /opt/airflow/dags/driven_data_pipeline.py
[2025-10-20T01:12:35.413+0000] {logging_mixin.py:190} INFO - [2025-10-20T01:12:35.413+0000] {dag.py:3239} INFO - Sync 1 DAGs
[2025-10-20T01:12:35.421+0000] {logging_mixin.py:190} INFO - [2025-10-20T01:12:35.421+0000] {dag.py:4180} INFO - Setting next_dagrun for extract_raw_data_pipeline to 2025-10-19 07:59:00+00:00, run_after=2025-10-20 07:00:00+00:00
[2025-10-20T01:12:35.426+0000] {processor.py:208} INFO - Processing /opt/airflow/dags/driven_data_pipeline.py took 0.095 seconds
[2025-10-20T01:28:04.057+0000] {processor.py:186} INFO - Started process (PID=4475) to work on /opt/airflow/dags/driven_data_pipeline.py
[2025-10-20T01:28:04.058+0000] {processor.py:914} INFO - Processing file /opt/airflow/dags/driven_data_pipeline.py for tasks to queue
[2025-10-20T01:28:04.059+0000] {logging_mixin.py:190} INFO - [2025-10-20T01:28:04.058+0000] {dagbag.py:588} INFO - Filling up the DagBag from /opt/airflow/dags/driven_data_pipeline.py
[2025-10-20T01:28:04.126+0000] {processor.py:925} INFO - DAG(s) 'extract_raw_data_pipeline' retrieved from /opt/airflow/dags/driven_data_pipeline.py
[2025-10-20T01:28:04.135+0000] {logging_mixin.py:190} INFO - [2025-10-20T01:28:04.134+0000] {dag.py:3239} INFO - Sync 1 DAGs
[2025-10-20T01:28:04.142+0000] {logging_mixin.py:190} INFO - [2025-10-20T01:28:04.142+0000] {dag.py:4180} INFO - Setting next_dagrun for extract_raw_data_pipeline to 2025-10-19 07:59:00+00:00, run_after=2025-10-20 07:00:00+00:00
[2025-10-20T01:28:04.147+0000] {processor.py:208} INFO - Processing /opt/airflow/dags/driven_data_pipeline.py took 0.095 seconds
[2025-10-20T01:35:05.644+0000] {processor.py:186} INFO - Started process (PID=4483) to work on /opt/airflow/dags/driven_data_pipeline.py
[2025-10-20T01:35:05.645+0000] {processor.py:914} INFO - Processing file /opt/airflow/dags/driven_data_pipeline.py for tasks to queue
[2025-10-20T01:35:05.646+0000] {logging_mixin.py:190} INFO - [2025-10-20T01:35:05.646+0000] {dagbag.py:588} INFO - Filling up the DagBag from /opt/airflow/dags/driven_data_pipeline.py
[2025-10-20T01:35:05.715+0000] {processor.py:925} INFO - DAG(s) 'extract_raw_data_pipeline' retrieved from /opt/airflow/dags/driven_data_pipeline.py
[2025-10-20T01:35:05.725+0000] {logging_mixin.py:190} INFO - [2025-10-20T01:35:05.725+0000] {dag.py:3239} INFO - Sync 1 DAGs
[2025-10-20T01:35:05.733+0000] {logging_mixin.py:190} INFO - [2025-10-20T01:35:05.733+0000] {dag.py:4180} INFO - Setting next_dagrun for extract_raw_data_pipeline to 2025-10-19 07:59:00+00:00, run_after=2025-10-20 07:00:00+00:00
[2025-10-20T01:35:05.739+0000] {processor.py:208} INFO - Processing /opt/airflow/dags/driven_data_pipeline.py took 0.099 seconds
[2025-10-20T01:36:47.999+0000] {processor.py:186} INFO - Started process (PID=4491) to work on /opt/airflow/dags/driven_data_pipeline.py
[2025-10-20T01:36:48.000+0000] {processor.py:914} INFO - Processing file /opt/airflow/dags/driven_data_pipeline.py for tasks to queue
[2025-10-20T01:36:48.001+0000] {logging_mixin.py:190} INFO - [2025-10-20T01:36:48.001+0000] {dagbag.py:588} INFO - Filling up the DagBag from /opt/airflow/dags/driven_data_pipeline.py
[2025-10-20T01:36:48.095+0000] {processor.py:925} INFO - DAG(s) 'extract_raw_data_pipeline' retrieved from /opt/airflow/dags/driven_data_pipeline.py
[2025-10-20T01:36:48.113+0000] {logging_mixin.py:190} INFO - [2025-10-20T01:36:48.113+0000] {dag.py:3239} INFO - Sync 1 DAGs
[2025-10-20T01:36:48.142+0000] {logging_mixin.py:190} INFO - [2025-10-20T01:36:48.141+0000] {dag.py:4180} INFO - Setting next_dagrun for extract_raw_data_pipeline to 2025-10-19 07:59:00+00:00, run_after=2025-10-20 07:00:00+00:00
[2025-10-20T01:36:48.152+0000] {processor.py:208} INFO - Processing /opt/airflow/dags/driven_data_pipeline.py took 0.160 seconds
[2025-10-20T02:01:43.328+0000] {processor.py:186} INFO - Started process (PID=4499) to work on /opt/airflow/dags/driven_data_pipeline.py
[2025-10-20T02:01:43.328+0000] {processor.py:914} INFO - Processing file /opt/airflow/dags/driven_data_pipeline.py for tasks to queue
[2025-10-20T02:01:43.329+0000] {logging_mixin.py:190} INFO - [2025-10-20T02:01:43.329+0000] {dagbag.py:588} INFO - Filling up the DagBag from /opt/airflow/dags/driven_data_pipeline.py
[2025-10-20T02:01:43.400+0000] {processor.py:925} INFO - DAG(s) 'extract_raw_data_pipeline' retrieved from /opt/airflow/dags/driven_data_pipeline.py
[2025-10-20T02:01:43.413+0000] {logging_mixin.py:190} INFO - [2025-10-20T02:01:43.413+0000] {dag.py:3239} INFO - Sync 1 DAGs
[2025-10-20T02:01:43.425+0000] {logging_mixin.py:190} INFO - [2025-10-20T02:01:43.424+0000] {dag.py:4180} INFO - Setting next_dagrun for extract_raw_data_pipeline to 2025-10-19 07:59:00+00:00, run_after=2025-10-20 07:00:00+00:00
[2025-10-20T02:01:43.432+0000] {processor.py:208} INFO - Processing /opt/airflow/dags/driven_data_pipeline.py took 0.109 seconds
[2025-10-20T02:17:12.768+0000] {processor.py:186} INFO - Started process (PID=4507) to work on /opt/airflow/dags/driven_data_pipeline.py
[2025-10-20T02:17:12.769+0000] {processor.py:914} INFO - Processing file /opt/airflow/dags/driven_data_pipeline.py for tasks to queue
[2025-10-20T02:17:12.769+0000] {logging_mixin.py:190} INFO - [2025-10-20T02:17:12.769+0000] {dagbag.py:588} INFO - Filling up the DagBag from /opt/airflow/dags/driven_data_pipeline.py
[2025-10-20T02:17:12.824+0000] {processor.py:925} INFO - DAG(s) 'extract_raw_data_pipeline' retrieved from /opt/airflow/dags/driven_data_pipeline.py
[2025-10-20T02:17:12.833+0000] {logging_mixin.py:190} INFO - [2025-10-20T02:17:12.833+0000] {dag.py:3239} INFO - Sync 1 DAGs
[2025-10-20T02:17:12.840+0000] {logging_mixin.py:190} INFO - [2025-10-20T02:17:12.840+0000] {dag.py:4180} INFO - Setting next_dagrun for extract_raw_data_pipeline to 2025-10-19 07:59:00+00:00, run_after=2025-10-20 07:00:00+00:00
[2025-10-20T02:17:12.845+0000] {processor.py:208} INFO - Processing /opt/airflow/dags/driven_data_pipeline.py took 0.079 seconds
[2025-10-20T02:32:42.972+0000] {processor.py:186} INFO - Started process (PID=4515) to work on /opt/airflow/dags/driven_data_pipeline.py
[2025-10-20T02:32:42.972+0000] {processor.py:914} INFO - Processing file /opt/airflow/dags/driven_data_pipeline.py for tasks to queue
[2025-10-20T02:32:42.973+0000] {logging_mixin.py:190} INFO - [2025-10-20T02:32:42.973+0000] {dagbag.py:588} INFO - Filling up the DagBag from /opt/airflow/dags/driven_data_pipeline.py
[2025-10-20T02:32:43.038+0000] {processor.py:925} INFO - DAG(s) 'extract_raw_data_pipeline' retrieved from /opt/airflow/dags/driven_data_pipeline.py
[2025-10-20T02:32:43.046+0000] {logging_mixin.py:190} INFO - [2025-10-20T02:32:43.046+0000] {dag.py:3239} INFO - Sync 1 DAGs
[2025-10-20T02:32:43.054+0000] {logging_mixin.py:190} INFO - [2025-10-20T02:32:43.054+0000] {dag.py:4180} INFO - Setting next_dagrun for extract_raw_data_pipeline to 2025-10-19 07:59:00+00:00, run_after=2025-10-20 07:00:00+00:00
[2025-10-20T02:32:43.060+0000] {processor.py:208} INFO - Processing /opt/airflow/dags/driven_data_pipeline.py took 0.093 seconds
[2025-10-20T02:51:07.127+0000] {processor.py:186} INFO - Started process (PID=4523) to work on /opt/airflow/dags/driven_data_pipeline.py
[2025-10-20T02:51:07.128+0000] {processor.py:914} INFO - Processing file /opt/airflow/dags/driven_data_pipeline.py for tasks to queue
[2025-10-20T02:51:07.128+0000] {logging_mixin.py:190} INFO - [2025-10-20T02:51:07.128+0000] {dagbag.py:588} INFO - Filling up the DagBag from /opt/airflow/dags/driven_data_pipeline.py
[2025-10-20T02:51:07.193+0000] {processor.py:925} INFO - DAG(s) 'extract_raw_data_pipeline' retrieved from /opt/airflow/dags/driven_data_pipeline.py
[2025-10-20T02:51:07.203+0000] {logging_mixin.py:190} INFO - [2025-10-20T02:51:07.203+0000] {dag.py:3239} INFO - Sync 1 DAGs
[2025-10-20T02:51:07.211+0000] {logging_mixin.py:190} INFO - [2025-10-20T02:51:07.211+0000] {dag.py:4180} INFO - Setting next_dagrun for extract_raw_data_pipeline to 2025-10-19 07:59:00+00:00, run_after=2025-10-20 07:00:00+00:00
[2025-10-20T02:51:07.216+0000] {processor.py:208} INFO - Processing /opt/airflow/dags/driven_data_pipeline.py took 0.093 seconds
[2025-10-20T03:06:36.895+0000] {processor.py:186} INFO - Started process (PID=4531) to work on /opt/airflow/dags/driven_data_pipeline.py
[2025-10-20T03:06:36.895+0000] {processor.py:914} INFO - Processing file /opt/airflow/dags/driven_data_pipeline.py for tasks to queue
[2025-10-20T03:06:36.896+0000] {logging_mixin.py:190} INFO - [2025-10-20T03:06:36.896+0000] {dagbag.py:588} INFO - Filling up the DagBag from /opt/airflow/dags/driven_data_pipeline.py
[2025-10-20T03:06:36.957+0000] {processor.py:925} INFO - DAG(s) 'extract_raw_data_pipeline' retrieved from /opt/airflow/dags/driven_data_pipeline.py
[2025-10-20T03:06:36.967+0000] {logging_mixin.py:190} INFO - [2025-10-20T03:06:36.967+0000] {dag.py:3239} INFO - Sync 1 DAGs
[2025-10-20T03:06:36.975+0000] {logging_mixin.py:190} INFO - [2025-10-20T03:06:36.975+0000] {dag.py:4180} INFO - Setting next_dagrun for extract_raw_data_pipeline to 2025-10-19 07:59:00+00:00, run_after=2025-10-20 07:00:00+00:00
[2025-10-20T03:06:36.980+0000] {processor.py:208} INFO - Processing /opt/airflow/dags/driven_data_pipeline.py took 0.090 seconds
[2025-10-20T03:07:24.724+0000] {processor.py:186} INFO - Started process (PID=4539) to work on /opt/airflow/dags/driven_data_pipeline.py
[2025-10-20T03:07:24.726+0000] {processor.py:914} INFO - Processing file /opt/airflow/dags/driven_data_pipeline.py for tasks to queue
[2025-10-20T03:07:24.727+0000] {logging_mixin.py:190} INFO - [2025-10-20T03:07:24.726+0000] {dagbag.py:588} INFO - Filling up the DagBag from /opt/airflow/dags/driven_data_pipeline.py
[2025-10-20T03:07:24.836+0000] {processor.py:925} INFO - DAG(s) 'extract_raw_data_pipeline' retrieved from /opt/airflow/dags/driven_data_pipeline.py
[2025-10-20T03:07:24.850+0000] {logging_mixin.py:190} INFO - [2025-10-20T03:07:24.850+0000] {dag.py:3239} INFO - Sync 1 DAGs
[2025-10-20T03:07:24.860+0000] {logging_mixin.py:190} INFO - [2025-10-20T03:07:24.860+0000] {dag.py:4180} INFO - Setting next_dagrun for extract_raw_data_pipeline to 2025-10-19 07:59:00+00:00, run_after=2025-10-20 07:00:00+00:00
[2025-10-20T03:07:24.866+0000] {processor.py:208} INFO - Processing /opt/airflow/dags/driven_data_pipeline.py took 0.148 seconds
[2025-10-20T03:09:22.571+0000] {processor.py:186} INFO - Started process (PID=4547) to work on /opt/airflow/dags/driven_data_pipeline.py
[2025-10-20T03:09:22.572+0000] {processor.py:914} INFO - Processing file /opt/airflow/dags/driven_data_pipeline.py for tasks to queue
[2025-10-20T03:09:22.573+0000] {logging_mixin.py:190} INFO - [2025-10-20T03:09:22.573+0000] {dagbag.py:588} INFO - Filling up the DagBag from /opt/airflow/dags/driven_data_pipeline.py
[2025-10-20T03:09:22.643+0000] {processor.py:925} INFO - DAG(s) 'extract_raw_data_pipeline' retrieved from /opt/airflow/dags/driven_data_pipeline.py
[2025-10-20T03:09:22.652+0000] {logging_mixin.py:190} INFO - [2025-10-20T03:09:22.652+0000] {dag.py:3239} INFO - Sync 1 DAGs
[2025-10-20T03:09:22.660+0000] {logging_mixin.py:190} INFO - [2025-10-20T03:09:22.659+0000] {dag.py:4180} INFO - Setting next_dagrun for extract_raw_data_pipeline to 2025-10-19 07:59:00+00:00, run_after=2025-10-20 07:00:00+00:00
[2025-10-20T03:09:22.666+0000] {processor.py:208} INFO - Processing /opt/airflow/dags/driven_data_pipeline.py took 0.100 seconds
[2025-10-20T03:09:52.896+0000] {processor.py:186} INFO - Started process (PID=4555) to work on /opt/airflow/dags/driven_data_pipeline.py
[2025-10-20T03:09:52.897+0000] {processor.py:914} INFO - Processing file /opt/airflow/dags/driven_data_pipeline.py for tasks to queue
[2025-10-20T03:09:52.898+0000] {logging_mixin.py:190} INFO - [2025-10-20T03:09:52.897+0000] {dagbag.py:588} INFO - Filling up the DagBag from /opt/airflow/dags/driven_data_pipeline.py
[2025-10-20T03:09:52.970+0000] {processor.py:925} INFO - DAG(s) 'extract_raw_data_pipeline' retrieved from /opt/airflow/dags/driven_data_pipeline.py
[2025-10-20T03:09:52.978+0000] {logging_mixin.py:190} INFO - [2025-10-20T03:09:52.978+0000] {dag.py:3239} INFO - Sync 1 DAGs
[2025-10-20T03:09:52.987+0000] {logging_mixin.py:190} INFO - [2025-10-20T03:09:52.987+0000] {dag.py:4180} INFO - Setting next_dagrun for extract_raw_data_pipeline to 2025-10-19 07:59:00+00:00, run_after=2025-10-20 07:00:00+00:00
[2025-10-20T03:09:52.992+0000] {processor.py:208} INFO - Processing /opt/airflow/dags/driven_data_pipeline.py took 0.102 seconds
[2025-10-20T03:10:23.296+0000] {processor.py:186} INFO - Started process (PID=4563) to work on /opt/airflow/dags/driven_data_pipeline.py
[2025-10-20T03:10:23.297+0000] {processor.py:914} INFO - Processing file /opt/airflow/dags/driven_data_pipeline.py for tasks to queue
[2025-10-20T03:10:23.298+0000] {logging_mixin.py:190} INFO - [2025-10-20T03:10:23.298+0000] {dagbag.py:588} INFO - Filling up the DagBag from /opt/airflow/dags/driven_data_pipeline.py
[2025-10-20T03:10:23.369+0000] {processor.py:925} INFO - DAG(s) 'extract_raw_data_pipeline' retrieved from /opt/airflow/dags/driven_data_pipeline.py
[2025-10-20T03:10:23.379+0000] {logging_mixin.py:190} INFO - [2025-10-20T03:10:23.379+0000] {dag.py:3239} INFO - Sync 1 DAGs
[2025-10-20T03:10:23.386+0000] {logging_mixin.py:190} INFO - [2025-10-20T03:10:23.386+0000] {dag.py:4180} INFO - Setting next_dagrun for extract_raw_data_pipeline to 2025-10-19 07:59:00+00:00, run_after=2025-10-20 07:00:00+00:00
[2025-10-20T03:10:23.392+0000] {processor.py:208} INFO - Processing /opt/airflow/dags/driven_data_pipeline.py took 0.101 seconds
[2025-10-20T03:10:53.652+0000] {processor.py:186} INFO - Started process (PID=4571) to work on /opt/airflow/dags/driven_data_pipeline.py
[2025-10-20T03:10:53.653+0000] {processor.py:914} INFO - Processing file /opt/airflow/dags/driven_data_pipeline.py for tasks to queue
[2025-10-20T03:10:53.654+0000] {logging_mixin.py:190} INFO - [2025-10-20T03:10:53.654+0000] {dagbag.py:588} INFO - Filling up the DagBag from /opt/airflow/dags/driven_data_pipeline.py
[2025-10-20T03:10:53.727+0000] {processor.py:925} INFO - DAG(s) 'extract_raw_data_pipeline' retrieved from /opt/airflow/dags/driven_data_pipeline.py
[2025-10-20T03:10:53.737+0000] {logging_mixin.py:190} INFO - [2025-10-20T03:10:53.736+0000] {dag.py:3239} INFO - Sync 1 DAGs
[2025-10-20T03:10:53.744+0000] {logging_mixin.py:190} INFO - [2025-10-20T03:10:53.744+0000] {dag.py:4180} INFO - Setting next_dagrun for extract_raw_data_pipeline to 2025-10-19 07:59:00+00:00, run_after=2025-10-20 07:00:00+00:00
[2025-10-20T03:10:53.749+0000] {processor.py:208} INFO - Processing /opt/airflow/dags/driven_data_pipeline.py took 0.104 seconds
[2025-10-20T03:11:24.702+0000] {processor.py:186} INFO - Started process (PID=4579) to work on /opt/airflow/dags/driven_data_pipeline.py
[2025-10-20T03:11:24.703+0000] {processor.py:914} INFO - Processing file /opt/airflow/dags/driven_data_pipeline.py for tasks to queue
[2025-10-20T03:11:24.704+0000] {logging_mixin.py:190} INFO - [2025-10-20T03:11:24.704+0000] {dagbag.py:588} INFO - Filling up the DagBag from /opt/airflow/dags/driven_data_pipeline.py
[2025-10-20T03:11:24.778+0000] {processor.py:925} INFO - DAG(s) 'extract_raw_data_pipeline' retrieved from /opt/airflow/dags/driven_data_pipeline.py
[2025-10-20T03:11:24.788+0000] {logging_mixin.py:190} INFO - [2025-10-20T03:11:24.788+0000] {dag.py:3239} INFO - Sync 1 DAGs
[2025-10-20T03:11:24.796+0000] {logging_mixin.py:190} INFO - [2025-10-20T03:11:24.796+0000] {dag.py:4180} INFO - Setting next_dagrun for extract_raw_data_pipeline to 2025-10-19 07:59:00+00:00, run_after=2025-10-20 07:00:00+00:00
[2025-10-20T03:11:24.803+0000] {processor.py:208} INFO - Processing /opt/airflow/dags/driven_data_pipeline.py took 0.106 seconds
[2025-10-20T03:12:02.383+0000] {processor.py:186} INFO - Started process (PID=4587) to work on /opt/airflow/dags/driven_data_pipeline.py
[2025-10-20T03:12:02.384+0000] {processor.py:914} INFO - Processing file /opt/airflow/dags/driven_data_pipeline.py for tasks to queue
[2025-10-20T03:12:02.385+0000] {logging_mixin.py:190} INFO - [2025-10-20T03:12:02.385+0000] {dagbag.py:588} INFO - Filling up the DagBag from /opt/airflow/dags/driven_data_pipeline.py
[2025-10-20T03:12:02.469+0000] {processor.py:925} INFO - DAG(s) 'extract_raw_data_pipeline' retrieved from /opt/airflow/dags/driven_data_pipeline.py
[2025-10-20T03:12:02.483+0000] {logging_mixin.py:190} INFO - [2025-10-20T03:12:02.483+0000] {dag.py:3239} INFO - Sync 1 DAGs
[2025-10-20T03:12:02.494+0000] {logging_mixin.py:190} INFO - [2025-10-20T03:12:02.494+0000] {dag.py:4180} INFO - Setting next_dagrun for extract_raw_data_pipeline to 2025-10-19 07:59:00+00:00, run_after=2025-10-20 07:00:00+00:00
[2025-10-20T03:12:02.501+0000] {processor.py:208} INFO - Processing /opt/airflow/dags/driven_data_pipeline.py took 0.123 seconds
[2025-10-20T03:28:04.267+0000] {processor.py:186} INFO - Started process (PID=4595) to work on /opt/airflow/dags/driven_data_pipeline.py
[2025-10-20T03:28:04.268+0000] {processor.py:914} INFO - Processing file /opt/airflow/dags/driven_data_pipeline.py for tasks to queue
[2025-10-20T03:28:04.269+0000] {logging_mixin.py:190} INFO - [2025-10-20T03:28:04.269+0000] {dagbag.py:588} INFO - Filling up the DagBag from /opt/airflow/dags/driven_data_pipeline.py
[2025-10-20T03:28:04.339+0000] {processor.py:925} INFO - DAG(s) 'extract_raw_data_pipeline' retrieved from /opt/airflow/dags/driven_data_pipeline.py
[2025-10-20T03:28:04.350+0000] {logging_mixin.py:190} INFO - [2025-10-20T03:28:04.350+0000] {dag.py:3239} INFO - Sync 1 DAGs
[2025-10-20T03:28:04.358+0000] {logging_mixin.py:190} INFO - [2025-10-20T03:28:04.358+0000] {dag.py:4180} INFO - Setting next_dagrun for extract_raw_data_pipeline to 2025-10-19 07:59:00+00:00, run_after=2025-10-20 07:00:00+00:00
[2025-10-20T03:28:04.363+0000] {processor.py:208} INFO - Processing /opt/airflow/dags/driven_data_pipeline.py took 0.100 seconds
[2025-10-20T03:28:39.584+0000] {processor.py:186} INFO - Started process (PID=4603) to work on /opt/airflow/dags/driven_data_pipeline.py
[2025-10-20T03:28:39.585+0000] {processor.py:914} INFO - Processing file /opt/airflow/dags/driven_data_pipeline.py for tasks to queue
[2025-10-20T03:28:39.586+0000] {logging_mixin.py:190} INFO - [2025-10-20T03:28:39.586+0000] {dagbag.py:588} INFO - Filling up the DagBag from /opt/airflow/dags/driven_data_pipeline.py
[2025-10-20T03:28:39.656+0000] {processor.py:925} INFO - DAG(s) 'extract_raw_data_pipeline' retrieved from /opt/airflow/dags/driven_data_pipeline.py
[2025-10-20T03:28:39.666+0000] {logging_mixin.py:190} INFO - [2025-10-20T03:28:39.666+0000] {dag.py:3239} INFO - Sync 1 DAGs
[2025-10-20T03:28:39.673+0000] {logging_mixin.py:190} INFO - [2025-10-20T03:28:39.673+0000] {dag.py:4180} INFO - Setting next_dagrun for extract_raw_data_pipeline to 2025-10-19 07:59:00+00:00, run_after=2025-10-20 07:00:00+00:00
[2025-10-20T03:28:39.679+0000] {processor.py:208} INFO - Processing /opt/airflow/dags/driven_data_pipeline.py took 0.100 seconds
[2025-10-20T03:45:49.097+0000] {processor.py:186} INFO - Started process (PID=4611) to work on /opt/airflow/dags/driven_data_pipeline.py
[2025-10-20T03:45:49.097+0000] {processor.py:914} INFO - Processing file /opt/airflow/dags/driven_data_pipeline.py for tasks to queue
[2025-10-20T03:45:49.098+0000] {logging_mixin.py:190} INFO - [2025-10-20T03:45:49.098+0000] {dagbag.py:588} INFO - Filling up the DagBag from /opt/airflow/dags/driven_data_pipeline.py
[2025-10-20T03:45:49.168+0000] {processor.py:925} INFO - DAG(s) 'extract_raw_data_pipeline' retrieved from /opt/airflow/dags/driven_data_pipeline.py
[2025-10-20T03:45:49.177+0000] {logging_mixin.py:190} INFO - [2025-10-20T03:45:49.177+0000] {dag.py:3239} INFO - Sync 1 DAGs
[2025-10-20T03:45:49.185+0000] {logging_mixin.py:190} INFO - [2025-10-20T03:45:49.185+0000] {dag.py:4180} INFO - Setting next_dagrun for extract_raw_data_pipeline to 2025-10-19 07:59:00+00:00, run_after=2025-10-20 07:00:00+00:00
[2025-10-20T03:45:49.191+0000] {processor.py:208} INFO - Processing /opt/airflow/dags/driven_data_pipeline.py took 0.098 seconds
[2025-10-20T04:01:20.240+0000] {processor.py:186} INFO - Started process (PID=4619) to work on /opt/airflow/dags/driven_data_pipeline.py
[2025-10-20T04:01:20.241+0000] {processor.py:914} INFO - Processing file /opt/airflow/dags/driven_data_pipeline.py for tasks to queue
[2025-10-20T04:01:20.241+0000] {logging_mixin.py:190} INFO - [2025-10-20T04:01:20.241+0000] {dagbag.py:588} INFO - Filling up the DagBag from /opt/airflow/dags/driven_data_pipeline.py
[2025-10-20T04:01:20.308+0000] {processor.py:925} INFO - DAG(s) 'extract_raw_data_pipeline' retrieved from /opt/airflow/dags/driven_data_pipeline.py
[2025-10-20T04:01:20.318+0000] {logging_mixin.py:190} INFO - [2025-10-20T04:01:20.318+0000] {dag.py:3239} INFO - Sync 1 DAGs
[2025-10-20T04:01:20.326+0000] {logging_mixin.py:190} INFO - [2025-10-20T04:01:20.326+0000] {dag.py:4180} INFO - Setting next_dagrun for extract_raw_data_pipeline to 2025-10-19 07:59:00+00:00, run_after=2025-10-20 07:00:00+00:00
[2025-10-20T04:01:20.332+0000] {processor.py:208} INFO - Processing /opt/airflow/dags/driven_data_pipeline.py took 0.095 seconds
[2025-10-20T04:16:50.329+0000] {processor.py:186} INFO - Started process (PID=4627) to work on /opt/airflow/dags/driven_data_pipeline.py
[2025-10-20T04:16:50.329+0000] {processor.py:914} INFO - Processing file /opt/airflow/dags/driven_data_pipeline.py for tasks to queue
[2025-10-20T04:16:50.330+0000] {logging_mixin.py:190} INFO - [2025-10-20T04:16:50.330+0000] {dagbag.py:588} INFO - Filling up the DagBag from /opt/airflow/dags/driven_data_pipeline.py
[2025-10-20T04:16:50.398+0000] {processor.py:925} INFO - DAG(s) 'extract_raw_data_pipeline' retrieved from /opt/airflow/dags/driven_data_pipeline.py
[2025-10-20T04:16:50.409+0000] {logging_mixin.py:190} INFO - [2025-10-20T04:16:50.409+0000] {dag.py:3239} INFO - Sync 1 DAGs
[2025-10-20T04:16:50.417+0000] {logging_mixin.py:190} INFO - [2025-10-20T04:16:50.417+0000] {dag.py:4180} INFO - Setting next_dagrun for extract_raw_data_pipeline to 2025-10-19 07:59:00+00:00, run_after=2025-10-20 07:00:00+00:00
[2025-10-20T04:16:50.423+0000] {processor.py:208} INFO - Processing /opt/airflow/dags/driven_data_pipeline.py took 0.098 seconds
[2025-10-20T04:32:20.849+0000] {processor.py:186} INFO - Started process (PID=4635) to work on /opt/airflow/dags/driven_data_pipeline.py
[2025-10-20T04:32:20.850+0000] {processor.py:914} INFO - Processing file /opt/airflow/dags/driven_data_pipeline.py for tasks to queue
[2025-10-20T04:32:20.851+0000] {logging_mixin.py:190} INFO - [2025-10-20T04:32:20.851+0000] {dagbag.py:588} INFO - Filling up the DagBag from /opt/airflow/dags/driven_data_pipeline.py
[2025-10-20T04:32:20.921+0000] {processor.py:925} INFO - DAG(s) 'extract_raw_data_pipeline' retrieved from /opt/airflow/dags/driven_data_pipeline.py
[2025-10-20T04:32:20.930+0000] {logging_mixin.py:190} INFO - [2025-10-20T04:32:20.930+0000] {dag.py:3239} INFO - Sync 1 DAGs
[2025-10-20T04:32:20.938+0000] {logging_mixin.py:190} INFO - [2025-10-20T04:32:20.938+0000] {dag.py:4180} INFO - Setting next_dagrun for extract_raw_data_pipeline to 2025-10-19 07:59:00+00:00, run_after=2025-10-20 07:00:00+00:00
[2025-10-20T04:32:20.943+0000] {processor.py:208} INFO - Processing /opt/airflow/dags/driven_data_pipeline.py took 0.098 seconds
[2025-10-20T04:36:53.060+0000] {processor.py:186} INFO - Started process (PID=4643) to work on /opt/airflow/dags/driven_data_pipeline.py
[2025-10-20T04:36:53.061+0000] {processor.py:914} INFO - Processing file /opt/airflow/dags/driven_data_pipeline.py for tasks to queue
[2025-10-20T04:36:53.062+0000] {logging_mixin.py:190} INFO - [2025-10-20T04:36:53.061+0000] {dagbag.py:588} INFO - Filling up the DagBag from /opt/airflow/dags/driven_data_pipeline.py
[2025-10-20T04:36:53.125+0000] {processor.py:925} INFO - DAG(s) 'extract_raw_data_pipeline' retrieved from /opt/airflow/dags/driven_data_pipeline.py
[2025-10-20T04:36:53.135+0000] {logging_mixin.py:190} INFO - [2025-10-20T04:36:53.135+0000] {dag.py:3239} INFO - Sync 1 DAGs
[2025-10-20T04:36:53.142+0000] {logging_mixin.py:190} INFO - [2025-10-20T04:36:53.142+0000] {dag.py:4180} INFO - Setting next_dagrun for extract_raw_data_pipeline to 2025-10-19 07:59:00+00:00, run_after=2025-10-20 07:00:00+00:00
[2025-10-20T04:36:53.148+0000] {processor.py:208} INFO - Processing /opt/airflow/dags/driven_data_pipeline.py took 0.091 seconds
[2025-10-20T04:51:16.748+0000] {processor.py:186} INFO - Started process (PID=4651) to work on /opt/airflow/dags/driven_data_pipeline.py
[2025-10-20T04:51:16.749+0000] {processor.py:914} INFO - Processing file /opt/airflow/dags/driven_data_pipeline.py for tasks to queue
[2025-10-20T04:51:16.750+0000] {logging_mixin.py:190} INFO - [2025-10-20T04:51:16.749+0000] {dagbag.py:588} INFO - Filling up the DagBag from /opt/airflow/dags/driven_data_pipeline.py
[2025-10-20T04:51:16.817+0000] {processor.py:925} INFO - DAG(s) 'extract_raw_data_pipeline' retrieved from /opt/airflow/dags/driven_data_pipeline.py
[2025-10-20T04:51:16.827+0000] {logging_mixin.py:190} INFO - [2025-10-20T04:51:16.827+0000] {dag.py:3239} INFO - Sync 1 DAGs
[2025-10-20T04:51:16.835+0000] {logging_mixin.py:190} INFO - [2025-10-20T04:51:16.835+0000] {dag.py:4180} INFO - Setting next_dagrun for extract_raw_data_pipeline to 2025-10-19 07:59:00+00:00, run_after=2025-10-20 07:00:00+00:00
[2025-10-20T04:51:16.841+0000] {processor.py:208} INFO - Processing /opt/airflow/dags/driven_data_pipeline.py took 0.097 seconds
[2025-10-20T05:06:54.822+0000] {processor.py:186} INFO - Started process (PID=4659) to work on /opt/airflow/dags/driven_data_pipeline.py
[2025-10-20T05:06:54.823+0000] {processor.py:914} INFO - Processing file /opt/airflow/dags/driven_data_pipeline.py for tasks to queue
[2025-10-20T05:06:54.824+0000] {logging_mixin.py:190} INFO - [2025-10-20T05:06:54.823+0000] {dagbag.py:588} INFO - Filling up the DagBag from /opt/airflow/dags/driven_data_pipeline.py
[2025-10-20T05:06:54.893+0000] {processor.py:925} INFO - DAG(s) 'extract_raw_data_pipeline' retrieved from /opt/airflow/dags/driven_data_pipeline.py
[2025-10-20T05:06:54.903+0000] {logging_mixin.py:190} INFO - [2025-10-20T05:06:54.903+0000] {dag.py:3239} INFO - Sync 1 DAGs
[2025-10-20T05:06:54.910+0000] {logging_mixin.py:190} INFO - [2025-10-20T05:06:54.910+0000] {dag.py:4180} INFO - Setting next_dagrun for extract_raw_data_pipeline to 2025-10-19 07:59:00+00:00, run_after=2025-10-20 07:00:00+00:00
[2025-10-20T05:06:54.916+0000] {processor.py:208} INFO - Processing /opt/airflow/dags/driven_data_pipeline.py took 0.098 seconds
[2025-10-20T05:08:27.937+0000] {processor.py:186} INFO - Started process (PID=4667) to work on /opt/airflow/dags/driven_data_pipeline.py
[2025-10-20T05:08:27.937+0000] {processor.py:914} INFO - Processing file /opt/airflow/dags/driven_data_pipeline.py for tasks to queue
[2025-10-20T05:08:27.938+0000] {logging_mixin.py:190} INFO - [2025-10-20T05:08:27.938+0000] {dagbag.py:588} INFO - Filling up the DagBag from /opt/airflow/dags/driven_data_pipeline.py
[2025-10-20T05:08:28.002+0000] {processor.py:925} INFO - DAG(s) 'extract_raw_data_pipeline' retrieved from /opt/airflow/dags/driven_data_pipeline.py
[2025-10-20T05:08:28.010+0000] {logging_mixin.py:190} INFO - [2025-10-20T05:08:28.010+0000] {dag.py:3239} INFO - Sync 1 DAGs
[2025-10-20T05:08:28.018+0000] {logging_mixin.py:190} INFO - [2025-10-20T05:08:28.018+0000] {dag.py:4180} INFO - Setting next_dagrun for extract_raw_data_pipeline to 2025-10-19 07:59:00+00:00, run_after=2025-10-20 07:00:00+00:00
[2025-10-20T05:08:28.023+0000] {processor.py:208} INFO - Processing /opt/airflow/dags/driven_data_pipeline.py took 0.090 seconds
[2025-10-20T05:23:57.907+0000] {processor.py:186} INFO - Started process (PID=4675) to work on /opt/airflow/dags/driven_data_pipeline.py
[2025-10-20T05:23:57.908+0000] {processor.py:914} INFO - Processing file /opt/airflow/dags/driven_data_pipeline.py for tasks to queue
[2025-10-20T05:23:57.909+0000] {logging_mixin.py:190} INFO - [2025-10-20T05:23:57.908+0000] {dagbag.py:588} INFO - Filling up the DagBag from /opt/airflow/dags/driven_data_pipeline.py
[2025-10-20T05:23:57.974+0000] {processor.py:925} INFO - DAG(s) 'extract_raw_data_pipeline' retrieved from /opt/airflow/dags/driven_data_pipeline.py
[2025-10-20T05:23:57.983+0000] {logging_mixin.py:190} INFO - [2025-10-20T05:23:57.983+0000] {dag.py:3239} INFO - Sync 1 DAGs
[2025-10-20T05:23:57.991+0000] {logging_mixin.py:190} INFO - [2025-10-20T05:23:57.990+0000] {dag.py:4180} INFO - Setting next_dagrun for extract_raw_data_pipeline to 2025-10-19 07:59:00+00:00, run_after=2025-10-20 07:00:00+00:00
[2025-10-20T05:23:57.997+0000] {processor.py:208} INFO - Processing /opt/airflow/dags/driven_data_pipeline.py took 0.095 seconds
[2025-10-20T05:39:30.357+0000] {processor.py:186} INFO - Started process (PID=4683) to work on /opt/airflow/dags/driven_data_pipeline.py
[2025-10-20T05:39:30.358+0000] {processor.py:914} INFO - Processing file /opt/airflow/dags/driven_data_pipeline.py for tasks to queue
[2025-10-20T05:39:30.359+0000] {logging_mixin.py:190} INFO - [2025-10-20T05:39:30.358+0000] {dagbag.py:588} INFO - Filling up the DagBag from /opt/airflow/dags/driven_data_pipeline.py
[2025-10-20T05:39:30.422+0000] {processor.py:925} INFO - DAG(s) 'extract_raw_data_pipeline' retrieved from /opt/airflow/dags/driven_data_pipeline.py
[2025-10-20T05:39:30.432+0000] {logging_mixin.py:190} INFO - [2025-10-20T05:39:30.432+0000] {dag.py:3239} INFO - Sync 1 DAGs
[2025-10-20T05:39:30.440+0000] {logging_mixin.py:190} INFO - [2025-10-20T05:39:30.440+0000] {dag.py:4180} INFO - Setting next_dagrun for extract_raw_data_pipeline to 2025-10-19 07:59:00+00:00, run_after=2025-10-20 07:00:00+00:00
[2025-10-20T05:39:30.446+0000] {processor.py:208} INFO - Processing /opt/airflow/dags/driven_data_pipeline.py took 0.093 seconds
[2025-10-20T05:44:50.229+0000] {processor.py:186} INFO - Started process (PID=4691) to work on /opt/airflow/dags/driven_data_pipeline.py
[2025-10-20T05:44:50.230+0000] {processor.py:914} INFO - Processing file /opt/airflow/dags/driven_data_pipeline.py for tasks to queue
[2025-10-20T05:44:50.230+0000] {logging_mixin.py:190} INFO - [2025-10-20T05:44:50.230+0000] {dagbag.py:588} INFO - Filling up the DagBag from /opt/airflow/dags/driven_data_pipeline.py
[2025-10-20T05:44:50.297+0000] {processor.py:925} INFO - DAG(s) 'extract_raw_data_pipeline' retrieved from /opt/airflow/dags/driven_data_pipeline.py
[2025-10-20T05:44:50.307+0000] {logging_mixin.py:190} INFO - [2025-10-20T05:44:50.307+0000] {dag.py:3239} INFO - Sync 1 DAGs
[2025-10-20T05:44:50.315+0000] {logging_mixin.py:190} INFO - [2025-10-20T05:44:50.314+0000] {dag.py:4180} INFO - Setting next_dagrun for extract_raw_data_pipeline to 2025-10-19 07:59:00+00:00, run_after=2025-10-20 07:00:00+00:00
[2025-10-20T05:44:50.320+0000] {processor.py:208} INFO - Processing /opt/airflow/dags/driven_data_pipeline.py took 0.096 seconds
[2025-10-20T06:04:12.090+0000] {processor.py:186} INFO - Started process (PID=4699) to work on /opt/airflow/dags/driven_data_pipeline.py
[2025-10-20T06:04:12.090+0000] {processor.py:914} INFO - Processing file /opt/airflow/dags/driven_data_pipeline.py for tasks to queue
[2025-10-20T06:04:12.091+0000] {logging_mixin.py:190} INFO - [2025-10-20T06:04:12.091+0000] {dagbag.py:588} INFO - Filling up the DagBag from /opt/airflow/dags/driven_data_pipeline.py
[2025-10-20T06:04:12.153+0000] {processor.py:925} INFO - DAG(s) 'extract_raw_data_pipeline' retrieved from /opt/airflow/dags/driven_data_pipeline.py
[2025-10-20T06:04:12.163+0000] {logging_mixin.py:190} INFO - [2025-10-20T06:04:12.163+0000] {dag.py:3239} INFO - Sync 1 DAGs
[2025-10-20T06:04:12.172+0000] {logging_mixin.py:190} INFO - [2025-10-20T06:04:12.172+0000] {dag.py:4180} INFO - Setting next_dagrun for extract_raw_data_pipeline to 2025-10-19 07:59:00+00:00, run_after=2025-10-20 07:00:00+00:00
[2025-10-20T06:04:12.178+0000] {processor.py:208} INFO - Processing /opt/airflow/dags/driven_data_pipeline.py took 0.091 seconds
[2025-10-20T06:19:42.029+0000] {processor.py:186} INFO - Started process (PID=4707) to work on /opt/airflow/dags/driven_data_pipeline.py
[2025-10-20T06:19:42.030+0000] {processor.py:914} INFO - Processing file /opt/airflow/dags/driven_data_pipeline.py for tasks to queue
[2025-10-20T06:19:42.031+0000] {logging_mixin.py:190} INFO - [2025-10-20T06:19:42.031+0000] {dagbag.py:588} INFO - Filling up the DagBag from /opt/airflow/dags/driven_data_pipeline.py
[2025-10-20T06:19:42.104+0000] {processor.py:925} INFO - DAG(s) 'extract_raw_data_pipeline' retrieved from /opt/airflow/dags/driven_data_pipeline.py
[2025-10-20T06:19:42.114+0000] {logging_mixin.py:190} INFO - [2025-10-20T06:19:42.114+0000] {dag.py:3239} INFO - Sync 1 DAGs
[2025-10-20T06:19:42.124+0000] {logging_mixin.py:190} INFO - [2025-10-20T06:19:42.124+0000] {dag.py:4180} INFO - Setting next_dagrun for extract_raw_data_pipeline to 2025-10-19 07:59:00+00:00, run_after=2025-10-20 07:00:00+00:00
[2025-10-20T06:19:42.131+0000] {processor.py:208} INFO - Processing /opt/airflow/dags/driven_data_pipeline.py took 0.106 seconds
[2025-10-20T06:22:03.251+0000] {processor.py:186} INFO - Started process (PID=4715) to work on /opt/airflow/dags/driven_data_pipeline.py
[2025-10-20T06:22:03.252+0000] {processor.py:914} INFO - Processing file /opt/airflow/dags/driven_data_pipeline.py for tasks to queue
[2025-10-20T06:22:03.253+0000] {logging_mixin.py:190} INFO - [2025-10-20T06:22:03.253+0000] {dagbag.py:588} INFO - Filling up the DagBag from /opt/airflow/dags/driven_data_pipeline.py
[2025-10-20T06:22:03.328+0000] {processor.py:925} INFO - DAG(s) 'extract_raw_data_pipeline' retrieved from /opt/airflow/dags/driven_data_pipeline.py
[2025-10-20T06:22:03.339+0000] {logging_mixin.py:190} INFO - [2025-10-20T06:22:03.339+0000] {dag.py:3239} INFO - Sync 1 DAGs
[2025-10-20T06:22:03.349+0000] {logging_mixin.py:190} INFO - [2025-10-20T06:22:03.349+0000] {dag.py:4180} INFO - Setting next_dagrun for extract_raw_data_pipeline to 2025-10-19 07:59:00+00:00, run_after=2025-10-20 07:00:00+00:00
[2025-10-20T06:22:03.355+0000] {processor.py:208} INFO - Processing /opt/airflow/dags/driven_data_pipeline.py took 0.109 seconds
[2025-10-20T06:37:33.308+0000] {processor.py:186} INFO - Started process (PID=4723) to work on /opt/airflow/dags/driven_data_pipeline.py
[2025-10-20T06:37:33.309+0000] {processor.py:914} INFO - Processing file /opt/airflow/dags/driven_data_pipeline.py for tasks to queue
[2025-10-20T06:37:33.310+0000] {logging_mixin.py:190} INFO - [2025-10-20T06:37:33.310+0000] {dagbag.py:588} INFO - Filling up the DagBag from /opt/airflow/dags/driven_data_pipeline.py
[2025-10-20T06:37:33.375+0000] {processor.py:925} INFO - DAG(s) 'extract_raw_data_pipeline' retrieved from /opt/airflow/dags/driven_data_pipeline.py
[2025-10-20T06:37:33.385+0000] {logging_mixin.py:190} INFO - [2025-10-20T06:37:33.385+0000] {dag.py:3239} INFO - Sync 1 DAGs
[2025-10-20T06:37:33.393+0000] {logging_mixin.py:190} INFO - [2025-10-20T06:37:33.393+0000] {dag.py:4180} INFO - Setting next_dagrun for extract_raw_data_pipeline to 2025-10-19 07:59:00+00:00, run_after=2025-10-20 07:00:00+00:00
[2025-10-20T06:37:33.399+0000] {processor.py:208} INFO - Processing /opt/airflow/dags/driven_data_pipeline.py took 0.095 seconds
[2025-10-20T06:54:15.708+0000] {processor.py:186} INFO - Started process (PID=4731) to work on /opt/airflow/dags/driven_data_pipeline.py
[2025-10-20T06:54:15.709+0000] {processor.py:914} INFO - Processing file /opt/airflow/dags/driven_data_pipeline.py for tasks to queue
[2025-10-20T06:54:15.710+0000] {logging_mixin.py:190} INFO - [2025-10-20T06:54:15.709+0000] {dagbag.py:588} INFO - Filling up the DagBag from /opt/airflow/dags/driven_data_pipeline.py
[2025-10-20T06:54:15.779+0000] {processor.py:925} INFO - DAG(s) 'extract_raw_data_pipeline' retrieved from /opt/airflow/dags/driven_data_pipeline.py
[2025-10-20T06:54:15.789+0000] {logging_mixin.py:190} INFO - [2025-10-20T06:54:15.789+0000] {dag.py:3239} INFO - Sync 1 DAGs
[2025-10-20T06:54:15.797+0000] {logging_mixin.py:190} INFO - [2025-10-20T06:54:15.797+0000] {dag.py:4180} INFO - Setting next_dagrun for extract_raw_data_pipeline to 2025-10-19 07:59:00+00:00, run_after=2025-10-20 07:00:00+00:00
[2025-10-20T06:54:15.803+0000] {processor.py:208} INFO - Processing /opt/airflow/dags/driven_data_pipeline.py took 0.099 seconds
[2025-10-20T07:09:46.758+0000] {processor.py:186} INFO - Started process (PID=4747) to work on /opt/airflow/dags/driven_data_pipeline.py
[2025-10-20T07:09:46.758+0000] {processor.py:914} INFO - Processing file /opt/airflow/dags/driven_data_pipeline.py for tasks to queue
[2025-10-20T07:09:46.759+0000] {logging_mixin.py:190} INFO - [2025-10-20T07:09:46.759+0000] {dagbag.py:588} INFO - Filling up the DagBag from /opt/airflow/dags/driven_data_pipeline.py
[2025-10-20T07:09:46.835+0000] {processor.py:925} INFO - DAG(s) 'extract_raw_data_pipeline' retrieved from /opt/airflow/dags/driven_data_pipeline.py
[2025-10-20T07:09:46.851+0000] {logging_mixin.py:190} INFO - [2025-10-20T07:09:46.851+0000] {dag.py:3239} INFO - Sync 1 DAGs
[2025-10-20T07:09:46.864+0000] {logging_mixin.py:190} INFO - [2025-10-20T07:09:46.864+0000] {dag.py:4180} INFO - Setting next_dagrun for extract_raw_data_pipeline to 2025-10-20 07:09:00+00:00, run_after=2025-10-20 07:10:00+00:00
[2025-10-20T07:09:46.875+0000] {processor.py:208} INFO - Processing /opt/airflow/dags/driven_data_pipeline.py took 0.122 seconds
[2025-10-20T07:25:16.778+0000] {processor.py:186} INFO - Started process (PID=4759) to work on /opt/airflow/dags/driven_data_pipeline.py
[2025-10-20T07:25:16.779+0000] {processor.py:914} INFO - Processing file /opt/airflow/dags/driven_data_pipeline.py for tasks to queue
[2025-10-20T07:25:16.780+0000] {logging_mixin.py:190} INFO - [2025-10-20T07:25:16.779+0000] {dagbag.py:588} INFO - Filling up the DagBag from /opt/airflow/dags/driven_data_pipeline.py
[2025-10-20T07:25:16.839+0000] {processor.py:925} INFO - DAG(s) 'extract_raw_data_pipeline' retrieved from /opt/airflow/dags/driven_data_pipeline.py
[2025-10-20T07:25:16.849+0000] {logging_mixin.py:190} INFO - [2025-10-20T07:25:16.849+0000] {dag.py:3239} INFO - Sync 1 DAGs
[2025-10-20T07:25:16.857+0000] {logging_mixin.py:190} INFO - [2025-10-20T07:25:16.857+0000] {dag.py:4180} INFO - Setting next_dagrun for extract_raw_data_pipeline to 2025-10-20 07:24:00+00:00, run_after=2025-10-20 07:25:00+00:00
[2025-10-20T07:25:16.862+0000] {processor.py:208} INFO - Processing /opt/airflow/dags/driven_data_pipeline.py took 0.089 seconds
[2025-10-20T07:40:47.417+0000] {processor.py:186} INFO - Started process (PID=4779) to work on /opt/airflow/dags/driven_data_pipeline.py
[2025-10-20T07:40:47.418+0000] {processor.py:914} INFO - Processing file /opt/airflow/dags/driven_data_pipeline.py for tasks to queue
[2025-10-20T07:40:47.421+0000] {logging_mixin.py:190} INFO - [2025-10-20T07:40:47.421+0000] {dagbag.py:588} INFO - Filling up the DagBag from /opt/airflow/dags/driven_data_pipeline.py
[2025-10-20T07:40:47.504+0000] {processor.py:925} INFO - DAG(s) 'extract_raw_data_pipeline' retrieved from /opt/airflow/dags/driven_data_pipeline.py
[2025-10-20T07:40:47.519+0000] {logging_mixin.py:190} INFO - [2025-10-20T07:40:47.519+0000] {dag.py:3239} INFO - Sync 1 DAGs
[2025-10-20T07:40:47.528+0000] {logging_mixin.py:190} INFO - [2025-10-20T07:40:47.528+0000] {dag.py:4180} INFO - Setting next_dagrun for extract_raw_data_pipeline to 2025-10-20 07:40:00+00:00, run_after=2025-10-20 07:41:00+00:00
[2025-10-20T07:40:47.535+0000] {processor.py:208} INFO - Processing /opt/airflow/dags/driven_data_pipeline.py took 0.120 seconds
[2025-10-20T07:56:17.320+0000] {processor.py:186} INFO - Started process (PID=4791) to work on /opt/airflow/dags/driven_data_pipeline.py
[2025-10-20T07:56:17.321+0000] {processor.py:914} INFO - Processing file /opt/airflow/dags/driven_data_pipeline.py for tasks to queue
[2025-10-20T07:56:17.321+0000] {logging_mixin.py:190} INFO - [2025-10-20T07:56:17.321+0000] {dagbag.py:588} INFO - Filling up the DagBag from /opt/airflow/dags/driven_data_pipeline.py
[2025-10-20T07:56:17.397+0000] {processor.py:925} INFO - DAG(s) 'extract_raw_data_pipeline' retrieved from /opt/airflow/dags/driven_data_pipeline.py
[2025-10-20T07:56:17.409+0000] {logging_mixin.py:190} INFO - [2025-10-20T07:56:17.409+0000] {dag.py:3239} INFO - Sync 1 DAGs
[2025-10-20T07:56:17.425+0000] {logging_mixin.py:190} INFO - [2025-10-20T07:56:17.425+0000] {dag.py:4180} INFO - Setting next_dagrun for extract_raw_data_pipeline to 2025-10-20 07:56:00+00:00, run_after=2025-10-20 07:57:00+00:00
[2025-10-20T07:56:17.436+0000] {processor.py:208} INFO - Processing /opt/airflow/dags/driven_data_pipeline.py took 0.120 seconds
[2025-10-20T08:11:47.456+0000] {processor.py:186} INFO - Started process (PID=4815) to work on /opt/airflow/dags/driven_data_pipeline.py
[2025-10-20T08:11:47.457+0000] {processor.py:914} INFO - Processing file /opt/airflow/dags/driven_data_pipeline.py for tasks to queue
[2025-10-20T08:11:47.458+0000] {logging_mixin.py:190} INFO - [2025-10-20T08:11:47.458+0000] {dagbag.py:588} INFO - Filling up the DagBag from /opt/airflow/dags/driven_data_pipeline.py
[2025-10-20T08:11:47.561+0000] {processor.py:925} INFO - DAG(s) 'extract_raw_data_pipeline' retrieved from /opt/airflow/dags/driven_data_pipeline.py
[2025-10-20T08:11:47.582+0000] {logging_mixin.py:190} INFO - [2025-10-20T08:11:47.582+0000] {dag.py:3239} INFO - Sync 1 DAGs
[2025-10-20T08:11:47.601+0000] {logging_mixin.py:190} INFO - [2025-10-20T08:11:47.601+0000] {dag.py:4180} INFO - Setting next_dagrun for extract_raw_data_pipeline to 2025-10-20 07:59:00+00:00, run_after=2025-10-21 07:00:00+00:00
[2025-10-20T08:11:47.618+0000] {processor.py:208} INFO - Processing /opt/airflow/dags/driven_data_pipeline.py took 0.167 seconds
[2025-10-20T08:27:18.640+0000] {processor.py:186} INFO - Started process (PID=4823) to work on /opt/airflow/dags/driven_data_pipeline.py
[2025-10-20T08:27:18.642+0000] {processor.py:914} INFO - Processing file /opt/airflow/dags/driven_data_pipeline.py for tasks to queue
[2025-10-20T08:27:18.643+0000] {logging_mixin.py:190} INFO - [2025-10-20T08:27:18.642+0000] {dagbag.py:588} INFO - Filling up the DagBag from /opt/airflow/dags/driven_data_pipeline.py
[2025-10-20T08:27:18.720+0000] {processor.py:925} INFO - DAG(s) 'extract_raw_data_pipeline' retrieved from /opt/airflow/dags/driven_data_pipeline.py
[2025-10-20T08:27:18.730+0000] {logging_mixin.py:190} INFO - [2025-10-20T08:27:18.730+0000] {dag.py:3239} INFO - Sync 1 DAGs
[2025-10-20T08:27:18.739+0000] {logging_mixin.py:190} INFO - [2025-10-20T08:27:18.739+0000] {dag.py:4180} INFO - Setting next_dagrun for extract_raw_data_pipeline to 2025-10-20 07:59:00+00:00, run_after=2025-10-21 07:00:00+00:00
[2025-10-20T08:27:18.745+0000] {processor.py:208} INFO - Processing /opt/airflow/dags/driven_data_pipeline.py took 0.110 seconds
[2025-10-20T08:42:47.351+0000] {processor.py:186} INFO - Started process (PID=4831) to work on /opt/airflow/dags/driven_data_pipeline.py
[2025-10-20T08:42:47.353+0000] {processor.py:914} INFO - Processing file /opt/airflow/dags/driven_data_pipeline.py for tasks to queue
[2025-10-20T08:42:47.354+0000] {logging_mixin.py:190} INFO - [2025-10-20T08:42:47.354+0000] {dagbag.py:588} INFO - Filling up the DagBag from /opt/airflow/dags/driven_data_pipeline.py
[2025-10-20T08:42:47.418+0000] {processor.py:925} INFO - DAG(s) 'extract_raw_data_pipeline' retrieved from /opt/airflow/dags/driven_data_pipeline.py
[2025-10-20T08:42:47.428+0000] {logging_mixin.py:190} INFO - [2025-10-20T08:42:47.428+0000] {dag.py:3239} INFO - Sync 1 DAGs
[2025-10-20T08:42:47.436+0000] {logging_mixin.py:190} INFO - [2025-10-20T08:42:47.436+0000] {dag.py:4180} INFO - Setting next_dagrun for extract_raw_data_pipeline to 2025-10-20 07:59:00+00:00, run_after=2025-10-21 07:00:00+00:00
[2025-10-20T08:42:47.441+0000] {processor.py:208} INFO - Processing /opt/airflow/dags/driven_data_pipeline.py took 0.095 seconds
[2025-10-20T08:58:17.250+0000] {processor.py:186} INFO - Started process (PID=4839) to work on /opt/airflow/dags/driven_data_pipeline.py
[2025-10-20T08:58:17.251+0000] {processor.py:914} INFO - Processing file /opt/airflow/dags/driven_data_pipeline.py for tasks to queue
[2025-10-20T08:58:17.252+0000] {logging_mixin.py:190} INFO - [2025-10-20T08:58:17.251+0000] {dagbag.py:588} INFO - Filling up the DagBag from /opt/airflow/dags/driven_data_pipeline.py
[2025-10-20T08:58:17.321+0000] {processor.py:925} INFO - DAG(s) 'extract_raw_data_pipeline' retrieved from /opt/airflow/dags/driven_data_pipeline.py
[2025-10-20T08:58:17.330+0000] {logging_mixin.py:190} INFO - [2025-10-20T08:58:17.330+0000] {dag.py:3239} INFO - Sync 1 DAGs
[2025-10-20T08:58:17.338+0000] {logging_mixin.py:190} INFO - [2025-10-20T08:58:17.338+0000] {dag.py:4180} INFO - Setting next_dagrun for extract_raw_data_pipeline to 2025-10-20 07:59:00+00:00, run_after=2025-10-21 07:00:00+00:00
[2025-10-20T08:58:17.343+0000] {processor.py:208} INFO - Processing /opt/airflow/dags/driven_data_pipeline.py took 0.099 seconds
[2025-10-20T09:13:48.304+0000] {processor.py:186} INFO - Started process (PID=4847) to work on /opt/airflow/dags/driven_data_pipeline.py
[2025-10-20T09:13:48.304+0000] {processor.py:914} INFO - Processing file /opt/airflow/dags/driven_data_pipeline.py for tasks to queue
[2025-10-20T09:13:48.305+0000] {logging_mixin.py:190} INFO - [2025-10-20T09:13:48.305+0000] {dagbag.py:588} INFO - Filling up the DagBag from /opt/airflow/dags/driven_data_pipeline.py
[2025-10-20T09:13:48.372+0000] {processor.py:925} INFO - DAG(s) 'extract_raw_data_pipeline' retrieved from /opt/airflow/dags/driven_data_pipeline.py
[2025-10-20T09:13:48.381+0000] {logging_mixin.py:190} INFO - [2025-10-20T09:13:48.381+0000] {dag.py:3239} INFO - Sync 1 DAGs
[2025-10-20T09:13:48.389+0000] {logging_mixin.py:190} INFO - [2025-10-20T09:13:48.389+0000] {dag.py:4180} INFO - Setting next_dagrun for extract_raw_data_pipeline to 2025-10-20 07:59:00+00:00, run_after=2025-10-21 07:00:00+00:00
[2025-10-20T09:13:48.395+0000] {processor.py:208} INFO - Processing /opt/airflow/dags/driven_data_pipeline.py took 0.095 seconds
[2025-10-20T09:29:19.370+0000] {processor.py:186} INFO - Started process (PID=4855) to work on /opt/airflow/dags/driven_data_pipeline.py
[2025-10-20T09:29:19.371+0000] {processor.py:914} INFO - Processing file /opt/airflow/dags/driven_data_pipeline.py for tasks to queue
[2025-10-20T09:29:19.372+0000] {logging_mixin.py:190} INFO - [2025-10-20T09:29:19.371+0000] {dagbag.py:588} INFO - Filling up the DagBag from /opt/airflow/dags/driven_data_pipeline.py
[2025-10-20T09:29:19.441+0000] {processor.py:925} INFO - DAG(s) 'extract_raw_data_pipeline' retrieved from /opt/airflow/dags/driven_data_pipeline.py
[2025-10-20T09:29:19.450+0000] {logging_mixin.py:190} INFO - [2025-10-20T09:29:19.450+0000] {dag.py:3239} INFO - Sync 1 DAGs
[2025-10-20T09:29:19.459+0000] {logging_mixin.py:190} INFO - [2025-10-20T09:29:19.459+0000] {dag.py:4180} INFO - Setting next_dagrun for extract_raw_data_pipeline to 2025-10-20 07:59:00+00:00, run_after=2025-10-21 07:00:00+00:00
[2025-10-20T09:29:19.464+0000] {processor.py:208} INFO - Processing /opt/airflow/dags/driven_data_pipeline.py took 0.099 seconds
[2025-10-20T09:44:49.190+0000] {processor.py:186} INFO - Started process (PID=4863) to work on /opt/airflow/dags/driven_data_pipeline.py
[2025-10-20T09:44:49.191+0000] {processor.py:914} INFO - Processing file /opt/airflow/dags/driven_data_pipeline.py for tasks to queue
[2025-10-20T09:44:49.192+0000] {logging_mixin.py:190} INFO - [2025-10-20T09:44:49.192+0000] {dagbag.py:588} INFO - Filling up the DagBag from /opt/airflow/dags/driven_data_pipeline.py
[2025-10-20T09:44:49.257+0000] {processor.py:925} INFO - DAG(s) 'extract_raw_data_pipeline' retrieved from /opt/airflow/dags/driven_data_pipeline.py
[2025-10-20T09:44:49.266+0000] {logging_mixin.py:190} INFO - [2025-10-20T09:44:49.266+0000] {dag.py:3239} INFO - Sync 1 DAGs
[2025-10-20T09:44:49.274+0000] {logging_mixin.py:190} INFO - [2025-10-20T09:44:49.274+0000] {dag.py:4180} INFO - Setting next_dagrun for extract_raw_data_pipeline to 2025-10-20 07:59:00+00:00, run_after=2025-10-21 07:00:00+00:00
[2025-10-20T09:44:49.280+0000] {processor.py:208} INFO - Processing /opt/airflow/dags/driven_data_pipeline.py took 0.093 seconds
[2025-10-20T10:00:19.782+0000] {processor.py:186} INFO - Started process (PID=4871) to work on /opt/airflow/dags/driven_data_pipeline.py
[2025-10-20T10:00:19.784+0000] {processor.py:914} INFO - Processing file /opt/airflow/dags/driven_data_pipeline.py for tasks to queue
[2025-10-20T10:00:19.784+0000] {logging_mixin.py:190} INFO - [2025-10-20T10:00:19.784+0000] {dagbag.py:588} INFO - Filling up the DagBag from /opt/airflow/dags/driven_data_pipeline.py
[2025-10-20T10:00:19.853+0000] {processor.py:925} INFO - DAG(s) 'extract_raw_data_pipeline' retrieved from /opt/airflow/dags/driven_data_pipeline.py
[2025-10-20T10:00:19.863+0000] {logging_mixin.py:190} INFO - [2025-10-20T10:00:19.862+0000] {dag.py:3239} INFO - Sync 1 DAGs
[2025-10-20T10:00:19.870+0000] {logging_mixin.py:190} INFO - [2025-10-20T10:00:19.870+0000] {dag.py:4180} INFO - Setting next_dagrun for extract_raw_data_pipeline to 2025-10-20 07:59:00+00:00, run_after=2025-10-21 07:00:00+00:00
[2025-10-20T10:00:19.875+0000] {processor.py:208} INFO - Processing /opt/airflow/dags/driven_data_pipeline.py took 0.097 seconds
[2025-10-20T10:19:15.079+0000] {processor.py:186} INFO - Started process (PID=4879) to work on /opt/airflow/dags/driven_data_pipeline.py
[2025-10-20T10:19:15.080+0000] {processor.py:914} INFO - Processing file /opt/airflow/dags/driven_data_pipeline.py for tasks to queue
[2025-10-20T10:19:15.081+0000] {logging_mixin.py:190} INFO - [2025-10-20T10:19:15.081+0000] {dagbag.py:588} INFO - Filling up the DagBag from /opt/airflow/dags/driven_data_pipeline.py
[2025-10-20T10:19:15.148+0000] {processor.py:925} INFO - DAG(s) 'extract_raw_data_pipeline' retrieved from /opt/airflow/dags/driven_data_pipeline.py
[2025-10-20T10:19:15.158+0000] {logging_mixin.py:190} INFO - [2025-10-20T10:19:15.158+0000] {dag.py:3239} INFO - Sync 1 DAGs
[2025-10-20T10:19:15.167+0000] {logging_mixin.py:190} INFO - [2025-10-20T10:19:15.167+0000] {dag.py:4180} INFO - Setting next_dagrun for extract_raw_data_pipeline to 2025-10-20 07:59:00+00:00, run_after=2025-10-21 07:00:00+00:00
[2025-10-20T10:19:15.173+0000] {processor.py:208} INFO - Processing /opt/airflow/dags/driven_data_pipeline.py took 0.099 seconds
[2025-10-20T10:34:46.237+0000] {processor.py:186} INFO - Started process (PID=4887) to work on /opt/airflow/dags/driven_data_pipeline.py
[2025-10-20T10:34:46.238+0000] {processor.py:914} INFO - Processing file /opt/airflow/dags/driven_data_pipeline.py for tasks to queue
[2025-10-20T10:34:46.239+0000] {logging_mixin.py:190} INFO - [2025-10-20T10:34:46.239+0000] {dagbag.py:588} INFO - Filling up the DagBag from /opt/airflow/dags/driven_data_pipeline.py
[2025-10-20T10:34:46.306+0000] {processor.py:925} INFO - DAG(s) 'extract_raw_data_pipeline' retrieved from /opt/airflow/dags/driven_data_pipeline.py
[2025-10-20T10:34:46.316+0000] {logging_mixin.py:190} INFO - [2025-10-20T10:34:46.316+0000] {dag.py:3239} INFO - Sync 1 DAGs
[2025-10-20T10:34:46.324+0000] {logging_mixin.py:190} INFO - [2025-10-20T10:34:46.324+0000] {dag.py:4180} INFO - Setting next_dagrun for extract_raw_data_pipeline to 2025-10-20 07:59:00+00:00, run_after=2025-10-21 07:00:00+00:00
[2025-10-20T10:34:46.329+0000] {processor.py:208} INFO - Processing /opt/airflow/dags/driven_data_pipeline.py took 0.097 seconds
[2025-10-20T10:50:15.724+0000] {processor.py:186} INFO - Started process (PID=4895) to work on /opt/airflow/dags/driven_data_pipeline.py
[2025-10-20T10:50:15.725+0000] {processor.py:914} INFO - Processing file /opt/airflow/dags/driven_data_pipeline.py for tasks to queue
[2025-10-20T10:50:15.726+0000] {logging_mixin.py:190} INFO - [2025-10-20T10:50:15.725+0000] {dagbag.py:588} INFO - Filling up the DagBag from /opt/airflow/dags/driven_data_pipeline.py
[2025-10-20T10:50:15.791+0000] {processor.py:925} INFO - DAG(s) 'extract_raw_data_pipeline' retrieved from /opt/airflow/dags/driven_data_pipeline.py
[2025-10-20T10:50:15.802+0000] {logging_mixin.py:190} INFO - [2025-10-20T10:50:15.801+0000] {dag.py:3239} INFO - Sync 1 DAGs
[2025-10-20T10:50:15.810+0000] {logging_mixin.py:190} INFO - [2025-10-20T10:50:15.810+0000] {dag.py:4180} INFO - Setting next_dagrun for extract_raw_data_pipeline to 2025-10-20 07:59:00+00:00, run_after=2025-10-21 07:00:00+00:00
[2025-10-20T10:50:15.816+0000] {processor.py:208} INFO - Processing /opt/airflow/dags/driven_data_pipeline.py took 0.097 seconds
[2025-10-20T11:05:44.748+0000] {processor.py:186} INFO - Started process (PID=4903) to work on /opt/airflow/dags/driven_data_pipeline.py
[2025-10-20T11:05:44.749+0000] {processor.py:914} INFO - Processing file /opt/airflow/dags/driven_data_pipeline.py for tasks to queue
[2025-10-20T11:05:44.749+0000] {logging_mixin.py:190} INFO - [2025-10-20T11:05:44.749+0000] {dagbag.py:588} INFO - Filling up the DagBag from /opt/airflow/dags/driven_data_pipeline.py
[2025-10-20T11:05:44.815+0000] {processor.py:925} INFO - DAG(s) 'extract_raw_data_pipeline' retrieved from /opt/airflow/dags/driven_data_pipeline.py
[2025-10-20T11:05:44.824+0000] {logging_mixin.py:190} INFO - [2025-10-20T11:05:44.824+0000] {dag.py:3239} INFO - Sync 1 DAGs
[2025-10-20T11:05:44.832+0000] {logging_mixin.py:190} INFO - [2025-10-20T11:05:44.832+0000] {dag.py:4180} INFO - Setting next_dagrun for extract_raw_data_pipeline to 2025-10-20 07:59:00+00:00, run_after=2025-10-21 07:00:00+00:00
[2025-10-20T11:05:44.837+0000] {processor.py:208} INFO - Processing /opt/airflow/dags/driven_data_pipeline.py took 0.093 seconds
[2025-10-20T11:21:15.062+0000] {processor.py:186} INFO - Started process (PID=4911) to work on /opt/airflow/dags/driven_data_pipeline.py
[2025-10-20T11:21:15.063+0000] {processor.py:914} INFO - Processing file /opt/airflow/dags/driven_data_pipeline.py for tasks to queue
[2025-10-20T11:21:15.064+0000] {logging_mixin.py:190} INFO - [2025-10-20T11:21:15.064+0000] {dagbag.py:588} INFO - Filling up the DagBag from /opt/airflow/dags/driven_data_pipeline.py
[2025-10-20T11:21:15.128+0000] {processor.py:925} INFO - DAG(s) 'extract_raw_data_pipeline' retrieved from /opt/airflow/dags/driven_data_pipeline.py
[2025-10-20T11:21:15.137+0000] {logging_mixin.py:190} INFO - [2025-10-20T11:21:15.137+0000] {dag.py:3239} INFO - Sync 1 DAGs
[2025-10-20T11:21:15.145+0000] {logging_mixin.py:190} INFO - [2025-10-20T11:21:15.145+0000] {dag.py:4180} INFO - Setting next_dagrun for extract_raw_data_pipeline to 2025-10-20 07:59:00+00:00, run_after=2025-10-21 07:00:00+00:00
[2025-10-20T11:21:15.151+0000] {processor.py:208} INFO - Processing /opt/airflow/dags/driven_data_pipeline.py took 0.092 seconds
[2025-10-20T11:36:45.311+0000] {processor.py:186} INFO - Started process (PID=4919) to work on /opt/airflow/dags/driven_data_pipeline.py
[2025-10-20T11:36:45.312+0000] {processor.py:914} INFO - Processing file /opt/airflow/dags/driven_data_pipeline.py for tasks to queue
[2025-10-20T11:36:45.313+0000] {logging_mixin.py:190} INFO - [2025-10-20T11:36:45.313+0000] {dagbag.py:588} INFO - Filling up the DagBag from /opt/airflow/dags/driven_data_pipeline.py
[2025-10-20T11:36:45.382+0000] {processor.py:925} INFO - DAG(s) 'extract_raw_data_pipeline' retrieved from /opt/airflow/dags/driven_data_pipeline.py
[2025-10-20T11:36:45.390+0000] {logging_mixin.py:190} INFO - [2025-10-20T11:36:45.390+0000] {dag.py:3239} INFO - Sync 1 DAGs
[2025-10-20T11:36:45.398+0000] {logging_mixin.py:190} INFO - [2025-10-20T11:36:45.398+0000] {dag.py:4180} INFO - Setting next_dagrun for extract_raw_data_pipeline to 2025-10-20 07:59:00+00:00, run_after=2025-10-21 07:00:00+00:00
[2025-10-20T11:36:45.403+0000] {processor.py:208} INFO - Processing /opt/airflow/dags/driven_data_pipeline.py took 0.097 seconds
[2025-10-20T11:52:21.850+0000] {processor.py:186} INFO - Started process (PID=4927) to work on /opt/airflow/dags/driven_data_pipeline.py
[2025-10-20T11:52:21.851+0000] {processor.py:914} INFO - Processing file /opt/airflow/dags/driven_data_pipeline.py for tasks to queue
[2025-10-20T11:52:21.851+0000] {logging_mixin.py:190} INFO - [2025-10-20T11:52:21.851+0000] {dagbag.py:588} INFO - Filling up the DagBag from /opt/airflow/dags/driven_data_pipeline.py
[2025-10-20T11:52:21.918+0000] {processor.py:925} INFO - DAG(s) 'extract_raw_data_pipeline' retrieved from /opt/airflow/dags/driven_data_pipeline.py
[2025-10-20T11:52:21.929+0000] {logging_mixin.py:190} INFO - [2025-10-20T11:52:21.929+0000] {dag.py:3239} INFO - Sync 1 DAGs
[2025-10-20T11:52:21.937+0000] {logging_mixin.py:190} INFO - [2025-10-20T11:52:21.937+0000] {dag.py:4180} INFO - Setting next_dagrun for extract_raw_data_pipeline to 2025-10-20 07:59:00+00:00, run_after=2025-10-21 07:00:00+00:00
[2025-10-20T11:52:21.942+0000] {processor.py:208} INFO - Processing /opt/airflow/dags/driven_data_pipeline.py took 0.096 seconds
[2025-10-20T12:07:52.285+0000] {processor.py:186} INFO - Started process (PID=4935) to work on /opt/airflow/dags/driven_data_pipeline.py
[2025-10-20T12:07:52.286+0000] {processor.py:914} INFO - Processing file /opt/airflow/dags/driven_data_pipeline.py for tasks to queue
[2025-10-20T12:07:52.287+0000] {logging_mixin.py:190} INFO - [2025-10-20T12:07:52.287+0000] {dagbag.py:588} INFO - Filling up the DagBag from /opt/airflow/dags/driven_data_pipeline.py
[2025-10-20T12:07:52.357+0000] {processor.py:925} INFO - DAG(s) 'extract_raw_data_pipeline' retrieved from /opt/airflow/dags/driven_data_pipeline.py
[2025-10-20T12:07:52.367+0000] {logging_mixin.py:190} INFO - [2025-10-20T12:07:52.366+0000] {dag.py:3239} INFO - Sync 1 DAGs
[2025-10-20T12:07:52.374+0000] {logging_mixin.py:190} INFO - [2025-10-20T12:07:52.374+0000] {dag.py:4180} INFO - Setting next_dagrun for extract_raw_data_pipeline to 2025-10-20 07:59:00+00:00, run_after=2025-10-21 07:00:00+00:00
[2025-10-20T12:07:52.380+0000] {processor.py:208} INFO - Processing /opt/airflow/dags/driven_data_pipeline.py took 0.099 seconds
[2025-10-20T12:20:45.183+0000] {processor.py:186} INFO - Started process (PID=4943) to work on /opt/airflow/dags/driven_data_pipeline.py
[2025-10-20T12:20:45.184+0000] {processor.py:914} INFO - Processing file /opt/airflow/dags/driven_data_pipeline.py for tasks to queue
[2025-10-20T12:20:45.185+0000] {logging_mixin.py:190} INFO - [2025-10-20T12:20:45.185+0000] {dagbag.py:588} INFO - Filling up the DagBag from /opt/airflow/dags/driven_data_pipeline.py
[2025-10-20T12:20:45.255+0000] {processor.py:925} INFO - DAG(s) 'extract_raw_data_pipeline' retrieved from /opt/airflow/dags/driven_data_pipeline.py
[2025-10-20T12:20:45.264+0000] {logging_mixin.py:190} INFO - [2025-10-20T12:20:45.264+0000] {dag.py:3239} INFO - Sync 1 DAGs
[2025-10-20T12:20:45.273+0000] {logging_mixin.py:190} INFO - [2025-10-20T12:20:45.272+0000] {dag.py:4180} INFO - Setting next_dagrun for extract_raw_data_pipeline to 2025-10-20 07:59:00+00:00, run_after=2025-10-21 07:00:00+00:00
[2025-10-20T12:20:45.279+0000] {processor.py:208} INFO - Processing /opt/airflow/dags/driven_data_pipeline.py took 0.100 seconds
[2025-10-20T12:36:15.203+0000] {processor.py:186} INFO - Started process (PID=4951) to work on /opt/airflow/dags/driven_data_pipeline.py
[2025-10-20T12:36:15.204+0000] {processor.py:914} INFO - Processing file /opt/airflow/dags/driven_data_pipeline.py for tasks to queue
[2025-10-20T12:36:15.205+0000] {logging_mixin.py:190} INFO - [2025-10-20T12:36:15.205+0000] {dagbag.py:588} INFO - Filling up the DagBag from /opt/airflow/dags/driven_data_pipeline.py
[2025-10-20T12:36:15.269+0000] {processor.py:925} INFO - DAG(s) 'extract_raw_data_pipeline' retrieved from /opt/airflow/dags/driven_data_pipeline.py
[2025-10-20T12:36:15.278+0000] {logging_mixin.py:190} INFO - [2025-10-20T12:36:15.278+0000] {dag.py:3239} INFO - Sync 1 DAGs
[2025-10-20T12:36:15.286+0000] {logging_mixin.py:190} INFO - [2025-10-20T12:36:15.286+0000] {dag.py:4180} INFO - Setting next_dagrun for extract_raw_data_pipeline to 2025-10-20 07:59:00+00:00, run_after=2025-10-21 07:00:00+00:00
[2025-10-20T12:36:15.292+0000] {processor.py:208} INFO - Processing /opt/airflow/dags/driven_data_pipeline.py took 0.092 seconds
[2025-10-20T12:51:45.959+0000] {processor.py:186} INFO - Started process (PID=4959) to work on /opt/airflow/dags/driven_data_pipeline.py
[2025-10-20T12:51:45.961+0000] {processor.py:914} INFO - Processing file /opt/airflow/dags/driven_data_pipeline.py for tasks to queue
[2025-10-20T12:51:45.961+0000] {logging_mixin.py:190} INFO - [2025-10-20T12:51:45.961+0000] {dagbag.py:588} INFO - Filling up the DagBag from /opt/airflow/dags/driven_data_pipeline.py
[2025-10-20T12:51:46.028+0000] {processor.py:925} INFO - DAG(s) 'extract_raw_data_pipeline' retrieved from /opt/airflow/dags/driven_data_pipeline.py
[2025-10-20T12:51:46.037+0000] {logging_mixin.py:190} INFO - [2025-10-20T12:51:46.037+0000] {dag.py:3239} INFO - Sync 1 DAGs
[2025-10-20T12:51:46.045+0000] {logging_mixin.py:190} INFO - [2025-10-20T12:51:46.045+0000] {dag.py:4180} INFO - Setting next_dagrun for extract_raw_data_pipeline to 2025-10-20 07:59:00+00:00, run_after=2025-10-21 07:00:00+00:00
[2025-10-20T12:51:46.050+0000] {processor.py:208} INFO - Processing /opt/airflow/dags/driven_data_pipeline.py took 0.095 seconds
[2025-10-20T13:04:35.836+0000] {processor.py:186} INFO - Started process (PID=4967) to work on /opt/airflow/dags/driven_data_pipeline.py
[2025-10-20T13:04:35.837+0000] {processor.py:914} INFO - Processing file /opt/airflow/dags/driven_data_pipeline.py for tasks to queue
[2025-10-20T13:04:35.837+0000] {logging_mixin.py:190} INFO - [2025-10-20T13:04:35.837+0000] {dagbag.py:588} INFO - Filling up the DagBag from /opt/airflow/dags/driven_data_pipeline.py
[2025-10-20T13:04:35.907+0000] {processor.py:925} INFO - DAG(s) 'extract_raw_data_pipeline' retrieved from /opt/airflow/dags/driven_data_pipeline.py
[2025-10-20T13:04:35.918+0000] {logging_mixin.py:190} INFO - [2025-10-20T13:04:35.918+0000] {dag.py:3239} INFO - Sync 1 DAGs
[2025-10-20T13:04:35.927+0000] {logging_mixin.py:190} INFO - [2025-10-20T13:04:35.927+0000] {dag.py:4180} INFO - Setting next_dagrun for extract_raw_data_pipeline to 2025-10-20 07:59:00+00:00, run_after=2025-10-21 07:00:00+00:00
[2025-10-20T13:04:35.932+0000] {processor.py:208} INFO - Processing /opt/airflow/dags/driven_data_pipeline.py took 0.100 seconds
[2025-10-20T13:20:14.078+0000] {processor.py:186} INFO - Started process (PID=4975) to work on /opt/airflow/dags/driven_data_pipeline.py
[2025-10-20T13:20:14.078+0000] {processor.py:914} INFO - Processing file /opt/airflow/dags/driven_data_pipeline.py for tasks to queue
[2025-10-20T13:20:14.079+0000] {logging_mixin.py:190} INFO - [2025-10-20T13:20:14.078+0000] {dagbag.py:588} INFO - Filling up the DagBag from /opt/airflow/dags/driven_data_pipeline.py
[2025-10-20T13:20:14.134+0000] {processor.py:925} INFO - DAG(s) 'extract_raw_data_pipeline' retrieved from /opt/airflow/dags/driven_data_pipeline.py
[2025-10-20T13:20:14.143+0000] {logging_mixin.py:190} INFO - [2025-10-20T13:20:14.143+0000] {dag.py:3239} INFO - Sync 1 DAGs
[2025-10-20T13:20:14.151+0000] {logging_mixin.py:190} INFO - [2025-10-20T13:20:14.151+0000] {dag.py:4180} INFO - Setting next_dagrun for extract_raw_data_pipeline to 2025-10-20 07:59:00+00:00, run_after=2025-10-21 07:00:00+00:00
[2025-10-20T13:20:14.157+0000] {processor.py:208} INFO - Processing /opt/airflow/dags/driven_data_pipeline.py took 0.081 seconds
[2025-10-20T13:35:44.352+0000] {processor.py:186} INFO - Started process (PID=4983) to work on /opt/airflow/dags/driven_data_pipeline.py
[2025-10-20T13:35:44.353+0000] {processor.py:914} INFO - Processing file /opt/airflow/dags/driven_data_pipeline.py for tasks to queue
[2025-10-20T13:35:44.353+0000] {logging_mixin.py:190} INFO - [2025-10-20T13:35:44.353+0000] {dagbag.py:588} INFO - Filling up the DagBag from /opt/airflow/dags/driven_data_pipeline.py
[2025-10-20T13:35:44.417+0000] {processor.py:925} INFO - DAG(s) 'extract_raw_data_pipeline' retrieved from /opt/airflow/dags/driven_data_pipeline.py
[2025-10-20T13:35:44.427+0000] {logging_mixin.py:190} INFO - [2025-10-20T13:35:44.427+0000] {dag.py:3239} INFO - Sync 1 DAGs
[2025-10-20T13:35:44.438+0000] {logging_mixin.py:190} INFO - [2025-10-20T13:35:44.438+0000] {dag.py:4180} INFO - Setting next_dagrun for extract_raw_data_pipeline to 2025-10-20 07:59:00+00:00, run_after=2025-10-21 07:00:00+00:00
[2025-10-20T13:35:44.446+0000] {processor.py:208} INFO - Processing /opt/airflow/dags/driven_data_pipeline.py took 0.097 seconds
[2025-10-20T13:51:13.831+0000] {processor.py:186} INFO - Started process (PID=4991) to work on /opt/airflow/dags/driven_data_pipeline.py
[2025-10-20T13:51:13.832+0000] {processor.py:914} INFO - Processing file /opt/airflow/dags/driven_data_pipeline.py for tasks to queue
[2025-10-20T13:51:13.832+0000] {logging_mixin.py:190} INFO - [2025-10-20T13:51:13.832+0000] {dagbag.py:588} INFO - Filling up the DagBag from /opt/airflow/dags/driven_data_pipeline.py
[2025-10-20T13:51:13.898+0000] {processor.py:925} INFO - DAG(s) 'extract_raw_data_pipeline' retrieved from /opt/airflow/dags/driven_data_pipeline.py
[2025-10-20T13:51:13.908+0000] {logging_mixin.py:190} INFO - [2025-10-20T13:51:13.908+0000] {dag.py:3239} INFO - Sync 1 DAGs
[2025-10-20T13:51:13.915+0000] {logging_mixin.py:190} INFO - [2025-10-20T13:51:13.915+0000] {dag.py:4180} INFO - Setting next_dagrun for extract_raw_data_pipeline to 2025-10-20 07:59:00+00:00, run_after=2025-10-21 07:00:00+00:00
[2025-10-20T13:51:13.920+0000] {processor.py:208} INFO - Processing /opt/airflow/dags/driven_data_pipeline.py took 0.093 seconds
[2025-10-20T14:06:44.305+0000] {processor.py:186} INFO - Started process (PID=4999) to work on /opt/airflow/dags/driven_data_pipeline.py
[2025-10-20T14:06:44.306+0000] {processor.py:914} INFO - Processing file /opt/airflow/dags/driven_data_pipeline.py for tasks to queue
[2025-10-20T14:06:44.307+0000] {logging_mixin.py:190} INFO - [2025-10-20T14:06:44.306+0000] {dagbag.py:588} INFO - Filling up the DagBag from /opt/airflow/dags/driven_data_pipeline.py
[2025-10-20T14:06:44.377+0000] {processor.py:925} INFO - DAG(s) 'extract_raw_data_pipeline' retrieved from /opt/airflow/dags/driven_data_pipeline.py
[2025-10-20T14:06:44.387+0000] {logging_mixin.py:190} INFO - [2025-10-20T14:06:44.387+0000] {dag.py:3239} INFO - Sync 1 DAGs
[2025-10-20T14:06:44.394+0000] {logging_mixin.py:190} INFO - [2025-10-20T14:06:44.394+0000] {dag.py:4180} INFO - Setting next_dagrun for extract_raw_data_pipeline to 2025-10-20 07:59:00+00:00, run_after=2025-10-21 07:00:00+00:00
[2025-10-20T14:06:44.400+0000] {processor.py:208} INFO - Processing /opt/airflow/dags/driven_data_pipeline.py took 0.099 seconds
[2025-10-20T14:21:49.462+0000] {processor.py:186} INFO - Started process (PID=5007) to work on /opt/airflow/dags/driven_data_pipeline.py
[2025-10-20T14:21:49.463+0000] {processor.py:914} INFO - Processing file /opt/airflow/dags/driven_data_pipeline.py for tasks to queue
[2025-10-20T14:21:49.464+0000] {logging_mixin.py:190} INFO - [2025-10-20T14:21:49.464+0000] {dagbag.py:588} INFO - Filling up the DagBag from /opt/airflow/dags/driven_data_pipeline.py
[2025-10-20T14:21:49.533+0000] {processor.py:925} INFO - DAG(s) 'extract_raw_data_pipeline' retrieved from /opt/airflow/dags/driven_data_pipeline.py
[2025-10-20T14:21:49.542+0000] {logging_mixin.py:190} INFO - [2025-10-20T14:21:49.542+0000] {dag.py:3239} INFO - Sync 1 DAGs
[2025-10-20T14:21:49.549+0000] {logging_mixin.py:190} INFO - [2025-10-20T14:21:49.549+0000] {dag.py:4180} INFO - Setting next_dagrun for extract_raw_data_pipeline to 2025-10-20 07:59:00+00:00, run_after=2025-10-21 07:00:00+00:00
[2025-10-20T14:21:49.555+0000] {processor.py:208} INFO - Processing /opt/airflow/dags/driven_data_pipeline.py took 0.097 seconds
[2025-10-20T14:37:19.560+0000] {processor.py:186} INFO - Started process (PID=5015) to work on /opt/airflow/dags/driven_data_pipeline.py
[2025-10-20T14:37:19.562+0000] {processor.py:914} INFO - Processing file /opt/airflow/dags/driven_data_pipeline.py for tasks to queue
[2025-10-20T14:37:19.562+0000] {logging_mixin.py:190} INFO - [2025-10-20T14:37:19.562+0000] {dagbag.py:588} INFO - Filling up the DagBag from /opt/airflow/dags/driven_data_pipeline.py
[2025-10-20T14:37:19.625+0000] {processor.py:925} INFO - DAG(s) 'extract_raw_data_pipeline' retrieved from /opt/airflow/dags/driven_data_pipeline.py
[2025-10-20T14:37:19.634+0000] {logging_mixin.py:190} INFO - [2025-10-20T14:37:19.634+0000] {dag.py:3239} INFO - Sync 1 DAGs
[2025-10-20T14:37:19.642+0000] {logging_mixin.py:190} INFO - [2025-10-20T14:37:19.642+0000] {dag.py:4180} INFO - Setting next_dagrun for extract_raw_data_pipeline to 2025-10-20 07:59:00+00:00, run_after=2025-10-21 07:00:00+00:00
[2025-10-20T14:37:19.647+0000] {processor.py:208} INFO - Processing /opt/airflow/dags/driven_data_pipeline.py took 0.091 seconds
[2025-10-20T14:52:49.719+0000] {processor.py:186} INFO - Started process (PID=5023) to work on /opt/airflow/dags/driven_data_pipeline.py
[2025-10-20T14:52:49.720+0000] {processor.py:914} INFO - Processing file /opt/airflow/dags/driven_data_pipeline.py for tasks to queue
[2025-10-20T14:52:49.720+0000] {logging_mixin.py:190} INFO - [2025-10-20T14:52:49.720+0000] {dagbag.py:588} INFO - Filling up the DagBag from /opt/airflow/dags/driven_data_pipeline.py
[2025-10-20T14:52:49.776+0000] {processor.py:925} INFO - DAG(s) 'extract_raw_data_pipeline' retrieved from /opt/airflow/dags/driven_data_pipeline.py
[2025-10-20T14:52:49.786+0000] {logging_mixin.py:190} INFO - [2025-10-20T14:52:49.785+0000] {dag.py:3239} INFO - Sync 1 DAGs
[2025-10-20T14:52:49.794+0000] {logging_mixin.py:190} INFO - [2025-10-20T14:52:49.794+0000] {dag.py:4180} INFO - Setting next_dagrun for extract_raw_data_pipeline to 2025-10-20 07:59:00+00:00, run_after=2025-10-21 07:00:00+00:00
[2025-10-20T14:52:49.800+0000] {processor.py:208} INFO - Processing /opt/airflow/dags/driven_data_pipeline.py took 0.083 seconds
[2025-10-20T14:56:32.836+0000] {processor.py:186} INFO - Started process (PID=5031) to work on /opt/airflow/dags/driven_data_pipeline.py
[2025-10-20T14:56:32.838+0000] {processor.py:914} INFO - Processing file /opt/airflow/dags/driven_data_pipeline.py for tasks to queue
[2025-10-20T14:56:32.839+0000] {logging_mixin.py:190} INFO - [2025-10-20T14:56:32.838+0000] {dagbag.py:588} INFO - Filling up the DagBag from /opt/airflow/dags/driven_data_pipeline.py
[2025-10-20T14:56:32.928+0000] {processor.py:925} INFO - DAG(s) 'extract_raw_data_pipeline' retrieved from /opt/airflow/dags/driven_data_pipeline.py
[2025-10-20T14:56:32.943+0000] {logging_mixin.py:190} INFO - [2025-10-20T14:56:32.943+0000] {dag.py:3239} INFO - Sync 1 DAGs
[2025-10-20T14:56:32.953+0000] {logging_mixin.py:190} INFO - [2025-10-20T14:56:32.953+0000] {dag.py:4180} INFO - Setting next_dagrun for extract_raw_data_pipeline to 2025-10-20 07:59:00+00:00, run_after=2025-10-21 07:00:00+00:00
[2025-10-20T14:56:32.960+0000] {processor.py:208} INFO - Processing /opt/airflow/dags/driven_data_pipeline.py took 0.130 seconds
[2025-10-20T15:12:02.958+0000] {processor.py:186} INFO - Started process (PID=5039) to work on /opt/airflow/dags/driven_data_pipeline.py
[2025-10-20T15:12:02.959+0000] {processor.py:914} INFO - Processing file /opt/airflow/dags/driven_data_pipeline.py for tasks to queue
[2025-10-20T15:12:02.960+0000] {logging_mixin.py:190} INFO - [2025-10-20T15:12:02.960+0000] {dagbag.py:588} INFO - Filling up the DagBag from /opt/airflow/dags/driven_data_pipeline.py
[2025-10-20T15:12:03.027+0000] {processor.py:925} INFO - DAG(s) 'extract_raw_data_pipeline' retrieved from /opt/airflow/dags/driven_data_pipeline.py
[2025-10-20T15:12:03.036+0000] {logging_mixin.py:190} INFO - [2025-10-20T15:12:03.036+0000] {dag.py:3239} INFO - Sync 1 DAGs
[2025-10-20T15:12:03.044+0000] {logging_mixin.py:190} INFO - [2025-10-20T15:12:03.044+0000] {dag.py:4180} INFO - Setting next_dagrun for extract_raw_data_pipeline to 2025-10-20 07:59:00+00:00, run_after=2025-10-21 07:00:00+00:00
[2025-10-20T15:12:03.050+0000] {processor.py:208} INFO - Processing /opt/airflow/dags/driven_data_pipeline.py took 0.096 seconds
[2025-10-20T15:14:37.652+0000] {processor.py:186} INFO - Started process (PID=5047) to work on /opt/airflow/dags/driven_data_pipeline.py
[2025-10-20T15:14:37.653+0000] {processor.py:914} INFO - Processing file /opt/airflow/dags/driven_data_pipeline.py for tasks to queue
[2025-10-20T15:14:37.655+0000] {logging_mixin.py:190} INFO - [2025-10-20T15:14:37.654+0000] {dagbag.py:588} INFO - Filling up the DagBag from /opt/airflow/dags/driven_data_pipeline.py
[2025-10-20T15:14:37.786+0000] {processor.py:925} INFO - DAG(s) 'extract_raw_data_pipeline' retrieved from /opt/airflow/dags/driven_data_pipeline.py
[2025-10-20T15:14:37.804+0000] {logging_mixin.py:190} INFO - [2025-10-20T15:14:37.804+0000] {dag.py:3239} INFO - Sync 1 DAGs
[2025-10-20T15:14:37.819+0000] {logging_mixin.py:190} INFO - [2025-10-20T15:14:37.819+0000] {dag.py:4180} INFO - Setting next_dagrun for extract_raw_data_pipeline to 2025-10-20 07:59:00+00:00, run_after=2025-10-21 07:00:00+00:00
[2025-10-20T15:14:37.827+0000] {processor.py:208} INFO - Processing /opt/airflow/dags/driven_data_pipeline.py took 0.184 seconds
[2025-10-20T15:15:07.899+0000] {processor.py:186} INFO - Started process (PID=5055) to work on /opt/airflow/dags/driven_data_pipeline.py
[2025-10-20T15:15:07.900+0000] {processor.py:914} INFO - Processing file /opt/airflow/dags/driven_data_pipeline.py for tasks to queue
[2025-10-20T15:15:07.901+0000] {logging_mixin.py:190} INFO - [2025-10-20T15:15:07.901+0000] {dagbag.py:588} INFO - Filling up the DagBag from /opt/airflow/dags/driven_data_pipeline.py
[2025-10-20T15:15:07.974+0000] {processor.py:925} INFO - DAG(s) 'extract_raw_data_pipeline' retrieved from /opt/airflow/dags/driven_data_pipeline.py
[2025-10-20T15:15:07.987+0000] {logging_mixin.py:190} INFO - [2025-10-20T15:15:07.987+0000] {dag.py:3239} INFO - Sync 1 DAGs
[2025-10-20T15:15:07.999+0000] {logging_mixin.py:190} INFO - [2025-10-20T15:15:07.999+0000] {dag.py:4180} INFO - Setting next_dagrun for extract_raw_data_pipeline to 2025-10-20 07:59:00+00:00, run_after=2025-10-21 07:00:00+00:00
[2025-10-20T15:15:08.005+0000] {processor.py:208} INFO - Processing /opt/airflow/dags/driven_data_pipeline.py took 0.111 seconds
[2025-10-20T15:15:38.205+0000] {processor.py:186} INFO - Started process (PID=5063) to work on /opt/airflow/dags/driven_data_pipeline.py
[2025-10-20T15:15:38.206+0000] {processor.py:914} INFO - Processing file /opt/airflow/dags/driven_data_pipeline.py for tasks to queue
[2025-10-20T15:15:38.207+0000] {logging_mixin.py:190} INFO - [2025-10-20T15:15:38.207+0000] {dagbag.py:588} INFO - Filling up the DagBag from /opt/airflow/dags/driven_data_pipeline.py
[2025-10-20T15:15:38.283+0000] {processor.py:925} INFO - DAG(s) 'extract_raw_data_pipeline' retrieved from /opt/airflow/dags/driven_data_pipeline.py
[2025-10-20T15:15:38.294+0000] {logging_mixin.py:190} INFO - [2025-10-20T15:15:38.294+0000] {dag.py:3239} INFO - Sync 1 DAGs
[2025-10-20T15:15:38.302+0000] {logging_mixin.py:190} INFO - [2025-10-20T15:15:38.302+0000] {dag.py:4180} INFO - Setting next_dagrun for extract_raw_data_pipeline to 2025-10-20 07:59:00+00:00, run_after=2025-10-21 07:00:00+00:00
[2025-10-20T15:15:38.308+0000] {processor.py:208} INFO - Processing /opt/airflow/dags/driven_data_pipeline.py took 0.108 seconds
[2025-10-20T15:16:08.595+0000] {processor.py:186} INFO - Started process (PID=5071) to work on /opt/airflow/dags/driven_data_pipeline.py
[2025-10-20T15:16:08.596+0000] {processor.py:914} INFO - Processing file /opt/airflow/dags/driven_data_pipeline.py for tasks to queue
[2025-10-20T15:16:08.597+0000] {logging_mixin.py:190} INFO - [2025-10-20T15:16:08.597+0000] {dagbag.py:588} INFO - Filling up the DagBag from /opt/airflow/dags/driven_data_pipeline.py
[2025-10-20T15:16:08.672+0000] {processor.py:925} INFO - DAG(s) 'extract_raw_data_pipeline' retrieved from /opt/airflow/dags/driven_data_pipeline.py
[2025-10-20T15:16:08.683+0000] {logging_mixin.py:190} INFO - [2025-10-20T15:16:08.683+0000] {dag.py:3239} INFO - Sync 1 DAGs
[2025-10-20T15:16:08.691+0000] {logging_mixin.py:190} INFO - [2025-10-20T15:16:08.691+0000] {dag.py:4180} INFO - Setting next_dagrun for extract_raw_data_pipeline to 2025-10-20 07:59:00+00:00, run_after=2025-10-21 07:00:00+00:00
[2025-10-20T15:16:08.697+0000] {processor.py:208} INFO - Processing /opt/airflow/dags/driven_data_pipeline.py took 0.108 seconds
[2025-10-20T15:16:38.903+0000] {processor.py:186} INFO - Started process (PID=5079) to work on /opt/airflow/dags/driven_data_pipeline.py
[2025-10-20T15:16:38.905+0000] {processor.py:914} INFO - Processing file /opt/airflow/dags/driven_data_pipeline.py for tasks to queue
[2025-10-20T15:16:38.906+0000] {logging_mixin.py:190} INFO - [2025-10-20T15:16:38.905+0000] {dagbag.py:588} INFO - Filling up the DagBag from /opt/airflow/dags/driven_data_pipeline.py
[2025-10-20T15:16:38.977+0000] {processor.py:925} INFO - DAG(s) 'extract_raw_data_pipeline' retrieved from /opt/airflow/dags/driven_data_pipeline.py
[2025-10-20T15:16:38.987+0000] {logging_mixin.py:190} INFO - [2025-10-20T15:16:38.987+0000] {dag.py:3239} INFO - Sync 1 DAGs
[2025-10-20T15:16:38.996+0000] {logging_mixin.py:190} INFO - [2025-10-20T15:16:38.996+0000] {dag.py:4180} INFO - Setting next_dagrun for extract_raw_data_pipeline to 2025-10-20 07:59:00+00:00, run_after=2025-10-21 07:00:00+00:00
[2025-10-20T15:16:39.098+0000] {processor.py:208} INFO - Processing /opt/airflow/dags/driven_data_pipeline.py took 0.201 seconds
[2025-10-20T15:17:09.326+0000] {processor.py:186} INFO - Started process (PID=5087) to work on /opt/airflow/dags/driven_data_pipeline.py
[2025-10-20T15:17:09.327+0000] {processor.py:914} INFO - Processing file /opt/airflow/dags/driven_data_pipeline.py for tasks to queue
[2025-10-20T15:17:09.328+0000] {logging_mixin.py:190} INFO - [2025-10-20T15:17:09.327+0000] {dagbag.py:588} INFO - Filling up the DagBag from /opt/airflow/dags/driven_data_pipeline.py
[2025-10-20T15:17:09.397+0000] {processor.py:925} INFO - DAG(s) 'extract_raw_data_pipeline' retrieved from /opt/airflow/dags/driven_data_pipeline.py
[2025-10-20T15:17:09.408+0000] {logging_mixin.py:190} INFO - [2025-10-20T15:17:09.408+0000] {dag.py:3239} INFO - Sync 1 DAGs
[2025-10-20T15:17:09.416+0000] {logging_mixin.py:190} INFO - [2025-10-20T15:17:09.416+0000] {dag.py:4180} INFO - Setting next_dagrun for extract_raw_data_pipeline to 2025-10-20 07:59:00+00:00, run_after=2025-10-21 07:00:00+00:00
[2025-10-20T15:17:09.421+0000] {processor.py:208} INFO - Processing /opt/airflow/dags/driven_data_pipeline.py took 0.101 seconds
[2025-10-20T15:17:39.721+0000] {processor.py:186} INFO - Started process (PID=5095) to work on /opt/airflow/dags/driven_data_pipeline.py
[2025-10-20T15:17:39.723+0000] {processor.py:914} INFO - Processing file /opt/airflow/dags/driven_data_pipeline.py for tasks to queue
[2025-10-20T15:17:39.724+0000] {logging_mixin.py:190} INFO - [2025-10-20T15:17:39.723+0000] {dagbag.py:588} INFO - Filling up the DagBag from /opt/airflow/dags/driven_data_pipeline.py
[2025-10-20T15:17:39.794+0000] {processor.py:925} INFO - DAG(s) 'extract_raw_data_pipeline' retrieved from /opt/airflow/dags/driven_data_pipeline.py
[2025-10-20T15:17:39.804+0000] {logging_mixin.py:190} INFO - [2025-10-20T15:17:39.804+0000] {dag.py:3239} INFO - Sync 1 DAGs
[2025-10-20T15:17:39.812+0000] {logging_mixin.py:190} INFO - [2025-10-20T15:17:39.812+0000] {dag.py:4180} INFO - Setting next_dagrun for extract_raw_data_pipeline to 2025-10-20 07:59:00+00:00, run_after=2025-10-21 07:00:00+00:00
[2025-10-20T15:17:39.818+0000] {processor.py:208} INFO - Processing /opt/airflow/dags/driven_data_pipeline.py took 0.101 seconds
[2025-10-20T15:18:10.012+0000] {processor.py:186} INFO - Started process (PID=5103) to work on /opt/airflow/dags/driven_data_pipeline.py
[2025-10-20T15:18:10.013+0000] {processor.py:914} INFO - Processing file /opt/airflow/dags/driven_data_pipeline.py for tasks to queue
[2025-10-20T15:18:10.013+0000] {logging_mixin.py:190} INFO - [2025-10-20T15:18:10.013+0000] {dagbag.py:588} INFO - Filling up the DagBag from /opt/airflow/dags/driven_data_pipeline.py
[2025-10-20T15:18:10.074+0000] {processor.py:925} INFO - DAG(s) 'extract_raw_data_pipeline' retrieved from /opt/airflow/dags/driven_data_pipeline.py
[2025-10-20T15:18:10.083+0000] {logging_mixin.py:190} INFO - [2025-10-20T15:18:10.083+0000] {dag.py:3239} INFO - Sync 1 DAGs
[2025-10-20T15:18:10.091+0000] {logging_mixin.py:190} INFO - [2025-10-20T15:18:10.091+0000] {dag.py:4180} INFO - Setting next_dagrun for extract_raw_data_pipeline to 2025-10-20 07:59:00+00:00, run_after=2025-10-21 07:00:00+00:00
[2025-10-20T15:18:10.097+0000] {processor.py:208} INFO - Processing /opt/airflow/dags/driven_data_pipeline.py took 0.088 seconds
[2025-10-20T15:18:40.446+0000] {processor.py:186} INFO - Started process (PID=5111) to work on /opt/airflow/dags/driven_data_pipeline.py
[2025-10-20T15:18:40.447+0000] {processor.py:914} INFO - Processing file /opt/airflow/dags/driven_data_pipeline.py for tasks to queue
[2025-10-20T15:18:40.448+0000] {logging_mixin.py:190} INFO - [2025-10-20T15:18:40.448+0000] {dagbag.py:588} INFO - Filling up the DagBag from /opt/airflow/dags/driven_data_pipeline.py
[2025-10-20T15:18:40.519+0000] {processor.py:925} INFO - DAG(s) 'extract_raw_data_pipeline' retrieved from /opt/airflow/dags/driven_data_pipeline.py
[2025-10-20T15:18:40.529+0000] {logging_mixin.py:190} INFO - [2025-10-20T15:18:40.529+0000] {dag.py:3239} INFO - Sync 1 DAGs
[2025-10-20T15:18:40.537+0000] {logging_mixin.py:190} INFO - [2025-10-20T15:18:40.537+0000] {dag.py:4180} INFO - Setting next_dagrun for extract_raw_data_pipeline to 2025-10-20 07:59:00+00:00, run_after=2025-10-21 07:00:00+00:00
[2025-10-20T15:18:40.608+0000] {processor.py:208} INFO - Processing /opt/airflow/dags/driven_data_pipeline.py took 0.167 seconds
[2025-10-20T15:19:10.740+0000] {processor.py:186} INFO - Started process (PID=5119) to work on /opt/airflow/dags/driven_data_pipeline.py
[2025-10-20T15:19:10.741+0000] {processor.py:914} INFO - Processing file /opt/airflow/dags/driven_data_pipeline.py for tasks to queue
[2025-10-20T15:19:10.743+0000] {logging_mixin.py:190} INFO - [2025-10-20T15:19:10.742+0000] {dagbag.py:588} INFO - Filling up the DagBag from /opt/airflow/dags/driven_data_pipeline.py
[2025-10-20T15:19:10.812+0000] {processor.py:925} INFO - DAG(s) 'extract_raw_data_pipeline' retrieved from /opt/airflow/dags/driven_data_pipeline.py
[2025-10-20T15:19:10.822+0000] {logging_mixin.py:190} INFO - [2025-10-20T15:19:10.822+0000] {dag.py:3239} INFO - Sync 1 DAGs
[2025-10-20T15:19:10.899+0000] {logging_mixin.py:190} INFO - [2025-10-20T15:19:10.899+0000] {dag.py:4180} INFO - Setting next_dagrun for extract_raw_data_pipeline to 2025-10-20 07:59:00+00:00, run_after=2025-10-21 07:00:00+00:00
[2025-10-20T15:19:10.905+0000] {processor.py:208} INFO - Processing /opt/airflow/dags/driven_data_pipeline.py took 0.171 seconds
[2025-10-20T15:19:41.196+0000] {processor.py:186} INFO - Started process (PID=5127) to work on /opt/airflow/dags/driven_data_pipeline.py
[2025-10-20T15:19:41.197+0000] {processor.py:914} INFO - Processing file /opt/airflow/dags/driven_data_pipeline.py for tasks to queue
[2025-10-20T15:19:41.198+0000] {logging_mixin.py:190} INFO - [2025-10-20T15:19:41.197+0000] {dagbag.py:588} INFO - Filling up the DagBag from /opt/airflow/dags/driven_data_pipeline.py
[2025-10-20T15:19:41.267+0000] {processor.py:925} INFO - DAG(s) 'extract_raw_data_pipeline' retrieved from /opt/airflow/dags/driven_data_pipeline.py
[2025-10-20T15:19:41.277+0000] {logging_mixin.py:190} INFO - [2025-10-20T15:19:41.276+0000] {dag.py:3239} INFO - Sync 1 DAGs
[2025-10-20T15:19:41.284+0000] {logging_mixin.py:190} INFO - [2025-10-20T15:19:41.284+0000] {dag.py:4180} INFO - Setting next_dagrun for extract_raw_data_pipeline to 2025-10-20 07:59:00+00:00, run_after=2025-10-21 07:00:00+00:00
[2025-10-20T15:19:41.290+0000] {processor.py:208} INFO - Processing /opt/airflow/dags/driven_data_pipeline.py took 0.098 seconds
[2025-10-20T15:20:11.542+0000] {processor.py:186} INFO - Started process (PID=5135) to work on /opt/airflow/dags/driven_data_pipeline.py
[2025-10-20T15:20:11.544+0000] {processor.py:914} INFO - Processing file /opt/airflow/dags/driven_data_pipeline.py for tasks to queue
[2025-10-20T15:20:11.545+0000] {logging_mixin.py:190} INFO - [2025-10-20T15:20:11.545+0000] {dagbag.py:588} INFO - Filling up the DagBag from /opt/airflow/dags/driven_data_pipeline.py
[2025-10-20T15:20:11.618+0000] {processor.py:925} INFO - DAG(s) 'extract_raw_data_pipeline' retrieved from /opt/airflow/dags/driven_data_pipeline.py
[2025-10-20T15:20:11.628+0000] {logging_mixin.py:190} INFO - [2025-10-20T15:20:11.628+0000] {dag.py:3239} INFO - Sync 1 DAGs
[2025-10-20T15:20:11.636+0000] {logging_mixin.py:190} INFO - [2025-10-20T15:20:11.636+0000] {dag.py:4180} INFO - Setting next_dagrun for extract_raw_data_pipeline to 2025-10-20 07:59:00+00:00, run_after=2025-10-21 07:00:00+00:00
[2025-10-20T15:20:11.641+0000] {processor.py:208} INFO - Processing /opt/airflow/dags/driven_data_pipeline.py took 0.105 seconds
[2025-10-20T15:20:41.936+0000] {processor.py:186} INFO - Started process (PID=5143) to work on /opt/airflow/dags/driven_data_pipeline.py
[2025-10-20T15:20:41.938+0000] {processor.py:914} INFO - Processing file /opt/airflow/dags/driven_data_pipeline.py for tasks to queue
[2025-10-20T15:20:41.939+0000] {logging_mixin.py:190} INFO - [2025-10-20T15:20:41.939+0000] {dagbag.py:588} INFO - Filling up the DagBag from /opt/airflow/dags/driven_data_pipeline.py
[2025-10-20T15:20:42.009+0000] {processor.py:925} INFO - DAG(s) 'extract_raw_data_pipeline' retrieved from /opt/airflow/dags/driven_data_pipeline.py
[2025-10-20T15:20:42.020+0000] {logging_mixin.py:190} INFO - [2025-10-20T15:20:42.019+0000] {dag.py:3239} INFO - Sync 1 DAGs
[2025-10-20T15:20:42.029+0000] {logging_mixin.py:190} INFO - [2025-10-20T15:20:42.028+0000] {dag.py:4180} INFO - Setting next_dagrun for extract_raw_data_pipeline to 2025-10-20 07:59:00+00:00, run_after=2025-10-21 07:00:00+00:00
[2025-10-20T15:20:42.112+0000] {processor.py:208} INFO - Processing /opt/airflow/dags/driven_data_pipeline.py took 0.182 seconds
[2025-10-20T15:21:12.280+0000] {processor.py:186} INFO - Started process (PID=5151) to work on /opt/airflow/dags/driven_data_pipeline.py
[2025-10-20T15:21:12.282+0000] {processor.py:914} INFO - Processing file /opt/airflow/dags/driven_data_pipeline.py for tasks to queue
[2025-10-20T15:21:12.283+0000] {logging_mixin.py:190} INFO - [2025-10-20T15:21:12.283+0000] {dagbag.py:588} INFO - Filling up the DagBag from /opt/airflow/dags/driven_data_pipeline.py
[2025-10-20T15:21:12.370+0000] {processor.py:925} INFO - DAG(s) 'extract_raw_data_pipeline' retrieved from /opt/airflow/dags/driven_data_pipeline.py
[2025-10-20T15:21:12.382+0000] {logging_mixin.py:190} INFO - [2025-10-20T15:21:12.382+0000] {dag.py:3239} INFO - Sync 1 DAGs
[2025-10-20T15:21:12.466+0000] {logging_mixin.py:190} INFO - [2025-10-20T15:21:12.466+0000] {dag.py:4180} INFO - Setting next_dagrun for extract_raw_data_pipeline to 2025-10-20 07:59:00+00:00, run_after=2025-10-21 07:00:00+00:00
[2025-10-20T15:21:12.471+0000] {processor.py:208} INFO - Processing /opt/airflow/dags/driven_data_pipeline.py took 0.201 seconds
[2025-10-20T15:21:42.732+0000] {processor.py:186} INFO - Started process (PID=5159) to work on /opt/airflow/dags/driven_data_pipeline.py
[2025-10-20T15:21:42.732+0000] {processor.py:914} INFO - Processing file /opt/airflow/dags/driven_data_pipeline.py for tasks to queue
[2025-10-20T15:21:42.733+0000] {logging_mixin.py:190} INFO - [2025-10-20T15:21:42.733+0000] {dagbag.py:588} INFO - Filling up the DagBag from /opt/airflow/dags/driven_data_pipeline.py
[2025-10-20T15:21:42.814+0000] {processor.py:925} INFO - DAG(s) 'extract_raw_data_pipeline' retrieved from /opt/airflow/dags/driven_data_pipeline.py
[2025-10-20T15:21:42.961+0000] {logging_mixin.py:190} INFO - [2025-10-20T15:21:42.961+0000] {dag.py:3239} INFO - Sync 1 DAGs
[2025-10-20T15:21:42.975+0000] {logging_mixin.py:190} INFO - [2025-10-20T15:21:42.975+0000] {dag.py:4180} INFO - Setting next_dagrun for extract_raw_data_pipeline to 2025-10-20 07:59:00+00:00, run_after=2025-10-21 07:00:00+00:00
[2025-10-20T15:21:42.987+0000] {processor.py:208} INFO - Processing /opt/airflow/dags/driven_data_pipeline.py took 0.258 seconds
[2025-10-20T15:22:13.053+0000] {processor.py:186} INFO - Started process (PID=5167) to work on /opt/airflow/dags/driven_data_pipeline.py
[2025-10-20T15:22:13.055+0000] {processor.py:914} INFO - Processing file /opt/airflow/dags/driven_data_pipeline.py for tasks to queue
[2025-10-20T15:22:13.056+0000] {logging_mixin.py:190} INFO - [2025-10-20T15:22:13.056+0000] {dagbag.py:588} INFO - Filling up the DagBag from /opt/airflow/dags/driven_data_pipeline.py
[2025-10-20T15:22:13.125+0000] {processor.py:925} INFO - DAG(s) 'extract_raw_data_pipeline' retrieved from /opt/airflow/dags/driven_data_pipeline.py
[2025-10-20T15:22:13.135+0000] {logging_mixin.py:190} INFO - [2025-10-20T15:22:13.135+0000] {dag.py:3239} INFO - Sync 1 DAGs
[2025-10-20T15:22:13.143+0000] {logging_mixin.py:190} INFO - [2025-10-20T15:22:13.143+0000] {dag.py:4180} INFO - Setting next_dagrun for extract_raw_data_pipeline to 2025-10-20 07:59:00+00:00, run_after=2025-10-21 07:00:00+00:00
[2025-10-20T15:22:13.148+0000] {processor.py:208} INFO - Processing /opt/airflow/dags/driven_data_pipeline.py took 0.101 seconds
[2025-10-20T15:22:43.386+0000] {processor.py:186} INFO - Started process (PID=5175) to work on /opt/airflow/dags/driven_data_pipeline.py
[2025-10-20T15:22:43.387+0000] {processor.py:914} INFO - Processing file /opt/airflow/dags/driven_data_pipeline.py for tasks to queue
[2025-10-20T15:22:43.388+0000] {logging_mixin.py:190} INFO - [2025-10-20T15:22:43.387+0000] {dagbag.py:588} INFO - Filling up the DagBag from /opt/airflow/dags/driven_data_pipeline.py
[2025-10-20T15:22:43.460+0000] {processor.py:925} INFO - DAG(s) 'extract_raw_data_pipeline' retrieved from /opt/airflow/dags/driven_data_pipeline.py
[2025-10-20T15:22:43.469+0000] {logging_mixin.py:190} INFO - [2025-10-20T15:22:43.469+0000] {dag.py:3239} INFO - Sync 1 DAGs
[2025-10-20T15:22:43.477+0000] {logging_mixin.py:190} INFO - [2025-10-20T15:22:43.477+0000] {dag.py:4180} INFO - Setting next_dagrun for extract_raw_data_pipeline to 2025-10-20 07:59:00+00:00, run_after=2025-10-21 07:00:00+00:00
[2025-10-20T15:22:43.483+0000] {processor.py:208} INFO - Processing /opt/airflow/dags/driven_data_pipeline.py took 0.103 seconds
[2025-10-20T15:23:13.799+0000] {processor.py:186} INFO - Started process (PID=5183) to work on /opt/airflow/dags/driven_data_pipeline.py
[2025-10-20T15:23:13.800+0000] {processor.py:914} INFO - Processing file /opt/airflow/dags/driven_data_pipeline.py for tasks to queue
[2025-10-20T15:23:13.801+0000] {logging_mixin.py:190} INFO - [2025-10-20T15:23:13.801+0000] {dagbag.py:588} INFO - Filling up the DagBag from /opt/airflow/dags/driven_data_pipeline.py
[2025-10-20T15:23:13.872+0000] {processor.py:925} INFO - DAG(s) 'extract_raw_data_pipeline' retrieved from /opt/airflow/dags/driven_data_pipeline.py
[2025-10-20T15:23:13.881+0000] {logging_mixin.py:190} INFO - [2025-10-20T15:23:13.881+0000] {dag.py:3239} INFO - Sync 1 DAGs
[2025-10-20T15:23:13.963+0000] {logging_mixin.py:190} INFO - [2025-10-20T15:23:13.963+0000] {dag.py:4180} INFO - Setting next_dagrun for extract_raw_data_pipeline to 2025-10-20 07:59:00+00:00, run_after=2025-10-21 07:00:00+00:00
[2025-10-20T15:23:13.969+0000] {processor.py:208} INFO - Processing /opt/airflow/dags/driven_data_pipeline.py took 0.175 seconds
[2025-10-20T15:23:44.137+0000] {processor.py:186} INFO - Started process (PID=5191) to work on /opt/airflow/dags/driven_data_pipeline.py
[2025-10-20T15:23:44.138+0000] {processor.py:914} INFO - Processing file /opt/airflow/dags/driven_data_pipeline.py for tasks to queue
[2025-10-20T15:23:44.139+0000] {logging_mixin.py:190} INFO - [2025-10-20T15:23:44.139+0000] {dagbag.py:588} INFO - Filling up the DagBag from /opt/airflow/dags/driven_data_pipeline.py
[2025-10-20T15:23:44.210+0000] {processor.py:925} INFO - DAG(s) 'extract_raw_data_pipeline' retrieved from /opt/airflow/dags/driven_data_pipeline.py
[2025-10-20T15:23:44.291+0000] {logging_mixin.py:190} INFO - [2025-10-20T15:23:44.291+0000] {dag.py:3239} INFO - Sync 1 DAGs
[2025-10-20T15:23:44.298+0000] {logging_mixin.py:190} INFO - [2025-10-20T15:23:44.298+0000] {dag.py:4180} INFO - Setting next_dagrun for extract_raw_data_pipeline to 2025-10-20 07:59:00+00:00, run_after=2025-10-21 07:00:00+00:00
[2025-10-20T15:23:44.304+0000] {processor.py:208} INFO - Processing /opt/airflow/dags/driven_data_pipeline.py took 0.172 seconds
[2025-10-20T15:24:14.588+0000] {processor.py:186} INFO - Started process (PID=5199) to work on /opt/airflow/dags/driven_data_pipeline.py
[2025-10-20T15:24:14.589+0000] {processor.py:914} INFO - Processing file /opt/airflow/dags/driven_data_pipeline.py for tasks to queue
[2025-10-20T15:24:14.590+0000] {logging_mixin.py:190} INFO - [2025-10-20T15:24:14.590+0000] {dagbag.py:588} INFO - Filling up the DagBag from /opt/airflow/dags/driven_data_pipeline.py
[2025-10-20T15:24:14.661+0000] {processor.py:925} INFO - DAG(s) 'extract_raw_data_pipeline' retrieved from /opt/airflow/dags/driven_data_pipeline.py
[2025-10-20T15:24:14.671+0000] {logging_mixin.py:190} INFO - [2025-10-20T15:24:14.671+0000] {dag.py:3239} INFO - Sync 1 DAGs
[2025-10-20T15:24:14.679+0000] {logging_mixin.py:190} INFO - [2025-10-20T15:24:14.679+0000] {dag.py:4180} INFO - Setting next_dagrun for extract_raw_data_pipeline to 2025-10-20 07:59:00+00:00, run_after=2025-10-21 07:00:00+00:00
[2025-10-20T15:24:14.684+0000] {processor.py:208} INFO - Processing /opt/airflow/dags/driven_data_pipeline.py took 0.102 seconds
[2025-10-20T15:24:44.925+0000] {processor.py:186} INFO - Started process (PID=5207) to work on /opt/airflow/dags/driven_data_pipeline.py
[2025-10-20T15:24:44.927+0000] {processor.py:914} INFO - Processing file /opt/airflow/dags/driven_data_pipeline.py for tasks to queue
[2025-10-20T15:24:44.928+0000] {logging_mixin.py:190} INFO - [2025-10-20T15:24:44.928+0000] {dagbag.py:588} INFO - Filling up the DagBag from /opt/airflow/dags/driven_data_pipeline.py
[2025-10-20T15:24:44.999+0000] {processor.py:925} INFO - DAG(s) 'extract_raw_data_pipeline' retrieved from /opt/airflow/dags/driven_data_pipeline.py
[2025-10-20T15:24:45.007+0000] {logging_mixin.py:190} INFO - [2025-10-20T15:24:45.007+0000] {dag.py:3239} INFO - Sync 1 DAGs
[2025-10-20T15:24:45.015+0000] {logging_mixin.py:190} INFO - [2025-10-20T15:24:45.015+0000] {dag.py:4180} INFO - Setting next_dagrun for extract_raw_data_pipeline to 2025-10-20 07:59:00+00:00, run_after=2025-10-21 07:00:00+00:00
[2025-10-20T15:24:45.021+0000] {processor.py:208} INFO - Processing /opt/airflow/dags/driven_data_pipeline.py took 0.101 seconds
[2025-10-20T15:25:15.312+0000] {processor.py:186} INFO - Started process (PID=5215) to work on /opt/airflow/dags/driven_data_pipeline.py
[2025-10-20T15:25:15.313+0000] {processor.py:914} INFO - Processing file /opt/airflow/dags/driven_data_pipeline.py for tasks to queue
[2025-10-20T15:25:15.314+0000] {logging_mixin.py:190} INFO - [2025-10-20T15:25:15.314+0000] {dagbag.py:588} INFO - Filling up the DagBag from /opt/airflow/dags/driven_data_pipeline.py
[2025-10-20T15:25:15.391+0000] {processor.py:925} INFO - DAG(s) 'extract_raw_data_pipeline' retrieved from /opt/airflow/dags/driven_data_pipeline.py
[2025-10-20T15:25:15.402+0000] {logging_mixin.py:190} INFO - [2025-10-20T15:25:15.402+0000] {dag.py:3239} INFO - Sync 1 DAGs
[2025-10-20T15:25:15.496+0000] {logging_mixin.py:190} INFO - [2025-10-20T15:25:15.495+0000] {dag.py:4180} INFO - Setting next_dagrun for extract_raw_data_pipeline to 2025-10-20 07:59:00+00:00, run_after=2025-10-21 07:00:00+00:00
[2025-10-20T15:25:15.502+0000] {processor.py:208} INFO - Processing /opt/airflow/dags/driven_data_pipeline.py took 0.196 seconds
[2025-10-20T15:25:45.695+0000] {processor.py:186} INFO - Started process (PID=5223) to work on /opt/airflow/dags/driven_data_pipeline.py
[2025-10-20T15:25:45.697+0000] {processor.py:914} INFO - Processing file /opt/airflow/dags/driven_data_pipeline.py for tasks to queue
[2025-10-20T15:25:45.698+0000] {logging_mixin.py:190} INFO - [2025-10-20T15:25:45.697+0000] {dagbag.py:588} INFO - Filling up the DagBag from /opt/airflow/dags/driven_data_pipeline.py
[2025-10-20T15:25:45.768+0000] {processor.py:925} INFO - DAG(s) 'extract_raw_data_pipeline' retrieved from /opt/airflow/dags/driven_data_pipeline.py
[2025-10-20T15:25:45.843+0000] {logging_mixin.py:190} INFO - [2025-10-20T15:25:45.842+0000] {dag.py:3239} INFO - Sync 1 DAGs
[2025-10-20T15:25:45.849+0000] {logging_mixin.py:190} INFO - [2025-10-20T15:25:45.849+0000] {dag.py:4180} INFO - Setting next_dagrun for extract_raw_data_pipeline to 2025-10-20 07:59:00+00:00, run_after=2025-10-21 07:00:00+00:00
[2025-10-20T15:25:45.855+0000] {processor.py:208} INFO - Processing /opt/airflow/dags/driven_data_pipeline.py took 0.165 seconds
[2025-10-20T15:26:16.088+0000] {processor.py:186} INFO - Started process (PID=5231) to work on /opt/airflow/dags/driven_data_pipeline.py
[2025-10-20T15:26:16.090+0000] {processor.py:914} INFO - Processing file /opt/airflow/dags/driven_data_pipeline.py for tasks to queue
[2025-10-20T15:26:16.091+0000] {logging_mixin.py:190} INFO - [2025-10-20T15:26:16.090+0000] {dagbag.py:588} INFO - Filling up the DagBag from /opt/airflow/dags/driven_data_pipeline.py
[2025-10-20T15:26:16.164+0000] {processor.py:925} INFO - DAG(s) 'extract_raw_data_pipeline' retrieved from /opt/airflow/dags/driven_data_pipeline.py
[2025-10-20T15:26:16.173+0000] {logging_mixin.py:190} INFO - [2025-10-20T15:26:16.173+0000] {dag.py:3239} INFO - Sync 1 DAGs
[2025-10-20T15:26:16.181+0000] {logging_mixin.py:190} INFO - [2025-10-20T15:26:16.181+0000] {dag.py:4180} INFO - Setting next_dagrun for extract_raw_data_pipeline to 2025-10-20 07:59:00+00:00, run_after=2025-10-21 07:00:00+00:00
[2025-10-20T15:26:16.187+0000] {processor.py:208} INFO - Processing /opt/airflow/dags/driven_data_pipeline.py took 0.104 seconds
[2025-10-20T15:26:46.455+0000] {processor.py:186} INFO - Started process (PID=5239) to work on /opt/airflow/dags/driven_data_pipeline.py
[2025-10-20T15:26:46.457+0000] {processor.py:914} INFO - Processing file /opt/airflow/dags/driven_data_pipeline.py for tasks to queue
[2025-10-20T15:26:46.458+0000] {logging_mixin.py:190} INFO - [2025-10-20T15:26:46.458+0000] {dagbag.py:588} INFO - Filling up the DagBag from /opt/airflow/dags/driven_data_pipeline.py
[2025-10-20T15:26:46.533+0000] {processor.py:925} INFO - DAG(s) 'extract_raw_data_pipeline' retrieved from /opt/airflow/dags/driven_data_pipeline.py
[2025-10-20T15:26:46.542+0000] {logging_mixin.py:190} INFO - [2025-10-20T15:26:46.542+0000] {dag.py:3239} INFO - Sync 1 DAGs
[2025-10-20T15:26:46.550+0000] {logging_mixin.py:190} INFO - [2025-10-20T15:26:46.550+0000] {dag.py:4180} INFO - Setting next_dagrun for extract_raw_data_pipeline to 2025-10-20 07:59:00+00:00, run_after=2025-10-21 07:00:00+00:00
[2025-10-20T15:26:46.556+0000] {processor.py:208} INFO - Processing /opt/airflow/dags/driven_data_pipeline.py took 0.108 seconds
[2025-10-20T15:27:16.783+0000] {processor.py:186} INFO - Started process (PID=5247) to work on /opt/airflow/dags/driven_data_pipeline.py
[2025-10-20T15:27:16.784+0000] {processor.py:914} INFO - Processing file /opt/airflow/dags/driven_data_pipeline.py for tasks to queue
[2025-10-20T15:27:16.786+0000] {logging_mixin.py:190} INFO - [2025-10-20T15:27:16.786+0000] {dagbag.py:588} INFO - Filling up the DagBag from /opt/airflow/dags/driven_data_pipeline.py
[2025-10-20T15:27:16.852+0000] {processor.py:925} INFO - DAG(s) 'extract_raw_data_pipeline' retrieved from /opt/airflow/dags/driven_data_pipeline.py
[2025-10-20T15:27:16.862+0000] {logging_mixin.py:190} INFO - [2025-10-20T15:27:16.862+0000] {dag.py:3239} INFO - Sync 1 DAGs
[2025-10-20T15:27:16.945+0000] {logging_mixin.py:190} INFO - [2025-10-20T15:27:16.944+0000] {dag.py:4180} INFO - Setting next_dagrun for extract_raw_data_pipeline to 2025-10-20 07:59:00+00:00, run_after=2025-10-21 07:00:00+00:00
[2025-10-20T15:27:16.950+0000] {processor.py:208} INFO - Processing /opt/airflow/dags/driven_data_pipeline.py took 0.171 seconds
[2025-10-20T15:27:47.094+0000] {processor.py:186} INFO - Started process (PID=5255) to work on /opt/airflow/dags/driven_data_pipeline.py
[2025-10-20T15:27:47.095+0000] {processor.py:914} INFO - Processing file /opt/airflow/dags/driven_data_pipeline.py for tasks to queue
[2025-10-20T15:27:47.096+0000] {logging_mixin.py:190} INFO - [2025-10-20T15:27:47.096+0000] {dagbag.py:588} INFO - Filling up the DagBag from /opt/airflow/dags/driven_data_pipeline.py
[2025-10-20T15:27:47.171+0000] {processor.py:925} INFO - DAG(s) 'extract_raw_data_pipeline' retrieved from /opt/airflow/dags/driven_data_pipeline.py
[2025-10-20T15:27:47.266+0000] {logging_mixin.py:190} INFO - [2025-10-20T15:27:47.266+0000] {dag.py:3239} INFO - Sync 1 DAGs
[2025-10-20T15:27:47.273+0000] {logging_mixin.py:190} INFO - [2025-10-20T15:27:47.273+0000] {dag.py:4180} INFO - Setting next_dagrun for extract_raw_data_pipeline to 2025-10-20 07:59:00+00:00, run_after=2025-10-21 07:00:00+00:00
[2025-10-20T15:27:47.278+0000] {processor.py:208} INFO - Processing /opt/airflow/dags/driven_data_pipeline.py took 0.191 seconds
[2025-10-20T15:28:17.624+0000] {processor.py:186} INFO - Started process (PID=5263) to work on /opt/airflow/dags/driven_data_pipeline.py
[2025-10-20T15:28:17.626+0000] {processor.py:914} INFO - Processing file /opt/airflow/dags/driven_data_pipeline.py for tasks to queue
[2025-10-20T15:28:17.627+0000] {logging_mixin.py:190} INFO - [2025-10-20T15:28:17.626+0000] {dagbag.py:588} INFO - Filling up the DagBag from /opt/airflow/dags/driven_data_pipeline.py
[2025-10-20T15:28:17.697+0000] {processor.py:925} INFO - DAG(s) 'extract_raw_data_pipeline' retrieved from /opt/airflow/dags/driven_data_pipeline.py
[2025-10-20T15:28:17.706+0000] {logging_mixin.py:190} INFO - [2025-10-20T15:28:17.706+0000] {dag.py:3239} INFO - Sync 1 DAGs
[2025-10-20T15:28:17.714+0000] {logging_mixin.py:190} INFO - [2025-10-20T15:28:17.713+0000] {dag.py:4180} INFO - Setting next_dagrun for extract_raw_data_pipeline to 2025-10-20 07:59:00+00:00, run_after=2025-10-21 07:00:00+00:00
[2025-10-20T15:28:17.720+0000] {processor.py:208} INFO - Processing /opt/airflow/dags/driven_data_pipeline.py took 0.100 seconds
[2025-10-20T15:28:47.972+0000] {processor.py:186} INFO - Started process (PID=5271) to work on /opt/airflow/dags/driven_data_pipeline.py
[2025-10-20T15:28:47.972+0000] {processor.py:914} INFO - Processing file /opt/airflow/dags/driven_data_pipeline.py for tasks to queue
[2025-10-20T15:28:47.973+0000] {logging_mixin.py:190} INFO - [2025-10-20T15:28:47.973+0000] {dagbag.py:588} INFO - Filling up the DagBag from /opt/airflow/dags/driven_data_pipeline.py
[2025-10-20T15:28:48.031+0000] {processor.py:925} INFO - DAG(s) 'extract_raw_data_pipeline' retrieved from /opt/airflow/dags/driven_data_pipeline.py
[2025-10-20T15:28:48.041+0000] {logging_mixin.py:190} INFO - [2025-10-20T15:28:48.041+0000] {dag.py:3239} INFO - Sync 1 DAGs
[2025-10-20T15:28:48.049+0000] {logging_mixin.py:190} INFO - [2025-10-20T15:28:48.049+0000] {dag.py:4180} INFO - Setting next_dagrun for extract_raw_data_pipeline to 2025-10-20 07:59:00+00:00, run_after=2025-10-21 07:00:00+00:00
[2025-10-20T15:28:48.056+0000] {processor.py:208} INFO - Processing /opt/airflow/dags/driven_data_pipeline.py took 0.087 seconds
[2025-10-20T15:29:18.312+0000] {processor.py:186} INFO - Started process (PID=5279) to work on /opt/airflow/dags/driven_data_pipeline.py
[2025-10-20T15:29:18.313+0000] {processor.py:914} INFO - Processing file /opt/airflow/dags/driven_data_pipeline.py for tasks to queue
[2025-10-20T15:29:18.313+0000] {logging_mixin.py:190} INFO - [2025-10-20T15:29:18.313+0000] {dagbag.py:588} INFO - Filling up the DagBag from /opt/airflow/dags/driven_data_pipeline.py
[2025-10-20T15:29:18.377+0000] {processor.py:925} INFO - DAG(s) 'extract_raw_data_pipeline' retrieved from /opt/airflow/dags/driven_data_pipeline.py
[2025-10-20T15:29:18.387+0000] {logging_mixin.py:190} INFO - [2025-10-20T15:29:18.387+0000] {dag.py:3239} INFO - Sync 1 DAGs
[2025-10-20T15:29:18.469+0000] {logging_mixin.py:190} INFO - [2025-10-20T15:29:18.469+0000] {dag.py:4180} INFO - Setting next_dagrun for extract_raw_data_pipeline to 2025-10-20 07:59:00+00:00, run_after=2025-10-21 07:00:00+00:00
[2025-10-20T15:29:18.475+0000] {processor.py:208} INFO - Processing /opt/airflow/dags/driven_data_pipeline.py took 0.166 seconds
[2025-10-20T15:29:48.710+0000] {processor.py:186} INFO - Started process (PID=5287) to work on /opt/airflow/dags/driven_data_pipeline.py
[2025-10-20T15:29:48.711+0000] {processor.py:914} INFO - Processing file /opt/airflow/dags/driven_data_pipeline.py for tasks to queue
[2025-10-20T15:29:48.712+0000] {logging_mixin.py:190} INFO - [2025-10-20T15:29:48.712+0000] {dagbag.py:588} INFO - Filling up the DagBag from /opt/airflow/dags/driven_data_pipeline.py
[2025-10-20T15:29:48.786+0000] {processor.py:925} INFO - DAG(s) 'extract_raw_data_pipeline' retrieved from /opt/airflow/dags/driven_data_pipeline.py
[2025-10-20T15:29:48.872+0000] {logging_mixin.py:190} INFO - [2025-10-20T15:29:48.872+0000] {dag.py:3239} INFO - Sync 1 DAGs
[2025-10-20T15:29:48.880+0000] {logging_mixin.py:190} INFO - [2025-10-20T15:29:48.879+0000] {dag.py:4180} INFO - Setting next_dagrun for extract_raw_data_pipeline to 2025-10-20 07:59:00+00:00, run_after=2025-10-21 07:00:00+00:00
[2025-10-20T15:29:48.885+0000] {processor.py:208} INFO - Processing /opt/airflow/dags/driven_data_pipeline.py took 0.181 seconds
