[2025-10-18T17:36:16.404+0000] {processor.py:186} INFO - Started process (PID=402) to work on /opt/airflow/dags/driven_data_pipeline.py
[2025-10-18T17:36:16.405+0000] {processor.py:914} INFO - Processing file /opt/airflow/dags/driven_data_pipeline.py for tasks to queue
[2025-10-18T17:36:16.408+0000] {logging_mixin.py:190} INFO - [2025-10-18T17:36:16.408+0000] {dagbag.py:588} INFO - Filling up the DagBag from /opt/airflow/dags/driven_data_pipeline.py
[2025-10-18T17:36:16.414+0000] {logging_mixin.py:190} INFO - [2025-10-18T17:36:16.412+0000] {dagbag.py:387} ERROR - Failed to import: /opt/airflow/dags/driven_data_pipeline.py
Traceback (most recent call last):
  File "/home/airflow/.local/lib/python3.12/site-packages/airflow/models/dagbag.py", line 383, in parse
    loader.exec_module(new_module)
  File "<frozen importlib._bootstrap_external>", line 995, in exec_module
  File "<frozen importlib._bootstrap>", line 488, in _call_with_frames_removed
  File "/opt/airflow/dags/driven_data_pipeline.py", line 8, in <module>
    dag = DAG(
          ^^^
NameError: name 'DAG' is not defined
[2025-10-18T17:36:16.415+0000] {processor.py:927} WARNING - No viable dags retrieved from /opt/airflow/dags/driven_data_pipeline.py
[2025-10-18T17:36:16.435+0000] {processor.py:208} INFO - Processing /opt/airflow/dags/driven_data_pipeline.py took 0.036 seconds
[2025-10-18T17:36:46.708+0000] {processor.py:186} INFO - Started process (PID=409) to work on /opt/airflow/dags/driven_data_pipeline.py
[2025-10-18T17:36:46.709+0000] {processor.py:914} INFO - Processing file /opt/airflow/dags/driven_data_pipeline.py for tasks to queue
[2025-10-18T17:36:46.711+0000] {logging_mixin.py:190} INFO - [2025-10-18T17:36:46.711+0000] {dagbag.py:588} INFO - Filling up the DagBag from /opt/airflow/dags/driven_data_pipeline.py
[2025-10-18T17:36:46.715+0000] {logging_mixin.py:190} INFO - [2025-10-18T17:36:46.714+0000] {dagbag.py:387} ERROR - Failed to import: /opt/airflow/dags/driven_data_pipeline.py
Traceback (most recent call last):
  File "/home/airflow/.local/lib/python3.12/site-packages/airflow/models/dagbag.py", line 383, in parse
    loader.exec_module(new_module)
  File "<frozen importlib._bootstrap_external>", line 995, in exec_module
  File "<frozen importlib._bootstrap>", line 488, in _call_with_frames_removed
  File "/opt/airflow/dags/driven_data_pipeline.py", line 8, in <module>
    dag = DAG(
          ^^^
NameError: name 'DAG' is not defined
[2025-10-18T17:36:46.716+0000] {processor.py:927} WARNING - No viable dags retrieved from /opt/airflow/dags/driven_data_pipeline.py
[2025-10-18T17:36:46.730+0000] {processor.py:208} INFO - Processing /opt/airflow/dags/driven_data_pipeline.py took 0.028 seconds
[2025-10-18T17:37:17.016+0000] {processor.py:186} INFO - Started process (PID=416) to work on /opt/airflow/dags/driven_data_pipeline.py
[2025-10-18T17:37:17.017+0000] {processor.py:914} INFO - Processing file /opt/airflow/dags/driven_data_pipeline.py for tasks to queue
[2025-10-18T17:37:17.019+0000] {logging_mixin.py:190} INFO - [2025-10-18T17:37:17.019+0000] {dagbag.py:588} INFO - Filling up the DagBag from /opt/airflow/dags/driven_data_pipeline.py
[2025-10-18T17:37:17.024+0000] {logging_mixin.py:190} INFO - [2025-10-18T17:37:17.023+0000] {dagbag.py:387} ERROR - Failed to import: /opt/airflow/dags/driven_data_pipeline.py
Traceback (most recent call last):
  File "/home/airflow/.local/lib/python3.12/site-packages/airflow/models/dagbag.py", line 383, in parse
    loader.exec_module(new_module)
  File "<frozen importlib._bootstrap_external>", line 995, in exec_module
  File "<frozen importlib._bootstrap>", line 488, in _call_with_frames_removed
  File "/opt/airflow/dags/driven_data_pipeline.py", line 8, in <module>
    dag = DAG(
          ^^^
NameError: name 'DAG' is not defined
[2025-10-18T17:37:17.025+0000] {processor.py:927} WARNING - No viable dags retrieved from /opt/airflow/dags/driven_data_pipeline.py
[2025-10-18T17:37:17.043+0000] {processor.py:208} INFO - Processing /opt/airflow/dags/driven_data_pipeline.py took 0.032 seconds
[2025-10-18T17:37:47.316+0000] {processor.py:186} INFO - Started process (PID=423) to work on /opt/airflow/dags/driven_data_pipeline.py
[2025-10-18T17:37:47.317+0000] {processor.py:914} INFO - Processing file /opt/airflow/dags/driven_data_pipeline.py for tasks to queue
[2025-10-18T17:37:47.319+0000] {logging_mixin.py:190} INFO - [2025-10-18T17:37:47.319+0000] {dagbag.py:588} INFO - Filling up the DagBag from /opt/airflow/dags/driven_data_pipeline.py
[2025-10-18T17:37:47.322+0000] {logging_mixin.py:190} INFO - [2025-10-18T17:37:47.321+0000] {dagbag.py:387} ERROR - Failed to import: /opt/airflow/dags/driven_data_pipeline.py
Traceback (most recent call last):
  File "/home/airflow/.local/lib/python3.12/site-packages/airflow/models/dagbag.py", line 383, in parse
    loader.exec_module(new_module)
  File "<frozen importlib._bootstrap_external>", line 995, in exec_module
  File "<frozen importlib._bootstrap>", line 488, in _call_with_frames_removed
  File "/opt/airflow/dags/driven_data_pipeline.py", line 8, in <module>
    dag = DAG(
          ^^^
NameError: name 'DAG' is not defined
[2025-10-18T17:37:47.323+0000] {processor.py:927} WARNING - No viable dags retrieved from /opt/airflow/dags/driven_data_pipeline.py
[2025-10-18T17:37:47.336+0000] {processor.py:208} INFO - Processing /opt/airflow/dags/driven_data_pipeline.py took 0.025 seconds
[2025-10-18T17:38:17.590+0000] {processor.py:186} INFO - Started process (PID=430) to work on /opt/airflow/dags/driven_data_pipeline.py
[2025-10-18T17:38:17.591+0000] {processor.py:914} INFO - Processing file /opt/airflow/dags/driven_data_pipeline.py for tasks to queue
[2025-10-18T17:38:17.593+0000] {logging_mixin.py:190} INFO - [2025-10-18T17:38:17.593+0000] {dagbag.py:588} INFO - Filling up the DagBag from /opt/airflow/dags/driven_data_pipeline.py
[2025-10-18T17:38:17.598+0000] {logging_mixin.py:190} INFO - [2025-10-18T17:38:17.596+0000] {dagbag.py:387} ERROR - Failed to import: /opt/airflow/dags/driven_data_pipeline.py
Traceback (most recent call last):
  File "/home/airflow/.local/lib/python3.12/site-packages/airflow/models/dagbag.py", line 383, in parse
    loader.exec_module(new_module)
  File "<frozen importlib._bootstrap_external>", line 995, in exec_module
  File "<frozen importlib._bootstrap>", line 488, in _call_with_frames_removed
  File "/opt/airflow/dags/driven_data_pipeline.py", line 8, in <module>
    dag = DAG(
          ^^^
NameError: name 'DAG' is not defined
[2025-10-18T17:38:17.598+0000] {processor.py:927} WARNING - No viable dags retrieved from /opt/airflow/dags/driven_data_pipeline.py
[2025-10-18T17:38:17.614+0000] {processor.py:208} INFO - Processing /opt/airflow/dags/driven_data_pipeline.py took 0.029 seconds
[2025-10-18T17:38:47.855+0000] {processor.py:186} INFO - Started process (PID=437) to work on /opt/airflow/dags/driven_data_pipeline.py
[2025-10-18T17:38:47.856+0000] {processor.py:914} INFO - Processing file /opt/airflow/dags/driven_data_pipeline.py for tasks to queue
[2025-10-18T17:38:47.857+0000] {logging_mixin.py:190} INFO - [2025-10-18T17:38:47.857+0000] {dagbag.py:588} INFO - Filling up the DagBag from /opt/airflow/dags/driven_data_pipeline.py
[2025-10-18T17:38:47.859+0000] {logging_mixin.py:190} INFO - [2025-10-18T17:38:47.858+0000] {dagbag.py:387} ERROR - Failed to import: /opt/airflow/dags/driven_data_pipeline.py
Traceback (most recent call last):
  File "/home/airflow/.local/lib/python3.12/site-packages/airflow/models/dagbag.py", line 383, in parse
    loader.exec_module(new_module)
  File "<frozen importlib._bootstrap_external>", line 995, in exec_module
  File "<frozen importlib._bootstrap>", line 488, in _call_with_frames_removed
  File "/opt/airflow/dags/driven_data_pipeline.py", line 8, in <module>
    dag = DAG(
          ^^^
NameError: name 'DAG' is not defined
[2025-10-18T17:38:47.860+0000] {processor.py:927} WARNING - No viable dags retrieved from /opt/airflow/dags/driven_data_pipeline.py
[2025-10-18T17:38:47.869+0000] {processor.py:208} INFO - Processing /opt/airflow/dags/driven_data_pipeline.py took 0.017 seconds
[2025-10-18T17:39:18.142+0000] {processor.py:186} INFO - Started process (PID=444) to work on /opt/airflow/dags/driven_data_pipeline.py
[2025-10-18T17:39:18.143+0000] {processor.py:914} INFO - Processing file /opt/airflow/dags/driven_data_pipeline.py for tasks to queue
[2025-10-18T17:39:18.144+0000] {logging_mixin.py:190} INFO - [2025-10-18T17:39:18.144+0000] {dagbag.py:588} INFO - Filling up the DagBag from /opt/airflow/dags/driven_data_pipeline.py
[2025-10-18T17:39:18.147+0000] {logging_mixin.py:190} INFO - [2025-10-18T17:39:18.146+0000] {dagbag.py:387} ERROR - Failed to import: /opt/airflow/dags/driven_data_pipeline.py
Traceback (most recent call last):
  File "/home/airflow/.local/lib/python3.12/site-packages/airflow/models/dagbag.py", line 383, in parse
    loader.exec_module(new_module)
  File "<frozen importlib._bootstrap_external>", line 995, in exec_module
  File "<frozen importlib._bootstrap>", line 488, in _call_with_frames_removed
  File "/opt/airflow/dags/driven_data_pipeline.py", line 8, in <module>
    dag = DAG(
          ^^^
NameError: name 'DAG' is not defined
[2025-10-18T17:39:18.147+0000] {processor.py:927} WARNING - No viable dags retrieved from /opt/airflow/dags/driven_data_pipeline.py
[2025-10-18T17:39:18.157+0000] {processor.py:208} INFO - Processing /opt/airflow/dags/driven_data_pipeline.py took 0.019 seconds
[2025-10-18T17:39:48.407+0000] {processor.py:186} INFO - Started process (PID=451) to work on /opt/airflow/dags/driven_data_pipeline.py
[2025-10-18T17:39:48.407+0000] {processor.py:914} INFO - Processing file /opt/airflow/dags/driven_data_pipeline.py for tasks to queue
[2025-10-18T17:39:48.409+0000] {logging_mixin.py:190} INFO - [2025-10-18T17:39:48.409+0000] {dagbag.py:588} INFO - Filling up the DagBag from /opt/airflow/dags/driven_data_pipeline.py
[2025-10-18T17:39:48.412+0000] {logging_mixin.py:190} INFO - [2025-10-18T17:39:48.411+0000] {dagbag.py:387} ERROR - Failed to import: /opt/airflow/dags/driven_data_pipeline.py
Traceback (most recent call last):
  File "/home/airflow/.local/lib/python3.12/site-packages/airflow/models/dagbag.py", line 383, in parse
    loader.exec_module(new_module)
  File "<frozen importlib._bootstrap_external>", line 995, in exec_module
  File "<frozen importlib._bootstrap>", line 488, in _call_with_frames_removed
  File "/opt/airflow/dags/driven_data_pipeline.py", line 8, in <module>
    dag = DAG(
          ^^^
NameError: name 'DAG' is not defined
[2025-10-18T17:39:48.412+0000] {processor.py:927} WARNING - No viable dags retrieved from /opt/airflow/dags/driven_data_pipeline.py
[2025-10-18T17:39:48.422+0000] {processor.py:208} INFO - Processing /opt/airflow/dags/driven_data_pipeline.py took 0.020 seconds
[2025-10-18T17:40:18.675+0000] {processor.py:186} INFO - Started process (PID=457) to work on /opt/airflow/dags/driven_data_pipeline.py
[2025-10-18T17:40:18.676+0000] {processor.py:914} INFO - Processing file /opt/airflow/dags/driven_data_pipeline.py for tasks to queue
[2025-10-18T17:40:18.678+0000] {logging_mixin.py:190} INFO - [2025-10-18T17:40:18.677+0000] {dagbag.py:588} INFO - Filling up the DagBag from /opt/airflow/dags/driven_data_pipeline.py
[2025-10-18T17:40:18.680+0000] {logging_mixin.py:190} INFO - [2025-10-18T17:40:18.679+0000] {dagbag.py:387} ERROR - Failed to import: /opt/airflow/dags/driven_data_pipeline.py
Traceback (most recent call last):
  File "/home/airflow/.local/lib/python3.12/site-packages/airflow/models/dagbag.py", line 383, in parse
    loader.exec_module(new_module)
  File "<frozen importlib._bootstrap_external>", line 995, in exec_module
  File "<frozen importlib._bootstrap>", line 488, in _call_with_frames_removed
  File "/opt/airflow/dags/driven_data_pipeline.py", line 8, in <module>
    dag = DAG(
          ^^^
NameError: name 'DAG' is not defined
[2025-10-18T17:40:18.681+0000] {processor.py:927} WARNING - No viable dags retrieved from /opt/airflow/dags/driven_data_pipeline.py
[2025-10-18T17:40:18.696+0000] {processor.py:208} INFO - Processing /opt/airflow/dags/driven_data_pipeline.py took 0.024 seconds
[2025-10-18T17:40:48.957+0000] {processor.py:186} INFO - Started process (PID=464) to work on /opt/airflow/dags/driven_data_pipeline.py
[2025-10-18T17:40:48.958+0000] {processor.py:914} INFO - Processing file /opt/airflow/dags/driven_data_pipeline.py for tasks to queue
[2025-10-18T17:40:48.960+0000] {logging_mixin.py:190} INFO - [2025-10-18T17:40:48.960+0000] {dagbag.py:588} INFO - Filling up the DagBag from /opt/airflow/dags/driven_data_pipeline.py
[2025-10-18T17:40:48.964+0000] {logging_mixin.py:190} INFO - [2025-10-18T17:40:48.963+0000] {dagbag.py:387} ERROR - Failed to import: /opt/airflow/dags/driven_data_pipeline.py
Traceback (most recent call last):
  File "/home/airflow/.local/lib/python3.12/site-packages/airflow/models/dagbag.py", line 383, in parse
    loader.exec_module(new_module)
  File "<frozen importlib._bootstrap_external>", line 995, in exec_module
  File "<frozen importlib._bootstrap>", line 488, in _call_with_frames_removed
  File "/opt/airflow/dags/driven_data_pipeline.py", line 8, in <module>
    dag = DAG(
          ^^^
NameError: name 'DAG' is not defined
[2025-10-18T17:40:48.965+0000] {processor.py:927} WARNING - No viable dags retrieved from /opt/airflow/dags/driven_data_pipeline.py
[2025-10-18T17:40:48.978+0000] {processor.py:208} INFO - Processing /opt/airflow/dags/driven_data_pipeline.py took 0.028 seconds
[2025-10-18T17:41:19.233+0000] {processor.py:186} INFO - Started process (PID=471) to work on /opt/airflow/dags/driven_data_pipeline.py
[2025-10-18T17:41:19.234+0000] {processor.py:914} INFO - Processing file /opt/airflow/dags/driven_data_pipeline.py for tasks to queue
[2025-10-18T17:41:19.236+0000] {logging_mixin.py:190} INFO - [2025-10-18T17:41:19.236+0000] {dagbag.py:588} INFO - Filling up the DagBag from /opt/airflow/dags/driven_data_pipeline.py
[2025-10-18T17:41:19.240+0000] {logging_mixin.py:190} INFO - [2025-10-18T17:41:19.238+0000] {dagbag.py:387} ERROR - Failed to import: /opt/airflow/dags/driven_data_pipeline.py
Traceback (most recent call last):
  File "/home/airflow/.local/lib/python3.12/site-packages/airflow/models/dagbag.py", line 383, in parse
    loader.exec_module(new_module)
  File "<frozen importlib._bootstrap_external>", line 995, in exec_module
  File "<frozen importlib._bootstrap>", line 488, in _call_with_frames_removed
  File "/opt/airflow/dags/driven_data_pipeline.py", line 8, in <module>
    dag = DAG(
          ^^^
NameError: name 'DAG' is not defined
[2025-10-18T17:41:19.240+0000] {processor.py:927} WARNING - No viable dags retrieved from /opt/airflow/dags/driven_data_pipeline.py
[2025-10-18T17:41:19.256+0000] {processor.py:208} INFO - Processing /opt/airflow/dags/driven_data_pipeline.py took 0.030 seconds
[2025-10-18T17:41:49.519+0000] {processor.py:186} INFO - Started process (PID=478) to work on /opt/airflow/dags/driven_data_pipeline.py
[2025-10-18T17:41:49.520+0000] {processor.py:914} INFO - Processing file /opt/airflow/dags/driven_data_pipeline.py for tasks to queue
[2025-10-18T17:41:49.522+0000] {logging_mixin.py:190} INFO - [2025-10-18T17:41:49.522+0000] {dagbag.py:588} INFO - Filling up the DagBag from /opt/airflow/dags/driven_data_pipeline.py
[2025-10-18T17:41:49.527+0000] {logging_mixin.py:190} INFO - [2025-10-18T17:41:49.525+0000] {dagbag.py:387} ERROR - Failed to import: /opt/airflow/dags/driven_data_pipeline.py
Traceback (most recent call last):
  File "/home/airflow/.local/lib/python3.12/site-packages/airflow/models/dagbag.py", line 383, in parse
    loader.exec_module(new_module)
  File "<frozen importlib._bootstrap_external>", line 995, in exec_module
  File "<frozen importlib._bootstrap>", line 488, in _call_with_frames_removed
  File "/opt/airflow/dags/driven_data_pipeline.py", line 8, in <module>
    dag = DAG(
          ^^^
NameError: name 'DAG' is not defined
[2025-10-18T17:41:49.528+0000] {processor.py:927} WARNING - No viable dags retrieved from /opt/airflow/dags/driven_data_pipeline.py
[2025-10-18T17:41:49.545+0000] {processor.py:208} INFO - Processing /opt/airflow/dags/driven_data_pipeline.py took 0.031 seconds
[2025-10-18T17:42:19.825+0000] {processor.py:186} INFO - Started process (PID=485) to work on /opt/airflow/dags/driven_data_pipeline.py
[2025-10-18T17:42:19.826+0000] {processor.py:914} INFO - Processing file /opt/airflow/dags/driven_data_pipeline.py for tasks to queue
[2025-10-18T17:42:19.828+0000] {logging_mixin.py:190} INFO - [2025-10-18T17:42:19.828+0000] {dagbag.py:588} INFO - Filling up the DagBag from /opt/airflow/dags/driven_data_pipeline.py
[2025-10-18T17:42:19.832+0000] {logging_mixin.py:190} INFO - [2025-10-18T17:42:19.830+0000] {dagbag.py:387} ERROR - Failed to import: /opt/airflow/dags/driven_data_pipeline.py
Traceback (most recent call last):
  File "/home/airflow/.local/lib/python3.12/site-packages/airflow/models/dagbag.py", line 383, in parse
    loader.exec_module(new_module)
  File "<frozen importlib._bootstrap_external>", line 995, in exec_module
  File "<frozen importlib._bootstrap>", line 488, in _call_with_frames_removed
  File "/opt/airflow/dags/driven_data_pipeline.py", line 8, in <module>
    dag = DAG(
          ^^^
NameError: name 'DAG' is not defined
[2025-10-18T17:42:19.832+0000] {processor.py:927} WARNING - No viable dags retrieved from /opt/airflow/dags/driven_data_pipeline.py
[2025-10-18T17:42:19.849+0000] {processor.py:208} INFO - Processing /opt/airflow/dags/driven_data_pipeline.py took 0.029 seconds
[2025-10-18T17:42:40.129+0000] {processor.py:186} INFO - Started process (PID=492) to work on /opt/airflow/dags/driven_data_pipeline.py
[2025-10-18T17:42:40.129+0000] {processor.py:914} INFO - Processing file /opt/airflow/dags/driven_data_pipeline.py for tasks to queue
[2025-10-18T17:42:40.130+0000] {logging_mixin.py:190} INFO - [2025-10-18T17:42:40.130+0000] {dagbag.py:588} INFO - Filling up the DagBag from /opt/airflow/dags/driven_data_pipeline.py
[2025-10-18T17:42:40.387+0000] {processor.py:925} INFO - DAG(s) 'extract_raw_data_pipeline' retrieved from /opt/airflow/dags/driven_data_pipeline.py
[2025-10-18T17:42:40.474+0000] {logging_mixin.py:190} INFO - [2025-10-18T17:42:40.473+0000] {override.py:1900} INFO - Created Permission View: can edit on DAG:extract_raw_data_pipeline
[2025-10-18T17:42:40.476+0000] {logging_mixin.py:190} INFO - [2025-10-18T17:42:40.476+0000] {override.py:1900} INFO - Created Permission View: can read on DAG:extract_raw_data_pipeline
[2025-10-18T17:42:40.478+0000] {logging_mixin.py:190} INFO - [2025-10-18T17:42:40.478+0000] {override.py:1900} INFO - Created Permission View: can delete on DAG:extract_raw_data_pipeline
[2025-10-18T17:42:40.479+0000] {logging_mixin.py:190} INFO - [2025-10-18T17:42:40.479+0000] {override.py:1900} INFO - Created Permission View: menu access on DAG Run:extract_raw_data_pipeline
[2025-10-18T17:42:40.481+0000] {logging_mixin.py:190} INFO - [2025-10-18T17:42:40.480+0000] {override.py:1900} INFO - Created Permission View: can read on DAG Run:extract_raw_data_pipeline
[2025-10-18T17:42:40.482+0000] {logging_mixin.py:190} INFO - [2025-10-18T17:42:40.482+0000] {override.py:1900} INFO - Created Permission View: can create on DAG Run:extract_raw_data_pipeline
[2025-10-18T17:42:40.483+0000] {logging_mixin.py:190} INFO - [2025-10-18T17:42:40.483+0000] {override.py:1900} INFO - Created Permission View: can delete on DAG Run:extract_raw_data_pipeline
[2025-10-18T17:42:40.484+0000] {logging_mixin.py:190} INFO - [2025-10-18T17:42:40.484+0000] {dag.py:3239} INFO - Sync 1 DAGs
[2025-10-18T17:42:40.487+0000] {logging_mixin.py:190} INFO - [2025-10-18T17:42:40.487+0000] {dag.py:3262} INFO - Creating ORM DAG for extract_raw_data_pipeline
[2025-10-18T17:42:40.490+0000] {logging_mixin.py:190} INFO - [2025-10-18T17:42:40.490+0000] {dag.py:4180} INFO - Setting next_dagrun for extract_raw_data_pipeline to 2025-10-18 07:58:00+00:00, run_after=2025-10-18 07:59:00+00:00
[2025-10-18T17:42:40.495+0000] {processor.py:208} INFO - Processing /opt/airflow/dags/driven_data_pipeline.py took 0.371 seconds
[2025-10-18T17:43:10.787+0000] {processor.py:186} INFO - Started process (PID=500) to work on /opt/airflow/dags/driven_data_pipeline.py
[2025-10-18T17:43:10.789+0000] {processor.py:914} INFO - Processing file /opt/airflow/dags/driven_data_pipeline.py for tasks to queue
[2025-10-18T17:43:10.791+0000] {logging_mixin.py:190} INFO - [2025-10-18T17:43:10.790+0000] {dagbag.py:588} INFO - Filling up the DagBag from /opt/airflow/dags/driven_data_pipeline.py
[2025-10-18T17:43:10.994+0000] {processor.py:925} INFO - DAG(s) 'extract_raw_data_pipeline' retrieved from /opt/airflow/dags/driven_data_pipeline.py
[2025-10-18T17:43:11.009+0000] {logging_mixin.py:190} INFO - [2025-10-18T17:43:11.009+0000] {dag.py:3239} INFO - Sync 1 DAGs
[2025-10-18T17:43:11.025+0000] {logging_mixin.py:190} INFO - [2025-10-18T17:43:11.025+0000] {dag.py:4180} INFO - Setting next_dagrun for extract_raw_data_pipeline to 2025-10-18 07:58:00+00:00, run_after=2025-10-18 07:59:00+00:00
[2025-10-18T17:43:11.035+0000] {processor.py:208} INFO - Processing /opt/airflow/dags/driven_data_pipeline.py took 0.255 seconds
[2025-10-18T17:43:41.444+0000] {processor.py:186} INFO - Started process (PID=508) to work on /opt/airflow/dags/driven_data_pipeline.py
[2025-10-18T17:43:41.445+0000] {processor.py:914} INFO - Processing file /opt/airflow/dags/driven_data_pipeline.py for tasks to queue
[2025-10-18T17:43:41.446+0000] {logging_mixin.py:190} INFO - [2025-10-18T17:43:41.445+0000] {dagbag.py:588} INFO - Filling up the DagBag from /opt/airflow/dags/driven_data_pipeline.py
[2025-10-18T17:43:41.507+0000] {processor.py:925} INFO - DAG(s) 'extract_raw_data_pipeline' retrieved from /opt/airflow/dags/driven_data_pipeline.py
[2025-10-18T17:43:41.515+0000] {logging_mixin.py:190} INFO - [2025-10-18T17:43:41.515+0000] {dag.py:3239} INFO - Sync 1 DAGs
[2025-10-18T17:43:41.524+0000] {logging_mixin.py:190} INFO - [2025-10-18T17:43:41.524+0000] {dag.py:4180} INFO - Setting next_dagrun for extract_raw_data_pipeline to 2025-10-18 07:58:00+00:00, run_after=2025-10-18 07:59:00+00:00
[2025-10-18T17:43:41.530+0000] {processor.py:208} INFO - Processing /opt/airflow/dags/driven_data_pipeline.py took 0.088 seconds
[2025-10-18T17:44:11.724+0000] {processor.py:186} INFO - Started process (PID=516) to work on /opt/airflow/dags/driven_data_pipeline.py
[2025-10-18T17:44:11.725+0000] {processor.py:914} INFO - Processing file /opt/airflow/dags/driven_data_pipeline.py for tasks to queue
[2025-10-18T17:44:11.727+0000] {logging_mixin.py:190} INFO - [2025-10-18T17:44:11.726+0000] {dagbag.py:588} INFO - Filling up the DagBag from /opt/airflow/dags/driven_data_pipeline.py
[2025-10-18T17:44:11.805+0000] {processor.py:925} INFO - DAG(s) 'extract_raw_data_pipeline' retrieved from /opt/airflow/dags/driven_data_pipeline.py
[2025-10-18T17:44:11.815+0000] {logging_mixin.py:190} INFO - [2025-10-18T17:44:11.815+0000] {dag.py:3239} INFO - Sync 1 DAGs
[2025-10-18T17:44:11.824+0000] {logging_mixin.py:190} INFO - [2025-10-18T17:44:11.824+0000] {dag.py:4180} INFO - Setting next_dagrun for extract_raw_data_pipeline to 2025-10-18 07:58:00+00:00, run_after=2025-10-18 07:59:00+00:00
[2025-10-18T17:44:11.830+0000] {processor.py:208} INFO - Processing /opt/airflow/dags/driven_data_pipeline.py took 0.112 seconds
[2025-10-18T17:44:42.097+0000] {processor.py:186} INFO - Started process (PID=524) to work on /opt/airflow/dags/driven_data_pipeline.py
[2025-10-18T17:44:42.098+0000] {processor.py:914} INFO - Processing file /opt/airflow/dags/driven_data_pipeline.py for tasks to queue
[2025-10-18T17:44:42.099+0000] {logging_mixin.py:190} INFO - [2025-10-18T17:44:42.099+0000] {dagbag.py:588} INFO - Filling up the DagBag from /opt/airflow/dags/driven_data_pipeline.py
[2025-10-18T17:44:42.198+0000] {processor.py:925} INFO - DAG(s) 'extract_raw_data_pipeline' retrieved from /opt/airflow/dags/driven_data_pipeline.py
[2025-10-18T17:44:42.207+0000] {logging_mixin.py:190} INFO - [2025-10-18T17:44:42.207+0000] {dag.py:3239} INFO - Sync 1 DAGs
[2025-10-18T17:44:42.217+0000] {logging_mixin.py:190} INFO - [2025-10-18T17:44:42.216+0000] {dag.py:4180} INFO - Setting next_dagrun for extract_raw_data_pipeline to 2025-10-18 07:58:00+00:00, run_after=2025-10-18 07:59:00+00:00
[2025-10-18T17:44:42.226+0000] {processor.py:208} INFO - Processing /opt/airflow/dags/driven_data_pipeline.py took 0.133 seconds
[2025-10-18T17:45:12.394+0000] {processor.py:186} INFO - Started process (PID=532) to work on /opt/airflow/dags/driven_data_pipeline.py
[2025-10-18T17:45:12.396+0000] {processor.py:914} INFO - Processing file /opt/airflow/dags/driven_data_pipeline.py for tasks to queue
[2025-10-18T17:45:12.400+0000] {logging_mixin.py:190} INFO - [2025-10-18T17:45:12.400+0000] {dagbag.py:588} INFO - Filling up the DagBag from /opt/airflow/dags/driven_data_pipeline.py
[2025-10-18T17:45:12.487+0000] {processor.py:925} INFO - DAG(s) 'extract_raw_data_pipeline' retrieved from /opt/airflow/dags/driven_data_pipeline.py
[2025-10-18T17:45:12.495+0000] {logging_mixin.py:190} INFO - [2025-10-18T17:45:12.495+0000] {dag.py:3239} INFO - Sync 1 DAGs
[2025-10-18T17:45:12.505+0000] {logging_mixin.py:190} INFO - [2025-10-18T17:45:12.505+0000] {dag.py:4180} INFO - Setting next_dagrun for extract_raw_data_pipeline to 2025-10-18 07:58:00+00:00, run_after=2025-10-18 07:59:00+00:00
[2025-10-18T17:45:12.513+0000] {processor.py:208} INFO - Processing /opt/airflow/dags/driven_data_pipeline.py took 0.125 seconds
[2025-10-18T17:45:42.799+0000] {processor.py:186} INFO - Started process (PID=540) to work on /opt/airflow/dags/driven_data_pipeline.py
[2025-10-18T17:45:42.801+0000] {processor.py:914} INFO - Processing file /opt/airflow/dags/driven_data_pipeline.py for tasks to queue
[2025-10-18T17:45:42.803+0000] {logging_mixin.py:190} INFO - [2025-10-18T17:45:42.803+0000] {dagbag.py:588} INFO - Filling up the DagBag from /opt/airflow/dags/driven_data_pipeline.py
[2025-10-18T17:45:42.892+0000] {processor.py:925} INFO - DAG(s) 'extract_raw_data_pipeline' retrieved from /opt/airflow/dags/driven_data_pipeline.py
[2025-10-18T17:45:42.903+0000] {logging_mixin.py:190} INFO - [2025-10-18T17:45:42.903+0000] {dag.py:3239} INFO - Sync 1 DAGs
[2025-10-18T17:45:42.915+0000] {logging_mixin.py:190} INFO - [2025-10-18T17:45:42.915+0000] {dag.py:4180} INFO - Setting next_dagrun for extract_raw_data_pipeline to 2025-10-18 07:58:00+00:00, run_after=2025-10-18 07:59:00+00:00
[2025-10-18T17:45:42.923+0000] {processor.py:208} INFO - Processing /opt/airflow/dags/driven_data_pipeline.py took 0.130 seconds
[2025-10-18T17:46:13.058+0000] {processor.py:186} INFO - Started process (PID=548) to work on /opt/airflow/dags/driven_data_pipeline.py
[2025-10-18T17:46:13.059+0000] {processor.py:914} INFO - Processing file /opt/airflow/dags/driven_data_pipeline.py for tasks to queue
[2025-10-18T17:46:13.061+0000] {logging_mixin.py:190} INFO - [2025-10-18T17:46:13.061+0000] {dagbag.py:588} INFO - Filling up the DagBag from /opt/airflow/dags/driven_data_pipeline.py
[2025-10-18T17:46:13.148+0000] {processor.py:925} INFO - DAG(s) 'extract_raw_data_pipeline' retrieved from /opt/airflow/dags/driven_data_pipeline.py
[2025-10-18T17:46:13.156+0000] {logging_mixin.py:190} INFO - [2025-10-18T17:46:13.156+0000] {dag.py:3239} INFO - Sync 1 DAGs
[2025-10-18T17:46:13.166+0000] {logging_mixin.py:190} INFO - [2025-10-18T17:46:13.166+0000] {dag.py:4180} INFO - Setting next_dagrun for extract_raw_data_pipeline to 2025-10-18 07:58:00+00:00, run_after=2025-10-18 07:59:00+00:00
[2025-10-18T17:46:13.172+0000] {processor.py:208} INFO - Processing /opt/airflow/dags/driven_data_pipeline.py took 0.119 seconds
[2025-10-18T17:46:43.444+0000] {processor.py:186} INFO - Started process (PID=556) to work on /opt/airflow/dags/driven_data_pipeline.py
[2025-10-18T17:46:43.445+0000] {processor.py:914} INFO - Processing file /opt/airflow/dags/driven_data_pipeline.py for tasks to queue
[2025-10-18T17:46:43.447+0000] {logging_mixin.py:190} INFO - [2025-10-18T17:46:43.446+0000] {dagbag.py:588} INFO - Filling up the DagBag from /opt/airflow/dags/driven_data_pipeline.py
[2025-10-18T17:46:43.534+0000] {processor.py:925} INFO - DAG(s) 'extract_raw_data_pipeline' retrieved from /opt/airflow/dags/driven_data_pipeline.py
[2025-10-18T17:46:43.542+0000] {logging_mixin.py:190} INFO - [2025-10-18T17:46:43.542+0000] {dag.py:3239} INFO - Sync 1 DAGs
[2025-10-18T17:46:43.551+0000] {logging_mixin.py:190} INFO - [2025-10-18T17:46:43.551+0000] {dag.py:4180} INFO - Setting next_dagrun for extract_raw_data_pipeline to 2025-10-18 07:58:00+00:00, run_after=2025-10-18 07:59:00+00:00
[2025-10-18T17:46:43.557+0000] {processor.py:208} INFO - Processing /opt/airflow/dags/driven_data_pipeline.py took 0.119 seconds
[2025-10-18T17:47:13.729+0000] {processor.py:186} INFO - Started process (PID=564) to work on /opt/airflow/dags/driven_data_pipeline.py
[2025-10-18T17:47:13.730+0000] {processor.py:914} INFO - Processing file /opt/airflow/dags/driven_data_pipeline.py for tasks to queue
[2025-10-18T17:47:13.732+0000] {logging_mixin.py:190} INFO - [2025-10-18T17:47:13.732+0000] {dagbag.py:588} INFO - Filling up the DagBag from /opt/airflow/dags/driven_data_pipeline.py
[2025-10-18T17:47:13.810+0000] {processor.py:925} INFO - DAG(s) 'extract_raw_data_pipeline' retrieved from /opt/airflow/dags/driven_data_pipeline.py
[2025-10-18T17:47:13.820+0000] {logging_mixin.py:190} INFO - [2025-10-18T17:47:13.819+0000] {dag.py:3239} INFO - Sync 1 DAGs
[2025-10-18T17:47:13.830+0000] {logging_mixin.py:190} INFO - [2025-10-18T17:47:13.829+0000] {dag.py:4180} INFO - Setting next_dagrun for extract_raw_data_pipeline to 2025-10-18 07:58:00+00:00, run_after=2025-10-18 07:59:00+00:00
[2025-10-18T17:47:13.836+0000] {processor.py:208} INFO - Processing /opt/airflow/dags/driven_data_pipeline.py took 0.112 seconds
[2025-10-18T17:47:44.104+0000] {processor.py:186} INFO - Started process (PID=572) to work on /opt/airflow/dags/driven_data_pipeline.py
[2025-10-18T17:47:44.106+0000] {processor.py:914} INFO - Processing file /opt/airflow/dags/driven_data_pipeline.py for tasks to queue
[2025-10-18T17:47:44.108+0000] {logging_mixin.py:190} INFO - [2025-10-18T17:47:44.108+0000] {dagbag.py:588} INFO - Filling up the DagBag from /opt/airflow/dags/driven_data_pipeline.py
[2025-10-18T17:47:44.185+0000] {processor.py:925} INFO - DAG(s) 'extract_raw_data_pipeline' retrieved from /opt/airflow/dags/driven_data_pipeline.py
[2025-10-18T17:47:44.194+0000] {logging_mixin.py:190} INFO - [2025-10-18T17:47:44.193+0000] {dag.py:3239} INFO - Sync 1 DAGs
[2025-10-18T17:47:44.202+0000] {logging_mixin.py:190} INFO - [2025-10-18T17:47:44.202+0000] {dag.py:4180} INFO - Setting next_dagrun for extract_raw_data_pipeline to 2025-10-18 07:58:00+00:00, run_after=2025-10-18 07:59:00+00:00
[2025-10-18T17:47:44.211+0000] {processor.py:208} INFO - Processing /opt/airflow/dags/driven_data_pipeline.py took 0.110 seconds
[2025-10-18T17:48:14.377+0000] {processor.py:186} INFO - Started process (PID=580) to work on /opt/airflow/dags/driven_data_pipeline.py
[2025-10-18T17:48:14.378+0000] {processor.py:914} INFO - Processing file /opt/airflow/dags/driven_data_pipeline.py for tasks to queue
[2025-10-18T17:48:14.380+0000] {logging_mixin.py:190} INFO - [2025-10-18T17:48:14.379+0000] {dagbag.py:588} INFO - Filling up the DagBag from /opt/airflow/dags/driven_data_pipeline.py
[2025-10-18T17:48:14.465+0000] {processor.py:925} INFO - DAG(s) 'extract_raw_data_pipeline' retrieved from /opt/airflow/dags/driven_data_pipeline.py
[2025-10-18T17:48:14.478+0000] {logging_mixin.py:190} INFO - [2025-10-18T17:48:14.478+0000] {dag.py:3239} INFO - Sync 1 DAGs
[2025-10-18T17:48:14.488+0000] {logging_mixin.py:190} INFO - [2025-10-18T17:48:14.488+0000] {dag.py:4180} INFO - Setting next_dagrun for extract_raw_data_pipeline to 2025-10-18 07:58:00+00:00, run_after=2025-10-18 07:59:00+00:00
[2025-10-18T17:48:14.497+0000] {processor.py:208} INFO - Processing /opt/airflow/dags/driven_data_pipeline.py took 0.127 seconds
[2025-10-18T17:48:44.736+0000] {processor.py:186} INFO - Started process (PID=588) to work on /opt/airflow/dags/driven_data_pipeline.py
[2025-10-18T17:48:44.738+0000] {processor.py:914} INFO - Processing file /opt/airflow/dags/driven_data_pipeline.py for tasks to queue
[2025-10-18T17:48:44.741+0000] {logging_mixin.py:190} INFO - [2025-10-18T17:48:44.741+0000] {dagbag.py:588} INFO - Filling up the DagBag from /opt/airflow/dags/driven_data_pipeline.py
[2025-10-18T17:48:44.830+0000] {processor.py:925} INFO - DAG(s) 'extract_raw_data_pipeline' retrieved from /opt/airflow/dags/driven_data_pipeline.py
[2025-10-18T17:48:44.837+0000] {logging_mixin.py:190} INFO - [2025-10-18T17:48:44.837+0000] {dag.py:3239} INFO - Sync 1 DAGs
[2025-10-18T17:48:44.845+0000] {logging_mixin.py:190} INFO - [2025-10-18T17:48:44.845+0000] {dag.py:4180} INFO - Setting next_dagrun for extract_raw_data_pipeline to 2025-10-18 07:58:00+00:00, run_after=2025-10-18 07:59:00+00:00
[2025-10-18T17:48:44.851+0000] {processor.py:208} INFO - Processing /opt/airflow/dags/driven_data_pipeline.py took 0.121 seconds
[2025-10-18T17:49:15.032+0000] {processor.py:186} INFO - Started process (PID=596) to work on /opt/airflow/dags/driven_data_pipeline.py
[2025-10-18T17:49:15.033+0000] {processor.py:914} INFO - Processing file /opt/airflow/dags/driven_data_pipeline.py for tasks to queue
[2025-10-18T17:49:15.035+0000] {logging_mixin.py:190} INFO - [2025-10-18T17:49:15.034+0000] {dagbag.py:588} INFO - Filling up the DagBag from /opt/airflow/dags/driven_data_pipeline.py
[2025-10-18T17:49:15.118+0000] {processor.py:925} INFO - DAG(s) 'extract_raw_data_pipeline' retrieved from /opt/airflow/dags/driven_data_pipeline.py
[2025-10-18T17:49:15.127+0000] {logging_mixin.py:190} INFO - [2025-10-18T17:49:15.127+0000] {dag.py:3239} INFO - Sync 1 DAGs
[2025-10-18T17:49:15.137+0000] {logging_mixin.py:190} INFO - [2025-10-18T17:49:15.137+0000] {dag.py:4180} INFO - Setting next_dagrun for extract_raw_data_pipeline to 2025-10-18 07:58:00+00:00, run_after=2025-10-18 07:59:00+00:00
[2025-10-18T17:49:15.143+0000] {processor.py:208} INFO - Processing /opt/airflow/dags/driven_data_pipeline.py took 0.117 seconds
[2025-10-18T17:49:45.352+0000] {processor.py:186} INFO - Started process (PID=604) to work on /opt/airflow/dags/driven_data_pipeline.py
[2025-10-18T17:49:45.353+0000] {processor.py:914} INFO - Processing file /opt/airflow/dags/driven_data_pipeline.py for tasks to queue
[2025-10-18T17:49:45.356+0000] {logging_mixin.py:190} INFO - [2025-10-18T17:49:45.355+0000] {dagbag.py:588} INFO - Filling up the DagBag from /opt/airflow/dags/driven_data_pipeline.py
[2025-10-18T17:49:45.431+0000] {processor.py:925} INFO - DAG(s) 'extract_raw_data_pipeline' retrieved from /opt/airflow/dags/driven_data_pipeline.py
[2025-10-18T17:49:45.439+0000] {logging_mixin.py:190} INFO - [2025-10-18T17:49:45.439+0000] {dag.py:3239} INFO - Sync 1 DAGs
[2025-10-18T17:49:45.449+0000] {logging_mixin.py:190} INFO - [2025-10-18T17:49:45.449+0000] {dag.py:4180} INFO - Setting next_dagrun for extract_raw_data_pipeline to 2025-10-18 07:58:00+00:00, run_after=2025-10-18 07:59:00+00:00
[2025-10-18T17:49:45.457+0000] {processor.py:208} INFO - Processing /opt/airflow/dags/driven_data_pipeline.py took 0.109 seconds
[2025-10-18T17:50:15.650+0000] {processor.py:186} INFO - Started process (PID=612) to work on /opt/airflow/dags/driven_data_pipeline.py
[2025-10-18T17:50:15.651+0000] {processor.py:914} INFO - Processing file /opt/airflow/dags/driven_data_pipeline.py for tasks to queue
[2025-10-18T17:50:15.654+0000] {logging_mixin.py:190} INFO - [2025-10-18T17:50:15.654+0000] {dagbag.py:588} INFO - Filling up the DagBag from /opt/airflow/dags/driven_data_pipeline.py
[2025-10-18T17:50:15.743+0000] {processor.py:925} INFO - DAG(s) 'extract_raw_data_pipeline' retrieved from /opt/airflow/dags/driven_data_pipeline.py
[2025-10-18T17:50:15.752+0000] {logging_mixin.py:190} INFO - [2025-10-18T17:50:15.752+0000] {dag.py:3239} INFO - Sync 1 DAGs
[2025-10-18T17:50:15.764+0000] {logging_mixin.py:190} INFO - [2025-10-18T17:50:15.764+0000] {dag.py:4180} INFO - Setting next_dagrun for extract_raw_data_pipeline to 2025-10-18 07:58:00+00:00, run_after=2025-10-18 07:59:00+00:00
[2025-10-18T17:50:15.770+0000] {processor.py:208} INFO - Processing /opt/airflow/dags/driven_data_pipeline.py took 0.129 seconds
[2025-10-18T17:50:45.984+0000] {processor.py:186} INFO - Started process (PID=620) to work on /opt/airflow/dags/driven_data_pipeline.py
[2025-10-18T17:50:45.985+0000] {processor.py:914} INFO - Processing file /opt/airflow/dags/driven_data_pipeline.py for tasks to queue
[2025-10-18T17:50:45.987+0000] {logging_mixin.py:190} INFO - [2025-10-18T17:50:45.987+0000] {dagbag.py:588} INFO - Filling up the DagBag from /opt/airflow/dags/driven_data_pipeline.py
[2025-10-18T17:50:46.072+0000] {processor.py:925} INFO - DAG(s) 'extract_raw_data_pipeline' retrieved from /opt/airflow/dags/driven_data_pipeline.py
[2025-10-18T17:50:46.081+0000] {logging_mixin.py:190} INFO - [2025-10-18T17:50:46.080+0000] {dag.py:3239} INFO - Sync 1 DAGs
[2025-10-18T17:50:46.089+0000] {logging_mixin.py:190} INFO - [2025-10-18T17:50:46.089+0000] {dag.py:4180} INFO - Setting next_dagrun for extract_raw_data_pipeline to 2025-10-18 07:58:00+00:00, run_after=2025-10-18 07:59:00+00:00
[2025-10-18T17:50:46.096+0000] {processor.py:208} INFO - Processing /opt/airflow/dags/driven_data_pipeline.py took 0.119 seconds
[2025-10-18T17:51:16.325+0000] {processor.py:186} INFO - Started process (PID=628) to work on /opt/airflow/dags/driven_data_pipeline.py
[2025-10-18T17:51:16.328+0000] {processor.py:914} INFO - Processing file /opt/airflow/dags/driven_data_pipeline.py for tasks to queue
[2025-10-18T17:51:16.331+0000] {logging_mixin.py:190} INFO - [2025-10-18T17:51:16.330+0000] {dagbag.py:588} INFO - Filling up the DagBag from /opt/airflow/dags/driven_data_pipeline.py
[2025-10-18T17:51:16.417+0000] {processor.py:925} INFO - DAG(s) 'extract_raw_data_pipeline' retrieved from /opt/airflow/dags/driven_data_pipeline.py
[2025-10-18T17:51:16.427+0000] {logging_mixin.py:190} INFO - [2025-10-18T17:51:16.427+0000] {dag.py:3239} INFO - Sync 1 DAGs
[2025-10-18T17:51:16.437+0000] {logging_mixin.py:190} INFO - [2025-10-18T17:51:16.436+0000] {dag.py:4180} INFO - Setting next_dagrun for extract_raw_data_pipeline to 2025-10-18 07:58:00+00:00, run_after=2025-10-18 07:59:00+00:00
[2025-10-18T17:51:16.445+0000] {processor.py:208} INFO - Processing /opt/airflow/dags/driven_data_pipeline.py took 0.127 seconds
[2025-10-18T17:51:20.420+0000] {processor.py:186} INFO - Started process (PID=630) to work on /opt/airflow/dags/driven_data_pipeline.py
[2025-10-18T17:51:20.421+0000] {processor.py:914} INFO - Processing file /opt/airflow/dags/driven_data_pipeline.py for tasks to queue
[2025-10-18T17:51:20.425+0000] {logging_mixin.py:190} INFO - [2025-10-18T17:51:20.425+0000] {dagbag.py:588} INFO - Filling up the DagBag from /opt/airflow/dags/driven_data_pipeline.py
[2025-10-18T17:51:20.589+0000] {logging_mixin.py:190} INFO - [2025-10-18T17:51:20.587+0000] {dagbag.py:387} ERROR - Failed to import: /opt/airflow/dags/driven_data_pipeline.py
Traceback (most recent call last):
  File "/home/airflow/.local/lib/python3.12/site-packages/airflow/models/dagbag.py", line 383, in parse
    loader.exec_module(new_module)
  File "<frozen importlib._bootstrap_external>", line 995, in exec_module
  File "<frozen importlib._bootstrap>", line 488, in _call_with_frames_removed
  File "/opt/airflow/dags/driven_data_pipeline.py", line 161, in <module>
    start_date=datetime(2025, 20, 18),
               ^^^^^^^^^^^^^^^^^^^^^^
ValueError: month must be in 1..12
[2025-10-18T17:51:20.590+0000] {processor.py:927} WARNING - No viable dags retrieved from /opt/airflow/dags/driven_data_pipeline.py
[2025-10-18T17:51:20.606+0000] {processor.py:208} INFO - Processing /opt/airflow/dags/driven_data_pipeline.py took 0.192 seconds
[2025-10-18T17:51:50.754+0000] {processor.py:186} INFO - Started process (PID=638) to work on /opt/airflow/dags/driven_data_pipeline.py
[2025-10-18T17:51:50.755+0000] {processor.py:914} INFO - Processing file /opt/airflow/dags/driven_data_pipeline.py for tasks to queue
[2025-10-18T17:51:50.758+0000] {logging_mixin.py:190} INFO - [2025-10-18T17:51:50.758+0000] {dagbag.py:588} INFO - Filling up the DagBag from /opt/airflow/dags/driven_data_pipeline.py
[2025-10-18T17:51:50.833+0000] {logging_mixin.py:190} INFO - [2025-10-18T17:51:50.832+0000] {dagbag.py:387} ERROR - Failed to import: /opt/airflow/dags/driven_data_pipeline.py
Traceback (most recent call last):
  File "/home/airflow/.local/lib/python3.12/site-packages/airflow/models/dagbag.py", line 383, in parse
    loader.exec_module(new_module)
  File "<frozen importlib._bootstrap_external>", line 995, in exec_module
  File "<frozen importlib._bootstrap>", line 488, in _call_with_frames_removed
  File "/opt/airflow/dags/driven_data_pipeline.py", line 161, in <module>
    start_date=datetime(2025, 20, 18),
               ^^^^^^^^^^^^^^^^^^^^^^
ValueError: month must be in 1..12
[2025-10-18T17:51:50.834+0000] {processor.py:927} WARNING - No viable dags retrieved from /opt/airflow/dags/driven_data_pipeline.py
[2025-10-18T17:51:50.843+0000] {processor.py:208} INFO - Processing /opt/airflow/dags/driven_data_pipeline.py took 0.096 seconds
[2025-10-18T17:52:21.182+0000] {processor.py:186} INFO - Started process (PID=646) to work on /opt/airflow/dags/driven_data_pipeline.py
[2025-10-18T17:52:21.183+0000] {processor.py:914} INFO - Processing file /opt/airflow/dags/driven_data_pipeline.py for tasks to queue
[2025-10-18T17:52:21.185+0000] {logging_mixin.py:190} INFO - [2025-10-18T17:52:21.185+0000] {dagbag.py:588} INFO - Filling up the DagBag from /opt/airflow/dags/driven_data_pipeline.py
[2025-10-18T17:52:21.272+0000] {logging_mixin.py:190} INFO - [2025-10-18T17:52:21.271+0000] {dagbag.py:387} ERROR - Failed to import: /opt/airflow/dags/driven_data_pipeline.py
Traceback (most recent call last):
  File "/home/airflow/.local/lib/python3.12/site-packages/airflow/models/dagbag.py", line 383, in parse
    loader.exec_module(new_module)
  File "<frozen importlib._bootstrap_external>", line 995, in exec_module
  File "<frozen importlib._bootstrap>", line 488, in _call_with_frames_removed
  File "/opt/airflow/dags/driven_data_pipeline.py", line 161, in <module>
    start_date=datetime(2025, 20, 18),
               ^^^^^^^^^^^^^^^^^^^^^^
ValueError: month must be in 1..12
[2025-10-18T17:52:21.273+0000] {processor.py:927} WARNING - No viable dags retrieved from /opt/airflow/dags/driven_data_pipeline.py
[2025-10-18T17:52:21.282+0000] {processor.py:208} INFO - Processing /opt/airflow/dags/driven_data_pipeline.py took 0.106 seconds
[2025-10-18T17:52:51.473+0000] {processor.py:186} INFO - Started process (PID=654) to work on /opt/airflow/dags/driven_data_pipeline.py
[2025-10-18T17:52:51.477+0000] {processor.py:914} INFO - Processing file /opt/airflow/dags/driven_data_pipeline.py for tasks to queue
[2025-10-18T17:52:51.479+0000] {logging_mixin.py:190} INFO - [2025-10-18T17:52:51.479+0000] {dagbag.py:588} INFO - Filling up the DagBag from /opt/airflow/dags/driven_data_pipeline.py
[2025-10-18T17:52:51.575+0000] {logging_mixin.py:190} INFO - [2025-10-18T17:52:51.572+0000] {dagbag.py:387} ERROR - Failed to import: /opt/airflow/dags/driven_data_pipeline.py
Traceback (most recent call last):
  File "/home/airflow/.local/lib/python3.12/site-packages/airflow/models/dagbag.py", line 383, in parse
    loader.exec_module(new_module)
  File "<frozen importlib._bootstrap_external>", line 995, in exec_module
  File "<frozen importlib._bootstrap>", line 488, in _call_with_frames_removed
  File "/opt/airflow/dags/driven_data_pipeline.py", line 161, in <module>
    start_date=datetime(2025, 20, 18),
               ^^^^^^^^^^^^^^^^^^^^^^
ValueError: month must be in 1..12
[2025-10-18T17:52:51.576+0000] {processor.py:927} WARNING - No viable dags retrieved from /opt/airflow/dags/driven_data_pipeline.py
[2025-10-18T17:52:51.586+0000] {processor.py:208} INFO - Processing /opt/airflow/dags/driven_data_pipeline.py took 0.119 seconds
[2025-10-18T17:53:21.832+0000] {processor.py:186} INFO - Started process (PID=662) to work on /opt/airflow/dags/driven_data_pipeline.py
[2025-10-18T17:53:21.833+0000] {processor.py:914} INFO - Processing file /opt/airflow/dags/driven_data_pipeline.py for tasks to queue
[2025-10-18T17:53:21.834+0000] {logging_mixin.py:190} INFO - [2025-10-18T17:53:21.834+0000] {dagbag.py:588} INFO - Filling up the DagBag from /opt/airflow/dags/driven_data_pipeline.py
[2025-10-18T17:53:21.909+0000] {logging_mixin.py:190} INFO - [2025-10-18T17:53:21.908+0000] {dagbag.py:387} ERROR - Failed to import: /opt/airflow/dags/driven_data_pipeline.py
Traceback (most recent call last):
  File "/home/airflow/.local/lib/python3.12/site-packages/airflow/models/dagbag.py", line 383, in parse
    loader.exec_module(new_module)
  File "<frozen importlib._bootstrap_external>", line 995, in exec_module
  File "<frozen importlib._bootstrap>", line 488, in _call_with_frames_removed
  File "/opt/airflow/dags/driven_data_pipeline.py", line 161, in <module>
    start_date=datetime(2025, 20, 18),
               ^^^^^^^^^^^^^^^^^^^^^^
ValueError: month must be in 1..12
[2025-10-18T17:53:21.909+0000] {processor.py:927} WARNING - No viable dags retrieved from /opt/airflow/dags/driven_data_pipeline.py
[2025-10-18T17:53:21.920+0000] {processor.py:208} INFO - Processing /opt/airflow/dags/driven_data_pipeline.py took 0.092 seconds
[2025-10-18T17:53:52.245+0000] {processor.py:186} INFO - Started process (PID=670) to work on /opt/airflow/dags/driven_data_pipeline.py
[2025-10-18T17:53:52.246+0000] {processor.py:914} INFO - Processing file /opt/airflow/dags/driven_data_pipeline.py for tasks to queue
[2025-10-18T17:53:52.248+0000] {logging_mixin.py:190} INFO - [2025-10-18T17:53:52.247+0000] {dagbag.py:588} INFO - Filling up the DagBag from /opt/airflow/dags/driven_data_pipeline.py
[2025-10-18T17:53:52.340+0000] {logging_mixin.py:190} INFO - [2025-10-18T17:53:52.339+0000] {dagbag.py:387} ERROR - Failed to import: /opt/airflow/dags/driven_data_pipeline.py
Traceback (most recent call last):
  File "/home/airflow/.local/lib/python3.12/site-packages/airflow/models/dagbag.py", line 383, in parse
    loader.exec_module(new_module)
  File "<frozen importlib._bootstrap_external>", line 995, in exec_module
  File "<frozen importlib._bootstrap>", line 488, in _call_with_frames_removed
  File "/opt/airflow/dags/driven_data_pipeline.py", line 161, in <module>
    start_date=datetime(2025, 20, 18),
               ^^^^^^^^^^^^^^^^^^^^^^
ValueError: month must be in 1..12
[2025-10-18T17:53:52.340+0000] {processor.py:927} WARNING - No viable dags retrieved from /opt/airflow/dags/driven_data_pipeline.py
[2025-10-18T17:53:52.354+0000] {processor.py:208} INFO - Processing /opt/airflow/dags/driven_data_pipeline.py took 0.115 seconds
[2025-10-18T17:54:22.628+0000] {processor.py:186} INFO - Started process (PID=678) to work on /opt/airflow/dags/driven_data_pipeline.py
[2025-10-18T17:54:22.629+0000] {processor.py:914} INFO - Processing file /opt/airflow/dags/driven_data_pipeline.py for tasks to queue
[2025-10-18T17:54:22.630+0000] {logging_mixin.py:190} INFO - [2025-10-18T17:54:22.630+0000] {dagbag.py:588} INFO - Filling up the DagBag from /opt/airflow/dags/driven_data_pipeline.py
[2025-10-18T17:54:22.700+0000] {logging_mixin.py:190} INFO - [2025-10-18T17:54:22.699+0000] {dagbag.py:387} ERROR - Failed to import: /opt/airflow/dags/driven_data_pipeline.py
Traceback (most recent call last):
  File "/home/airflow/.local/lib/python3.12/site-packages/airflow/models/dagbag.py", line 383, in parse
    loader.exec_module(new_module)
  File "<frozen importlib._bootstrap_external>", line 995, in exec_module
  File "<frozen importlib._bootstrap>", line 488, in _call_with_frames_removed
  File "/opt/airflow/dags/driven_data_pipeline.py", line 161, in <module>
    start_date=datetime(2025, 20, 18),
               ^^^^^^^^^^^^^^^^^^^^^^
ValueError: month must be in 1..12
[2025-10-18T17:54:22.700+0000] {processor.py:927} WARNING - No viable dags retrieved from /opt/airflow/dags/driven_data_pipeline.py
[2025-10-18T17:54:22.708+0000] {processor.py:208} INFO - Processing /opt/airflow/dags/driven_data_pipeline.py took 0.085 seconds
[2025-10-18T17:54:52.931+0000] {processor.py:186} INFO - Started process (PID=686) to work on /opt/airflow/dags/driven_data_pipeline.py
[2025-10-18T17:54:52.932+0000] {processor.py:914} INFO - Processing file /opt/airflow/dags/driven_data_pipeline.py for tasks to queue
[2025-10-18T17:54:52.933+0000] {logging_mixin.py:190} INFO - [2025-10-18T17:54:52.933+0000] {dagbag.py:588} INFO - Filling up the DagBag from /opt/airflow/dags/driven_data_pipeline.py
[2025-10-18T17:54:53.041+0000] {logging_mixin.py:190} INFO - [2025-10-18T17:54:53.040+0000] {dagbag.py:387} ERROR - Failed to import: /opt/airflow/dags/driven_data_pipeline.py
Traceback (most recent call last):
  File "/home/airflow/.local/lib/python3.12/site-packages/airflow/models/dagbag.py", line 383, in parse
    loader.exec_module(new_module)
  File "<frozen importlib._bootstrap_external>", line 995, in exec_module
  File "<frozen importlib._bootstrap>", line 488, in _call_with_frames_removed
  File "/opt/airflow/dags/driven_data_pipeline.py", line 161, in <module>
    start_date=datetime(2025, 20, 18),
               ^^^^^^^^^^^^^^^^^^^^^^
ValueError: month must be in 1..12
[2025-10-18T17:54:53.042+0000] {processor.py:927} WARNING - No viable dags retrieved from /opt/airflow/dags/driven_data_pipeline.py
[2025-10-18T17:54:53.056+0000] {processor.py:208} INFO - Processing /opt/airflow/dags/driven_data_pipeline.py took 0.130 seconds
[2025-10-18T17:55:23.236+0000] {processor.py:186} INFO - Started process (PID=700) to work on /opt/airflow/dags/driven_data_pipeline.py
[2025-10-18T17:55:23.236+0000] {processor.py:914} INFO - Processing file /opt/airflow/dags/driven_data_pipeline.py for tasks to queue
[2025-10-18T17:55:23.237+0000] {logging_mixin.py:190} INFO - [2025-10-18T17:55:23.237+0000] {dagbag.py:588} INFO - Filling up the DagBag from /opt/airflow/dags/driven_data_pipeline.py
[2025-10-18T17:55:23.330+0000] {logging_mixin.py:190} INFO - [2025-10-18T17:55:23.329+0000] {dagbag.py:387} ERROR - Failed to import: /opt/airflow/dags/driven_data_pipeline.py
Traceback (most recent call last):
  File "/home/airflow/.local/lib/python3.12/site-packages/airflow/models/dagbag.py", line 383, in parse
    loader.exec_module(new_module)
  File "<frozen importlib._bootstrap_external>", line 995, in exec_module
  File "<frozen importlib._bootstrap>", line 488, in _call_with_frames_removed
  File "/opt/airflow/dags/driven_data_pipeline.py", line 161, in <module>
    start_date=datetime(2025, 20, 18),
               ^^^^^^^^^^^^^^^^^^^^^^
ValueError: month must be in 1..12
[2025-10-18T17:55:23.330+0000] {processor.py:927} WARNING - No viable dags retrieved from /opt/airflow/dags/driven_data_pipeline.py
[2025-10-18T17:55:23.339+0000] {processor.py:208} INFO - Processing /opt/airflow/dags/driven_data_pipeline.py took 0.111 seconds
[2025-10-18T17:55:53.566+0000] {processor.py:186} INFO - Started process (PID=708) to work on /opt/airflow/dags/driven_data_pipeline.py
[2025-10-18T17:55:53.568+0000] {processor.py:914} INFO - Processing file /opt/airflow/dags/driven_data_pipeline.py for tasks to queue
[2025-10-18T17:55:53.569+0000] {logging_mixin.py:190} INFO - [2025-10-18T17:55:53.569+0000] {dagbag.py:588} INFO - Filling up the DagBag from /opt/airflow/dags/driven_data_pipeline.py
[2025-10-18T17:55:53.642+0000] {logging_mixin.py:190} INFO - [2025-10-18T17:55:53.641+0000] {dagbag.py:387} ERROR - Failed to import: /opt/airflow/dags/driven_data_pipeline.py
Traceback (most recent call last):
  File "/home/airflow/.local/lib/python3.12/site-packages/airflow/models/dagbag.py", line 383, in parse
    loader.exec_module(new_module)
  File "<frozen importlib._bootstrap_external>", line 995, in exec_module
  File "<frozen importlib._bootstrap>", line 488, in _call_with_frames_removed
  File "/opt/airflow/dags/driven_data_pipeline.py", line 161, in <module>
    start_date=datetime(2025, 20, 18),
               ^^^^^^^^^^^^^^^^^^^^^^
ValueError: month must be in 1..12
[2025-10-18T17:55:53.643+0000] {processor.py:927} WARNING - No viable dags retrieved from /opt/airflow/dags/driven_data_pipeline.py
[2025-10-18T17:55:53.651+0000] {processor.py:208} INFO - Processing /opt/airflow/dags/driven_data_pipeline.py took 0.091 seconds
[2025-10-18T17:56:23.928+0000] {processor.py:186} INFO - Started process (PID=716) to work on /opt/airflow/dags/driven_data_pipeline.py
[2025-10-18T17:56:23.928+0000] {processor.py:914} INFO - Processing file /opt/airflow/dags/driven_data_pipeline.py for tasks to queue
[2025-10-18T17:56:23.929+0000] {logging_mixin.py:190} INFO - [2025-10-18T17:56:23.929+0000] {dagbag.py:588} INFO - Filling up the DagBag from /opt/airflow/dags/driven_data_pipeline.py
[2025-10-18T17:56:24.034+0000] {logging_mixin.py:190} INFO - [2025-10-18T17:56:24.033+0000] {dagbag.py:387} ERROR - Failed to import: /opt/airflow/dags/driven_data_pipeline.py
Traceback (most recent call last):
  File "/home/airflow/.local/lib/python3.12/site-packages/airflow/models/dagbag.py", line 383, in parse
    loader.exec_module(new_module)
  File "<frozen importlib._bootstrap_external>", line 995, in exec_module
  File "<frozen importlib._bootstrap>", line 488, in _call_with_frames_removed
  File "/opt/airflow/dags/driven_data_pipeline.py", line 161, in <module>
    start_date=datetime(2025, 20, 18),
               ^^^^^^^^^^^^^^^^^^^^^^
ValueError: month must be in 1..12
[2025-10-18T17:56:24.035+0000] {processor.py:927} WARNING - No viable dags retrieved from /opt/airflow/dags/driven_data_pipeline.py
[2025-10-18T17:56:24.042+0000] {processor.py:208} INFO - Processing /opt/airflow/dags/driven_data_pipeline.py took 0.119 seconds
[2025-10-18T17:56:54.204+0000] {processor.py:186} INFO - Started process (PID=724) to work on /opt/airflow/dags/driven_data_pipeline.py
[2025-10-18T17:56:54.204+0000] {processor.py:914} INFO - Processing file /opt/airflow/dags/driven_data_pipeline.py for tasks to queue
[2025-10-18T17:56:54.205+0000] {logging_mixin.py:190} INFO - [2025-10-18T17:56:54.205+0000] {dagbag.py:588} INFO - Filling up the DagBag from /opt/airflow/dags/driven_data_pipeline.py
[2025-10-18T17:56:54.281+0000] {logging_mixin.py:190} INFO - [2025-10-18T17:56:54.280+0000] {dagbag.py:387} ERROR - Failed to import: /opt/airflow/dags/driven_data_pipeline.py
Traceback (most recent call last):
  File "/home/airflow/.local/lib/python3.12/site-packages/airflow/models/dagbag.py", line 383, in parse
    loader.exec_module(new_module)
  File "<frozen importlib._bootstrap_external>", line 995, in exec_module
  File "<frozen importlib._bootstrap>", line 488, in _call_with_frames_removed
  File "/opt/airflow/dags/driven_data_pipeline.py", line 161, in <module>
    start_date=datetime(2025, 20, 18),
               ^^^^^^^^^^^^^^^^^^^^^^
ValueError: month must be in 1..12
[2025-10-18T17:56:54.282+0000] {processor.py:927} WARNING - No viable dags retrieved from /opt/airflow/dags/driven_data_pipeline.py
[2025-10-18T17:56:54.293+0000] {processor.py:208} INFO - Processing /opt/airflow/dags/driven_data_pipeline.py took 0.092 seconds
[2025-10-18T17:57:24.563+0000] {processor.py:186} INFO - Started process (PID=732) to work on /opt/airflow/dags/driven_data_pipeline.py
[2025-10-18T17:57:24.564+0000] {processor.py:914} INFO - Processing file /opt/airflow/dags/driven_data_pipeline.py for tasks to queue
[2025-10-18T17:57:24.564+0000] {logging_mixin.py:190} INFO - [2025-10-18T17:57:24.564+0000] {dagbag.py:588} INFO - Filling up the DagBag from /opt/airflow/dags/driven_data_pipeline.py
[2025-10-18T17:57:24.624+0000] {logging_mixin.py:190} INFO - [2025-10-18T17:57:24.623+0000] {dagbag.py:387} ERROR - Failed to import: /opt/airflow/dags/driven_data_pipeline.py
Traceback (most recent call last):
  File "/home/airflow/.local/lib/python3.12/site-packages/airflow/models/dagbag.py", line 383, in parse
    loader.exec_module(new_module)
  File "<frozen importlib._bootstrap_external>", line 995, in exec_module
  File "<frozen importlib._bootstrap>", line 488, in _call_with_frames_removed
  File "/opt/airflow/dags/driven_data_pipeline.py", line 161, in <module>
    start_date=datetime(2025, 20, 18),
               ^^^^^^^^^^^^^^^^^^^^^^
ValueError: month must be in 1..12
[2025-10-18T17:57:24.624+0000] {processor.py:927} WARNING - No viable dags retrieved from /opt/airflow/dags/driven_data_pipeline.py
[2025-10-18T17:57:24.632+0000] {processor.py:208} INFO - Processing /opt/airflow/dags/driven_data_pipeline.py took 0.071 seconds
[2025-10-18T17:57:54.873+0000] {processor.py:186} INFO - Started process (PID=740) to work on /opt/airflow/dags/driven_data_pipeline.py
[2025-10-18T17:57:54.874+0000] {processor.py:914} INFO - Processing file /opt/airflow/dags/driven_data_pipeline.py for tasks to queue
[2025-10-18T17:57:54.875+0000] {logging_mixin.py:190} INFO - [2025-10-18T17:57:54.875+0000] {dagbag.py:588} INFO - Filling up the DagBag from /opt/airflow/dags/driven_data_pipeline.py
[2025-10-18T17:57:54.951+0000] {logging_mixin.py:190} INFO - [2025-10-18T17:57:54.950+0000] {dagbag.py:387} ERROR - Failed to import: /opt/airflow/dags/driven_data_pipeline.py
Traceback (most recent call last):
  File "/home/airflow/.local/lib/python3.12/site-packages/airflow/models/dagbag.py", line 383, in parse
    loader.exec_module(new_module)
  File "<frozen importlib._bootstrap_external>", line 995, in exec_module
  File "<frozen importlib._bootstrap>", line 488, in _call_with_frames_removed
  File "/opt/airflow/dags/driven_data_pipeline.py", line 161, in <module>
    start_date=datetime(2025, 20, 18),
               ^^^^^^^^^^^^^^^^^^^^^^
ValueError: month must be in 1..12
[2025-10-18T17:57:54.951+0000] {processor.py:927} WARNING - No viable dags retrieved from /opt/airflow/dags/driven_data_pipeline.py
[2025-10-18T17:57:54.961+0000] {processor.py:208} INFO - Processing /opt/airflow/dags/driven_data_pipeline.py took 0.094 seconds
[2025-10-18T17:58:25.137+0000] {processor.py:186} INFO - Started process (PID=748) to work on /opt/airflow/dags/driven_data_pipeline.py
[2025-10-18T17:58:25.138+0000] {processor.py:914} INFO - Processing file /opt/airflow/dags/driven_data_pipeline.py for tasks to queue
[2025-10-18T17:58:25.139+0000] {logging_mixin.py:190} INFO - [2025-10-18T17:58:25.139+0000] {dagbag.py:588} INFO - Filling up the DagBag from /opt/airflow/dags/driven_data_pipeline.py
[2025-10-18T17:58:25.237+0000] {logging_mixin.py:190} INFO - [2025-10-18T17:58:25.236+0000] {dagbag.py:387} ERROR - Failed to import: /opt/airflow/dags/driven_data_pipeline.py
Traceback (most recent call last):
  File "/home/airflow/.local/lib/python3.12/site-packages/airflow/models/dagbag.py", line 383, in parse
    loader.exec_module(new_module)
  File "<frozen importlib._bootstrap_external>", line 995, in exec_module
  File "<frozen importlib._bootstrap>", line 488, in _call_with_frames_removed
  File "/opt/airflow/dags/driven_data_pipeline.py", line 161, in <module>
    start_date=datetime(2025, 20, 18),
               ^^^^^^^^^^^^^^^^^^^^^^
ValueError: month must be in 1..12
[2025-10-18T17:58:25.237+0000] {processor.py:927} WARNING - No viable dags retrieved from /opt/airflow/dags/driven_data_pipeline.py
[2025-10-18T17:58:25.246+0000] {processor.py:208} INFO - Processing /opt/airflow/dags/driven_data_pipeline.py took 0.116 seconds
[2025-10-18T17:58:55.531+0000] {processor.py:186} INFO - Started process (PID=756) to work on /opt/airflow/dags/driven_data_pipeline.py
[2025-10-18T17:58:55.532+0000] {processor.py:914} INFO - Processing file /opt/airflow/dags/driven_data_pipeline.py for tasks to queue
[2025-10-18T17:58:55.533+0000] {logging_mixin.py:190} INFO - [2025-10-18T17:58:55.532+0000] {dagbag.py:588} INFO - Filling up the DagBag from /opt/airflow/dags/driven_data_pipeline.py
[2025-10-18T17:58:55.619+0000] {logging_mixin.py:190} INFO - [2025-10-18T17:58:55.617+0000] {dagbag.py:387} ERROR - Failed to import: /opt/airflow/dags/driven_data_pipeline.py
Traceback (most recent call last):
  File "/home/airflow/.local/lib/python3.12/site-packages/airflow/models/dagbag.py", line 383, in parse
    loader.exec_module(new_module)
  File "<frozen importlib._bootstrap_external>", line 995, in exec_module
  File "<frozen importlib._bootstrap>", line 488, in _call_with_frames_removed
  File "/opt/airflow/dags/driven_data_pipeline.py", line 161, in <module>
    start_date=datetime(2025, 20, 18),
               ^^^^^^^^^^^^^^^^^^^^^^
ValueError: month must be in 1..12
[2025-10-18T17:58:55.619+0000] {processor.py:927} WARNING - No viable dags retrieved from /opt/airflow/dags/driven_data_pipeline.py
[2025-10-18T17:58:55.630+0000] {processor.py:208} INFO - Processing /opt/airflow/dags/driven_data_pipeline.py took 0.105 seconds
[2025-10-18T17:59:25.860+0000] {processor.py:186} INFO - Started process (PID=764) to work on /opt/airflow/dags/driven_data_pipeline.py
[2025-10-18T17:59:25.861+0000] {processor.py:914} INFO - Processing file /opt/airflow/dags/driven_data_pipeline.py for tasks to queue
[2025-10-18T17:59:25.862+0000] {logging_mixin.py:190} INFO - [2025-10-18T17:59:25.862+0000] {dagbag.py:588} INFO - Filling up the DagBag from /opt/airflow/dags/driven_data_pipeline.py
[2025-10-18T17:59:25.935+0000] {logging_mixin.py:190} INFO - [2025-10-18T17:59:25.934+0000] {dagbag.py:387} ERROR - Failed to import: /opt/airflow/dags/driven_data_pipeline.py
Traceback (most recent call last):
  File "/home/airflow/.local/lib/python3.12/site-packages/airflow/models/dagbag.py", line 383, in parse
    loader.exec_module(new_module)
  File "<frozen importlib._bootstrap_external>", line 995, in exec_module
  File "<frozen importlib._bootstrap>", line 488, in _call_with_frames_removed
  File "/opt/airflow/dags/driven_data_pipeline.py", line 161, in <module>
    start_date=datetime(2025, 20, 18),
               ^^^^^^^^^^^^^^^^^^^^^^
ValueError: month must be in 1..12
[2025-10-18T17:59:25.935+0000] {processor.py:927} WARNING - No viable dags retrieved from /opt/airflow/dags/driven_data_pipeline.py
[2025-10-18T17:59:25.943+0000] {processor.py:208} INFO - Processing /opt/airflow/dags/driven_data_pipeline.py took 0.090 seconds
[2025-10-18T17:59:56.210+0000] {processor.py:186} INFO - Started process (PID=772) to work on /opt/airflow/dags/driven_data_pipeline.py
[2025-10-18T17:59:56.211+0000] {processor.py:914} INFO - Processing file /opt/airflow/dags/driven_data_pipeline.py for tasks to queue
[2025-10-18T17:59:56.212+0000] {logging_mixin.py:190} INFO - [2025-10-18T17:59:56.211+0000] {dagbag.py:588} INFO - Filling up the DagBag from /opt/airflow/dags/driven_data_pipeline.py
[2025-10-18T17:59:56.298+0000] {logging_mixin.py:190} INFO - [2025-10-18T17:59:56.297+0000] {dagbag.py:387} ERROR - Failed to import: /opt/airflow/dags/driven_data_pipeline.py
Traceback (most recent call last):
  File "/home/airflow/.local/lib/python3.12/site-packages/airflow/models/dagbag.py", line 383, in parse
    loader.exec_module(new_module)
  File "<frozen importlib._bootstrap_external>", line 995, in exec_module
  File "<frozen importlib._bootstrap>", line 488, in _call_with_frames_removed
  File "/opt/airflow/dags/driven_data_pipeline.py", line 161, in <module>
    start_date=datetime(2025, 20, 18),
               ^^^^^^^^^^^^^^^^^^^^^^
ValueError: month must be in 1..12
[2025-10-18T17:59:56.298+0000] {processor.py:927} WARNING - No viable dags retrieved from /opt/airflow/dags/driven_data_pipeline.py
[2025-10-18T17:59:56.309+0000] {processor.py:208} INFO - Processing /opt/airflow/dags/driven_data_pipeline.py took 0.103 seconds
[2025-10-18T18:00:26.559+0000] {processor.py:186} INFO - Started process (PID=780) to work on /opt/airflow/dags/driven_data_pipeline.py
[2025-10-18T18:00:26.560+0000] {processor.py:914} INFO - Processing file /opt/airflow/dags/driven_data_pipeline.py for tasks to queue
[2025-10-18T18:00:26.561+0000] {logging_mixin.py:190} INFO - [2025-10-18T18:00:26.561+0000] {dagbag.py:588} INFO - Filling up the DagBag from /opt/airflow/dags/driven_data_pipeline.py
[2025-10-18T18:00:26.649+0000] {logging_mixin.py:190} INFO - [2025-10-18T18:00:26.647+0000] {dagbag.py:387} ERROR - Failed to import: /opt/airflow/dags/driven_data_pipeline.py
Traceback (most recent call last):
  File "/home/airflow/.local/lib/python3.12/site-packages/airflow/models/dagbag.py", line 383, in parse
    loader.exec_module(new_module)
  File "<frozen importlib._bootstrap_external>", line 995, in exec_module
  File "<frozen importlib._bootstrap>", line 488, in _call_with_frames_removed
  File "/opt/airflow/dags/driven_data_pipeline.py", line 161, in <module>
    start_date=datetime(2025, 20, 18),
               ^^^^^^^^^^^^^^^^^^^^^^
ValueError: month must be in 1..12
[2025-10-18T18:00:26.649+0000] {processor.py:927} WARNING - No viable dags retrieved from /opt/airflow/dags/driven_data_pipeline.py
[2025-10-18T18:00:26.658+0000] {processor.py:208} INFO - Processing /opt/airflow/dags/driven_data_pipeline.py took 0.108 seconds
[2025-10-18T18:00:56.894+0000] {processor.py:186} INFO - Started process (PID=788) to work on /opt/airflow/dags/driven_data_pipeline.py
[2025-10-18T18:00:56.895+0000] {processor.py:914} INFO - Processing file /opt/airflow/dags/driven_data_pipeline.py for tasks to queue
[2025-10-18T18:00:56.899+0000] {logging_mixin.py:190} INFO - [2025-10-18T18:00:56.899+0000] {dagbag.py:588} INFO - Filling up the DagBag from /opt/airflow/dags/driven_data_pipeline.py
[2025-10-18T18:00:57.043+0000] {logging_mixin.py:190} INFO - [2025-10-18T18:00:57.041+0000] {dagbag.py:387} ERROR - Failed to import: /opt/airflow/dags/driven_data_pipeline.py
Traceback (most recent call last):
  File "/home/airflow/.local/lib/python3.12/site-packages/airflow/models/dagbag.py", line 383, in parse
    loader.exec_module(new_module)
  File "<frozen importlib._bootstrap_external>", line 995, in exec_module
  File "<frozen importlib._bootstrap>", line 488, in _call_with_frames_removed
  File "/opt/airflow/dags/driven_data_pipeline.py", line 161, in <module>
    start_date=datetime(2025, 20, 18),
               ^^^^^^^^^^^^^^^^^^^^^^
ValueError: month must be in 1..12
[2025-10-18T18:00:57.043+0000] {processor.py:927} WARNING - No viable dags retrieved from /opt/airflow/dags/driven_data_pipeline.py
[2025-10-18T18:00:57.058+0000] {processor.py:208} INFO - Processing /opt/airflow/dags/driven_data_pipeline.py took 0.171 seconds
[2025-10-18T18:01:27.198+0000] {processor.py:186} INFO - Started process (PID=796) to work on /opt/airflow/dags/driven_data_pipeline.py
[2025-10-18T18:01:27.199+0000] {processor.py:914} INFO - Processing file /opt/airflow/dags/driven_data_pipeline.py for tasks to queue
[2025-10-18T18:01:27.200+0000] {logging_mixin.py:190} INFO - [2025-10-18T18:01:27.200+0000] {dagbag.py:588} INFO - Filling up the DagBag from /opt/airflow/dags/driven_data_pipeline.py
[2025-10-18T18:01:27.275+0000] {logging_mixin.py:190} INFO - [2025-10-18T18:01:27.274+0000] {dagbag.py:387} ERROR - Failed to import: /opt/airflow/dags/driven_data_pipeline.py
Traceback (most recent call last):
  File "/home/airflow/.local/lib/python3.12/site-packages/airflow/models/dagbag.py", line 383, in parse
    loader.exec_module(new_module)
  File "<frozen importlib._bootstrap_external>", line 995, in exec_module
  File "<frozen importlib._bootstrap>", line 488, in _call_with_frames_removed
  File "/opt/airflow/dags/driven_data_pipeline.py", line 161, in <module>
    start_date=datetime(2025, 20, 18),
               ^^^^^^^^^^^^^^^^^^^^^^
ValueError: month must be in 1..12
[2025-10-18T18:01:27.276+0000] {processor.py:927} WARNING - No viable dags retrieved from /opt/airflow/dags/driven_data_pipeline.py
[2025-10-18T18:01:27.284+0000] {processor.py:208} INFO - Processing /opt/airflow/dags/driven_data_pipeline.py took 0.093 seconds
[2025-10-18T18:01:57.526+0000] {processor.py:186} INFO - Started process (PID=804) to work on /opt/airflow/dags/driven_data_pipeline.py
[2025-10-18T18:01:57.527+0000] {processor.py:914} INFO - Processing file /opt/airflow/dags/driven_data_pipeline.py for tasks to queue
[2025-10-18T18:01:57.529+0000] {logging_mixin.py:190} INFO - [2025-10-18T18:01:57.528+0000] {dagbag.py:588} INFO - Filling up the DagBag from /opt/airflow/dags/driven_data_pipeline.py
[2025-10-18T18:01:57.611+0000] {logging_mixin.py:190} INFO - [2025-10-18T18:01:57.610+0000] {dagbag.py:387} ERROR - Failed to import: /opt/airflow/dags/driven_data_pipeline.py
Traceback (most recent call last):
  File "/home/airflow/.local/lib/python3.12/site-packages/airflow/models/dagbag.py", line 383, in parse
    loader.exec_module(new_module)
  File "<frozen importlib._bootstrap_external>", line 995, in exec_module
  File "<frozen importlib._bootstrap>", line 488, in _call_with_frames_removed
  File "/opt/airflow/dags/driven_data_pipeline.py", line 161, in <module>
    start_date=datetime(2025, 20, 18),
               ^^^^^^^^^^^^^^^^^^^^^^
ValueError: month must be in 1..12
[2025-10-18T18:01:57.611+0000] {processor.py:927} WARNING - No viable dags retrieved from /opt/airflow/dags/driven_data_pipeline.py
[2025-10-18T18:01:57.620+0000] {processor.py:208} INFO - Processing /opt/airflow/dags/driven_data_pipeline.py took 0.098 seconds
[2025-10-18T18:02:27.802+0000] {processor.py:186} INFO - Started process (PID=812) to work on /opt/airflow/dags/driven_data_pipeline.py
[2025-10-18T18:02:27.803+0000] {processor.py:914} INFO - Processing file /opt/airflow/dags/driven_data_pipeline.py for tasks to queue
[2025-10-18T18:02:27.804+0000] {logging_mixin.py:190} INFO - [2025-10-18T18:02:27.804+0000] {dagbag.py:588} INFO - Filling up the DagBag from /opt/airflow/dags/driven_data_pipeline.py
[2025-10-18T18:02:27.869+0000] {logging_mixin.py:190} INFO - [2025-10-18T18:02:27.868+0000] {dagbag.py:387} ERROR - Failed to import: /opt/airflow/dags/driven_data_pipeline.py
Traceback (most recent call last):
  File "/home/airflow/.local/lib/python3.12/site-packages/airflow/models/dagbag.py", line 383, in parse
    loader.exec_module(new_module)
  File "<frozen importlib._bootstrap_external>", line 995, in exec_module
  File "<frozen importlib._bootstrap>", line 488, in _call_with_frames_removed
  File "/opt/airflow/dags/driven_data_pipeline.py", line 161, in <module>
    start_date=datetime(2025, 20, 18),
               ^^^^^^^^^^^^^^^^^^^^^^
ValueError: month must be in 1..12
[2025-10-18T18:02:27.869+0000] {processor.py:927} WARNING - No viable dags retrieved from /opt/airflow/dags/driven_data_pipeline.py
[2025-10-18T18:02:27.877+0000] {processor.py:208} INFO - Processing /opt/airflow/dags/driven_data_pipeline.py took 0.079 seconds
[2025-10-18T18:02:58.088+0000] {processor.py:186} INFO - Started process (PID=820) to work on /opt/airflow/dags/driven_data_pipeline.py
[2025-10-18T18:02:58.089+0000] {processor.py:914} INFO - Processing file /opt/airflow/dags/driven_data_pipeline.py for tasks to queue
[2025-10-18T18:02:58.089+0000] {logging_mixin.py:190} INFO - [2025-10-18T18:02:58.089+0000] {dagbag.py:588} INFO - Filling up the DagBag from /opt/airflow/dags/driven_data_pipeline.py
[2025-10-18T18:02:58.158+0000] {logging_mixin.py:190} INFO - [2025-10-18T18:02:58.156+0000] {dagbag.py:387} ERROR - Failed to import: /opt/airflow/dags/driven_data_pipeline.py
Traceback (most recent call last):
  File "/home/airflow/.local/lib/python3.12/site-packages/airflow/models/dagbag.py", line 383, in parse
    loader.exec_module(new_module)
  File "<frozen importlib._bootstrap_external>", line 995, in exec_module
  File "<frozen importlib._bootstrap>", line 488, in _call_with_frames_removed
  File "/opt/airflow/dags/driven_data_pipeline.py", line 161, in <module>
    start_date=datetime(2025, 20, 18),
               ^^^^^^^^^^^^^^^^^^^^^^
ValueError: month must be in 1..12
[2025-10-18T18:02:58.158+0000] {processor.py:927} WARNING - No viable dags retrieved from /opt/airflow/dags/driven_data_pipeline.py
[2025-10-18T18:02:58.166+0000] {processor.py:208} INFO - Processing /opt/airflow/dags/driven_data_pipeline.py took 0.082 seconds
[2025-10-18T18:03:28.477+0000] {processor.py:186} INFO - Started process (PID=828) to work on /opt/airflow/dags/driven_data_pipeline.py
[2025-10-18T18:03:28.477+0000] {processor.py:914} INFO - Processing file /opt/airflow/dags/driven_data_pipeline.py for tasks to queue
[2025-10-18T18:03:28.479+0000] {logging_mixin.py:190} INFO - [2025-10-18T18:03:28.478+0000] {dagbag.py:588} INFO - Filling up the DagBag from /opt/airflow/dags/driven_data_pipeline.py
[2025-10-18T18:03:28.551+0000] {logging_mixin.py:190} INFO - [2025-10-18T18:03:28.550+0000] {dagbag.py:387} ERROR - Failed to import: /opt/airflow/dags/driven_data_pipeline.py
Traceback (most recent call last):
  File "/home/airflow/.local/lib/python3.12/site-packages/airflow/models/dagbag.py", line 383, in parse
    loader.exec_module(new_module)
  File "<frozen importlib._bootstrap_external>", line 995, in exec_module
  File "<frozen importlib._bootstrap>", line 488, in _call_with_frames_removed
  File "/opt/airflow/dags/driven_data_pipeline.py", line 161, in <module>
    start_date=datetime(2025, 20, 18),
               ^^^^^^^^^^^^^^^^^^^^^^
ValueError: month must be in 1..12
[2025-10-18T18:03:28.552+0000] {processor.py:927} WARNING - No viable dags retrieved from /opt/airflow/dags/driven_data_pipeline.py
[2025-10-18T18:03:28.560+0000] {processor.py:208} INFO - Processing /opt/airflow/dags/driven_data_pipeline.py took 0.090 seconds
[2025-10-18T18:03:58.775+0000] {processor.py:186} INFO - Started process (PID=836) to work on /opt/airflow/dags/driven_data_pipeline.py
[2025-10-18T18:03:58.776+0000] {processor.py:914} INFO - Processing file /opt/airflow/dags/driven_data_pipeline.py for tasks to queue
[2025-10-18T18:03:58.777+0000] {logging_mixin.py:190} INFO - [2025-10-18T18:03:58.777+0000] {dagbag.py:588} INFO - Filling up the DagBag from /opt/airflow/dags/driven_data_pipeline.py
[2025-10-18T18:03:58.857+0000] {logging_mixin.py:190} INFO - [2025-10-18T18:03:58.856+0000] {dagbag.py:387} ERROR - Failed to import: /opt/airflow/dags/driven_data_pipeline.py
Traceback (most recent call last):
  File "/home/airflow/.local/lib/python3.12/site-packages/airflow/models/dagbag.py", line 383, in parse
    loader.exec_module(new_module)
  File "<frozen importlib._bootstrap_external>", line 995, in exec_module
  File "<frozen importlib._bootstrap>", line 488, in _call_with_frames_removed
  File "/opt/airflow/dags/driven_data_pipeline.py", line 161, in <module>
    start_date=datetime(2025, 20, 18),
               ^^^^^^^^^^^^^^^^^^^^^^
ValueError: month must be in 1..12
[2025-10-18T18:03:58.858+0000] {processor.py:927} WARNING - No viable dags retrieved from /opt/airflow/dags/driven_data_pipeline.py
[2025-10-18T18:03:58.867+0000] {processor.py:208} INFO - Processing /opt/airflow/dags/driven_data_pipeline.py took 0.098 seconds
[2025-10-18T18:04:29.151+0000] {processor.py:186} INFO - Started process (PID=844) to work on /opt/airflow/dags/driven_data_pipeline.py
[2025-10-18T18:04:29.152+0000] {processor.py:914} INFO - Processing file /opt/airflow/dags/driven_data_pipeline.py for tasks to queue
[2025-10-18T18:04:29.153+0000] {logging_mixin.py:190} INFO - [2025-10-18T18:04:29.153+0000] {dagbag.py:588} INFO - Filling up the DagBag from /opt/airflow/dags/driven_data_pipeline.py
[2025-10-18T18:04:29.232+0000] {logging_mixin.py:190} INFO - [2025-10-18T18:04:29.231+0000] {dagbag.py:387} ERROR - Failed to import: /opt/airflow/dags/driven_data_pipeline.py
Traceback (most recent call last):
  File "/home/airflow/.local/lib/python3.12/site-packages/airflow/models/dagbag.py", line 383, in parse
    loader.exec_module(new_module)
  File "<frozen importlib._bootstrap_external>", line 995, in exec_module
  File "<frozen importlib._bootstrap>", line 488, in _call_with_frames_removed
  File "/opt/airflow/dags/driven_data_pipeline.py", line 161, in <module>
    start_date=datetime(2025, 20, 18),
               ^^^^^^^^^^^^^^^^^^^^^^
ValueError: month must be in 1..12
[2025-10-18T18:04:29.232+0000] {processor.py:927} WARNING - No viable dags retrieved from /opt/airflow/dags/driven_data_pipeline.py
[2025-10-18T18:04:29.240+0000] {processor.py:208} INFO - Processing /opt/airflow/dags/driven_data_pipeline.py took 0.097 seconds
[2025-10-18T18:04:59.468+0000] {processor.py:186} INFO - Started process (PID=852) to work on /opt/airflow/dags/driven_data_pipeline.py
[2025-10-18T18:04:59.469+0000] {processor.py:914} INFO - Processing file /opt/airflow/dags/driven_data_pipeline.py for tasks to queue
[2025-10-18T18:04:59.470+0000] {logging_mixin.py:190} INFO - [2025-10-18T18:04:59.469+0000] {dagbag.py:588} INFO - Filling up the DagBag from /opt/airflow/dags/driven_data_pipeline.py
[2025-10-18T18:04:59.546+0000] {logging_mixin.py:190} INFO - [2025-10-18T18:04:59.544+0000] {dagbag.py:387} ERROR - Failed to import: /opt/airflow/dags/driven_data_pipeline.py
Traceback (most recent call last):
  File "/home/airflow/.local/lib/python3.12/site-packages/airflow/models/dagbag.py", line 383, in parse
    loader.exec_module(new_module)
  File "<frozen importlib._bootstrap_external>", line 995, in exec_module
  File "<frozen importlib._bootstrap>", line 488, in _call_with_frames_removed
  File "/opt/airflow/dags/driven_data_pipeline.py", line 161, in <module>
    start_date=datetime(2025, 20, 18),
               ^^^^^^^^^^^^^^^^^^^^^^
ValueError: month must be in 1..12
[2025-10-18T18:04:59.546+0000] {processor.py:927} WARNING - No viable dags retrieved from /opt/airflow/dags/driven_data_pipeline.py
[2025-10-18T18:04:59.554+0000] {processor.py:208} INFO - Processing /opt/airflow/dags/driven_data_pipeline.py took 0.092 seconds
[2025-10-18T18:05:29.808+0000] {processor.py:186} INFO - Started process (PID=860) to work on /opt/airflow/dags/driven_data_pipeline.py
[2025-10-18T18:05:29.811+0000] {processor.py:914} INFO - Processing file /opt/airflow/dags/driven_data_pipeline.py for tasks to queue
[2025-10-18T18:05:29.812+0000] {logging_mixin.py:190} INFO - [2025-10-18T18:05:29.811+0000] {dagbag.py:588} INFO - Filling up the DagBag from /opt/airflow/dags/driven_data_pipeline.py
[2025-10-18T18:05:29.896+0000] {logging_mixin.py:190} INFO - [2025-10-18T18:05:29.896+0000] {dagbag.py:387} ERROR - Failed to import: /opt/airflow/dags/driven_data_pipeline.py
Traceback (most recent call last):
  File "/home/airflow/.local/lib/python3.12/site-packages/airflow/models/dagbag.py", line 383, in parse
    loader.exec_module(new_module)
  File "<frozen importlib._bootstrap_external>", line 995, in exec_module
  File "<frozen importlib._bootstrap>", line 488, in _call_with_frames_removed
  File "/opt/airflow/dags/driven_data_pipeline.py", line 161, in <module>
    start_date=datetime(2025, 20, 18),
               ^^^^^^^^^^^^^^^^^^^^^^
ValueError: month must be in 1..12
[2025-10-18T18:05:29.897+0000] {processor.py:927} WARNING - No viable dags retrieved from /opt/airflow/dags/driven_data_pipeline.py
[2025-10-18T18:05:29.906+0000] {processor.py:208} INFO - Processing /opt/airflow/dags/driven_data_pipeline.py took 0.104 seconds
[2025-10-18T18:06:00.086+0000] {processor.py:186} INFO - Started process (PID=868) to work on /opt/airflow/dags/driven_data_pipeline.py
[2025-10-18T18:06:00.087+0000] {processor.py:914} INFO - Processing file /opt/airflow/dags/driven_data_pipeline.py for tasks to queue
[2025-10-18T18:06:00.091+0000] {logging_mixin.py:190} INFO - [2025-10-18T18:06:00.090+0000] {dagbag.py:588} INFO - Filling up the DagBag from /opt/airflow/dags/driven_data_pipeline.py
[2025-10-18T18:06:00.212+0000] {logging_mixin.py:190} INFO - [2025-10-18T18:06:00.211+0000] {dagbag.py:387} ERROR - Failed to import: /opt/airflow/dags/driven_data_pipeline.py
Traceback (most recent call last):
  File "/home/airflow/.local/lib/python3.12/site-packages/airflow/models/dagbag.py", line 383, in parse
    loader.exec_module(new_module)
  File "<frozen importlib._bootstrap_external>", line 995, in exec_module
  File "<frozen importlib._bootstrap>", line 488, in _call_with_frames_removed
  File "/opt/airflow/dags/driven_data_pipeline.py", line 161, in <module>
    start_date=datetime(2025, 20, 18),
               ^^^^^^^^^^^^^^^^^^^^^^
ValueError: month must be in 1..12
[2025-10-18T18:06:00.213+0000] {processor.py:927} WARNING - No viable dags retrieved from /opt/airflow/dags/driven_data_pipeline.py
[2025-10-18T18:06:00.226+0000] {processor.py:208} INFO - Processing /opt/airflow/dags/driven_data_pipeline.py took 0.147 seconds
[2025-10-18T18:06:30.475+0000] {processor.py:186} INFO - Started process (PID=876) to work on /opt/airflow/dags/driven_data_pipeline.py
[2025-10-18T18:06:30.476+0000] {processor.py:914} INFO - Processing file /opt/airflow/dags/driven_data_pipeline.py for tasks to queue
[2025-10-18T18:06:30.477+0000] {logging_mixin.py:190} INFO - [2025-10-18T18:06:30.476+0000] {dagbag.py:588} INFO - Filling up the DagBag from /opt/airflow/dags/driven_data_pipeline.py
[2025-10-18T18:06:30.566+0000] {logging_mixin.py:190} INFO - [2025-10-18T18:06:30.565+0000] {dagbag.py:387} ERROR - Failed to import: /opt/airflow/dags/driven_data_pipeline.py
Traceback (most recent call last):
  File "/home/airflow/.local/lib/python3.12/site-packages/airflow/models/dagbag.py", line 383, in parse
    loader.exec_module(new_module)
  File "<frozen importlib._bootstrap_external>", line 995, in exec_module
  File "<frozen importlib._bootstrap>", line 488, in _call_with_frames_removed
  File "/opt/airflow/dags/driven_data_pipeline.py", line 161, in <module>
    start_date=datetime(2025, 20, 18),
               ^^^^^^^^^^^^^^^^^^^^^^
ValueError: month must be in 1..12
[2025-10-18T18:06:30.567+0000] {processor.py:927} WARNING - No viable dags retrieved from /opt/airflow/dags/driven_data_pipeline.py
[2025-10-18T18:06:30.577+0000] {processor.py:208} INFO - Processing /opt/airflow/dags/driven_data_pipeline.py took 0.109 seconds
[2025-10-18T18:06:45.651+0000] {processor.py:186} INFO - Started process (PID=878) to work on /opt/airflow/dags/driven_data_pipeline.py
[2025-10-18T18:06:45.652+0000] {processor.py:914} INFO - Processing file /opt/airflow/dags/driven_data_pipeline.py for tasks to queue
[2025-10-18T18:06:45.653+0000] {logging_mixin.py:190} INFO - [2025-10-18T18:06:45.653+0000] {dagbag.py:588} INFO - Filling up the DagBag from /opt/airflow/dags/driven_data_pipeline.py
[2025-10-18T18:06:45.737+0000] {logging_mixin.py:190} INFO - [2025-10-18T18:06:45.736+0000] {dagbag.py:387} ERROR - Failed to import: /opt/airflow/dags/driven_data_pipeline.py
Traceback (most recent call last):
  File "/home/airflow/.local/lib/python3.12/site-packages/airflow/models/dagbag.py", line 383, in parse
    loader.exec_module(new_module)
  File "<frozen importlib._bootstrap_external>", line 995, in exec_module
  File "<frozen importlib._bootstrap>", line 488, in _call_with_frames_removed
  File "/opt/airflow/dags/driven_data_pipeline.py", line 161, in <module>
    start_date=datetime(2025, 20, 18),
               ^^^^^^^^^^^^^^^^^^^^^^
ValueError: month must be in 1..12
[2025-10-18T18:06:45.737+0000] {processor.py:927} WARNING - No viable dags retrieved from /opt/airflow/dags/driven_data_pipeline.py
[2025-10-18T18:06:45.746+0000] {processor.py:208} INFO - Processing /opt/airflow/dags/driven_data_pipeline.py took 0.102 seconds
[2025-10-18T18:07:16.020+0000] {processor.py:186} INFO - Started process (PID=885) to work on /opt/airflow/dags/driven_data_pipeline.py
[2025-10-18T18:07:16.021+0000] {processor.py:914} INFO - Processing file /opt/airflow/dags/driven_data_pipeline.py for tasks to queue
[2025-10-18T18:07:16.022+0000] {logging_mixin.py:190} INFO - [2025-10-18T18:07:16.021+0000] {dagbag.py:588} INFO - Filling up the DagBag from /opt/airflow/dags/driven_data_pipeline.py
[2025-10-18T18:07:16.091+0000] {logging_mixin.py:190} INFO - [2025-10-18T18:07:16.090+0000] {dagbag.py:387} ERROR - Failed to import: /opt/airflow/dags/driven_data_pipeline.py
Traceback (most recent call last):
  File "/home/airflow/.local/lib/python3.12/site-packages/airflow/models/dagbag.py", line 383, in parse
    loader.exec_module(new_module)
  File "<frozen importlib._bootstrap_external>", line 995, in exec_module
  File "<frozen importlib._bootstrap>", line 488, in _call_with_frames_removed
  File "/opt/airflow/dags/driven_data_pipeline.py", line 161, in <module>
    start_date=datetime(2025, 20, 18),
               ^^^^^^^^^^^^^^^^^^^^^^
ValueError: month must be in 1..12
[2025-10-18T18:07:16.091+0000] {processor.py:927} WARNING - No viable dags retrieved from /opt/airflow/dags/driven_data_pipeline.py
[2025-10-18T18:07:16.099+0000] {processor.py:208} INFO - Processing /opt/airflow/dags/driven_data_pipeline.py took 0.085 seconds
[2025-10-18T18:07:46.296+0000] {processor.py:186} INFO - Started process (PID=893) to work on /opt/airflow/dags/driven_data_pipeline.py
[2025-10-18T18:07:46.297+0000] {processor.py:914} INFO - Processing file /opt/airflow/dags/driven_data_pipeline.py for tasks to queue
[2025-10-18T18:07:46.299+0000] {logging_mixin.py:190} INFO - [2025-10-18T18:07:46.298+0000] {dagbag.py:588} INFO - Filling up the DagBag from /opt/airflow/dags/driven_data_pipeline.py
[2025-10-18T18:07:46.367+0000] {logging_mixin.py:190} INFO - [2025-10-18T18:07:46.366+0000] {dagbag.py:387} ERROR - Failed to import: /opt/airflow/dags/driven_data_pipeline.py
Traceback (most recent call last):
  File "/home/airflow/.local/lib/python3.12/site-packages/airflow/models/dagbag.py", line 383, in parse
    loader.exec_module(new_module)
  File "<frozen importlib._bootstrap_external>", line 995, in exec_module
  File "<frozen importlib._bootstrap>", line 488, in _call_with_frames_removed
  File "/opt/airflow/dags/driven_data_pipeline.py", line 161, in <module>
    start_date=datetime(2025, 20, 18),
               ^^^^^^^^^^^^^^^^^^^^^^
ValueError: month must be in 1..12
[2025-10-18T18:07:46.368+0000] {processor.py:927} WARNING - No viable dags retrieved from /opt/airflow/dags/driven_data_pipeline.py
[2025-10-18T18:07:46.375+0000] {processor.py:208} INFO - Processing /opt/airflow/dags/driven_data_pipeline.py took 0.085 seconds
[2025-10-18T18:08:16.591+0000] {processor.py:186} INFO - Started process (PID=901) to work on /opt/airflow/dags/driven_data_pipeline.py
[2025-10-18T18:08:16.592+0000] {processor.py:914} INFO - Processing file /opt/airflow/dags/driven_data_pipeline.py for tasks to queue
[2025-10-18T18:08:16.593+0000] {logging_mixin.py:190} INFO - [2025-10-18T18:08:16.592+0000] {dagbag.py:588} INFO - Filling up the DagBag from /opt/airflow/dags/driven_data_pipeline.py
[2025-10-18T18:08:16.659+0000] {logging_mixin.py:190} INFO - [2025-10-18T18:08:16.658+0000] {dagbag.py:387} ERROR - Failed to import: /opt/airflow/dags/driven_data_pipeline.py
Traceback (most recent call last):
  File "/home/airflow/.local/lib/python3.12/site-packages/airflow/models/dagbag.py", line 383, in parse
    loader.exec_module(new_module)
  File "<frozen importlib._bootstrap_external>", line 995, in exec_module
  File "<frozen importlib._bootstrap>", line 488, in _call_with_frames_removed
  File "/opt/airflow/dags/driven_data_pipeline.py", line 161, in <module>
    start_date=datetime(2025, 20, 18),
               ^^^^^^^^^^^^^^^^^^^^^^
ValueError: month must be in 1..12
[2025-10-18T18:08:16.660+0000] {processor.py:927} WARNING - No viable dags retrieved from /opt/airflow/dags/driven_data_pipeline.py
[2025-10-18T18:08:16.667+0000] {processor.py:208} INFO - Processing /opt/airflow/dags/driven_data_pipeline.py took 0.081 seconds
[2025-10-18T18:08:46.834+0000] {processor.py:186} INFO - Started process (PID=909) to work on /opt/airflow/dags/driven_data_pipeline.py
[2025-10-18T18:08:46.835+0000] {processor.py:914} INFO - Processing file /opt/airflow/dags/driven_data_pipeline.py for tasks to queue
[2025-10-18T18:08:46.836+0000] {logging_mixin.py:190} INFO - [2025-10-18T18:08:46.835+0000] {dagbag.py:588} INFO - Filling up the DagBag from /opt/airflow/dags/driven_data_pipeline.py
[2025-10-18T18:08:46.896+0000] {logging_mixin.py:190} INFO - [2025-10-18T18:08:46.895+0000] {dagbag.py:387} ERROR - Failed to import: /opt/airflow/dags/driven_data_pipeline.py
Traceback (most recent call last):
  File "/home/airflow/.local/lib/python3.12/site-packages/airflow/models/dagbag.py", line 383, in parse
    loader.exec_module(new_module)
  File "<frozen importlib._bootstrap_external>", line 995, in exec_module
  File "<frozen importlib._bootstrap>", line 488, in _call_with_frames_removed
  File "/opt/airflow/dags/driven_data_pipeline.py", line 161, in <module>
    start_date=datetime(2025, 20, 18),
               ^^^^^^^^^^^^^^^^^^^^^^
ValueError: month must be in 1..12
[2025-10-18T18:08:46.896+0000] {processor.py:927} WARNING - No viable dags retrieved from /opt/airflow/dags/driven_data_pipeline.py
[2025-10-18T18:08:46.903+0000] {processor.py:208} INFO - Processing /opt/airflow/dags/driven_data_pipeline.py took 0.072 seconds
[2025-10-18T18:09:06.026+0000] {processor.py:186} INFO - Started process (PID=917) to work on /opt/airflow/dags/driven_data_pipeline.py
[2025-10-18T18:09:06.027+0000] {processor.py:914} INFO - Processing file /opt/airflow/dags/driven_data_pipeline.py for tasks to queue
[2025-10-18T18:09:06.028+0000] {logging_mixin.py:190} INFO - [2025-10-18T18:09:06.028+0000] {dagbag.py:588} INFO - Filling up the DagBag from /opt/airflow/dags/driven_data_pipeline.py
[2025-10-18T18:09:06.111+0000] {logging_mixin.py:190} INFO - [2025-10-18T18:09:06.111+0000] {dagbag.py:387} ERROR - Failed to import: /opt/airflow/dags/driven_data_pipeline.py
Traceback (most recent call last):
  File "/home/airflow/.local/lib/python3.12/site-packages/airflow/models/dagbag.py", line 383, in parse
    loader.exec_module(new_module)
  File "<frozen importlib._bootstrap_external>", line 995, in exec_module
  File "<frozen importlib._bootstrap>", line 488, in _call_with_frames_removed
  File "/opt/airflow/dags/driven_data_pipeline.py", line 11, in <module>
    import airflow.providers.standard.operators.bash.BashOperator
ModuleNotFoundError: No module named 'airflow.providers.standard'
[2025-10-18T18:09:06.112+0000] {processor.py:927} WARNING - No viable dags retrieved from /opt/airflow/dags/driven_data_pipeline.py
[2025-10-18T18:09:06.120+0000] {processor.py:208} INFO - Processing /opt/airflow/dags/driven_data_pipeline.py took 0.100 seconds
[2025-10-18T18:09:21.224+0000] {processor.py:186} INFO - Started process (PID=919) to work on /opt/airflow/dags/driven_data_pipeline.py
[2025-10-18T18:09:21.225+0000] {processor.py:914} INFO - Processing file /opt/airflow/dags/driven_data_pipeline.py for tasks to queue
[2025-10-18T18:09:21.226+0000] {logging_mixin.py:190} INFO - [2025-10-18T18:09:21.226+0000] {dagbag.py:588} INFO - Filling up the DagBag from /opt/airflow/dags/driven_data_pipeline.py
[2025-10-18T18:09:21.301+0000] {processor.py:925} INFO - DAG(s) 'extract_raw_data_pipeline' retrieved from /opt/airflow/dags/driven_data_pipeline.py
[2025-10-18T18:09:21.356+0000] {logging_mixin.py:190} INFO - [2025-10-18T18:09:21.356+0000] {dag.py:3239} INFO - Sync 1 DAGs
[2025-10-18T18:09:21.366+0000] {logging_mixin.py:190} INFO - [2025-10-18T18:09:21.366+0000] {dag.py:4180} INFO - Setting next_dagrun for extract_raw_data_pipeline to 2025-10-18 07:58:00+00:00, run_after=2025-10-18 07:59:00+00:00
[2025-10-18T18:09:21.374+0000] {processor.py:208} INFO - Processing /opt/airflow/dags/driven_data_pipeline.py took 0.155 seconds
[2025-10-18T18:09:51.597+0000] {processor.py:186} INFO - Started process (PID=926) to work on /opt/airflow/dags/driven_data_pipeline.py
[2025-10-18T18:09:51.599+0000] {processor.py:914} INFO - Processing file /opt/airflow/dags/driven_data_pipeline.py for tasks to queue
[2025-10-18T18:09:51.600+0000] {logging_mixin.py:190} INFO - [2025-10-18T18:09:51.600+0000] {dagbag.py:588} INFO - Filling up the DagBag from /opt/airflow/dags/driven_data_pipeline.py
[2025-10-18T18:09:51.702+0000] {processor.py:925} INFO - DAG(s) 'extract_raw_data_pipeline' retrieved from /opt/airflow/dags/driven_data_pipeline.py
[2025-10-18T18:09:51.714+0000] {logging_mixin.py:190} INFO - [2025-10-18T18:09:51.714+0000] {dag.py:3239} INFO - Sync 1 DAGs
[2025-10-18T18:09:51.725+0000] {logging_mixin.py:190} INFO - [2025-10-18T18:09:51.724+0000] {dag.py:4180} INFO - Setting next_dagrun for extract_raw_data_pipeline to 2025-10-18 07:58:00+00:00, run_after=2025-10-18 07:59:00+00:00
[2025-10-18T18:09:51.734+0000] {processor.py:208} INFO - Processing /opt/airflow/dags/driven_data_pipeline.py took 0.145 seconds
[2025-10-18T18:10:21.916+0000] {processor.py:186} INFO - Started process (PID=934) to work on /opt/airflow/dags/driven_data_pipeline.py
[2025-10-18T18:10:21.919+0000] {processor.py:914} INFO - Processing file /opt/airflow/dags/driven_data_pipeline.py for tasks to queue
[2025-10-18T18:10:21.922+0000] {logging_mixin.py:190} INFO - [2025-10-18T18:10:21.921+0000] {dagbag.py:588} INFO - Filling up the DagBag from /opt/airflow/dags/driven_data_pipeline.py
[2025-10-18T18:10:22.050+0000] {processor.py:925} INFO - DAG(s) 'extract_raw_data_pipeline' retrieved from /opt/airflow/dags/driven_data_pipeline.py
[2025-10-18T18:10:22.065+0000] {logging_mixin.py:190} INFO - [2025-10-18T18:10:22.065+0000] {dag.py:3239} INFO - Sync 1 DAGs
[2025-10-18T18:10:22.074+0000] {logging_mixin.py:190} INFO - [2025-10-18T18:10:22.074+0000] {dag.py:4180} INFO - Setting next_dagrun for extract_raw_data_pipeline to 2025-10-18 07:58:00+00:00, run_after=2025-10-18 07:59:00+00:00
[2025-10-18T18:10:22.081+0000] {processor.py:208} INFO - Processing /opt/airflow/dags/driven_data_pipeline.py took 0.170 seconds
[2025-10-18T18:10:52.295+0000] {processor.py:186} INFO - Started process (PID=942) to work on /opt/airflow/dags/driven_data_pipeline.py
[2025-10-18T18:10:52.296+0000] {processor.py:914} INFO - Processing file /opt/airflow/dags/driven_data_pipeline.py for tasks to queue
[2025-10-18T18:10:52.297+0000] {logging_mixin.py:190} INFO - [2025-10-18T18:10:52.296+0000] {dagbag.py:588} INFO - Filling up the DagBag from /opt/airflow/dags/driven_data_pipeline.py
[2025-10-18T18:10:52.369+0000] {processor.py:925} INFO - DAG(s) 'extract_raw_data_pipeline' retrieved from /opt/airflow/dags/driven_data_pipeline.py
[2025-10-18T18:10:52.380+0000] {logging_mixin.py:190} INFO - [2025-10-18T18:10:52.379+0000] {dag.py:3239} INFO - Sync 1 DAGs
[2025-10-18T18:10:52.389+0000] {logging_mixin.py:190} INFO - [2025-10-18T18:10:52.389+0000] {dag.py:4180} INFO - Setting next_dagrun for extract_raw_data_pipeline to 2025-10-18 07:58:00+00:00, run_after=2025-10-18 07:59:00+00:00
[2025-10-18T18:10:52.396+0000] {processor.py:208} INFO - Processing /opt/airflow/dags/driven_data_pipeline.py took 0.104 seconds
[2025-10-18T18:11:22.594+0000] {processor.py:186} INFO - Started process (PID=950) to work on /opt/airflow/dags/driven_data_pipeline.py
[2025-10-18T18:11:22.596+0000] {processor.py:914} INFO - Processing file /opt/airflow/dags/driven_data_pipeline.py for tasks to queue
[2025-10-18T18:11:22.597+0000] {logging_mixin.py:190} INFO - [2025-10-18T18:11:22.597+0000] {dagbag.py:588} INFO - Filling up the DagBag from /opt/airflow/dags/driven_data_pipeline.py
[2025-10-18T18:11:22.658+0000] {processor.py:925} INFO - DAG(s) 'extract_raw_data_pipeline' retrieved from /opt/airflow/dags/driven_data_pipeline.py
[2025-10-18T18:11:22.669+0000] {logging_mixin.py:190} INFO - [2025-10-18T18:11:22.669+0000] {dag.py:3239} INFO - Sync 1 DAGs
[2025-10-18T18:11:22.678+0000] {logging_mixin.py:190} INFO - [2025-10-18T18:11:22.678+0000] {dag.py:4180} INFO - Setting next_dagrun for extract_raw_data_pipeline to 2025-10-18 07:58:00+00:00, run_after=2025-10-18 07:59:00+00:00
[2025-10-18T18:11:22.684+0000] {processor.py:208} INFO - Processing /opt/airflow/dags/driven_data_pipeline.py took 0.092 seconds
[2025-10-18T18:11:23.736+0000] {processor.py:186} INFO - Started process (PID=952) to work on /opt/airflow/dags/driven_data_pipeline.py
[2025-10-18T18:11:23.737+0000] {processor.py:914} INFO - Processing file /opt/airflow/dags/driven_data_pipeline.py for tasks to queue
[2025-10-18T18:11:23.738+0000] {logging_mixin.py:190} INFO - [2025-10-18T18:11:23.737+0000] {dagbag.py:588} INFO - Filling up the DagBag from /opt/airflow/dags/driven_data_pipeline.py
[2025-10-18T18:11:23.816+0000] {logging_mixin.py:190} INFO - [2025-10-18T18:11:23.816+0000] {dagbag.py:387} ERROR - Failed to import: /opt/airflow/dags/driven_data_pipeline.py
Traceback (most recent call last):
  File "/home/airflow/.local/lib/python3.12/site-packages/airflow/models/dagbag.py", line 383, in parse
    loader.exec_module(new_module)
  File "<frozen importlib._bootstrap_external>", line 995, in exec_module
  File "<frozen importlib._bootstrap>", line 488, in _call_with_frames_removed
  File "/opt/airflow/dags/driven_data_pipeline.py", line 11, in <module>
    from airflow.providers.standard.operators.bash import BashOperator
ModuleNotFoundError: No module named 'airflow.providers.standard'
[2025-10-18T18:11:23.817+0000] {processor.py:927} WARNING - No viable dags retrieved from /opt/airflow/dags/driven_data_pipeline.py
[2025-10-18T18:11:23.826+0000] {processor.py:208} INFO - Processing /opt/airflow/dags/driven_data_pipeline.py took 0.105 seconds
[2025-10-18T18:11:46.972+0000] {processor.py:186} INFO - Started process (PID=960) to work on /opt/airflow/dags/driven_data_pipeline.py
[2025-10-18T18:11:46.973+0000] {processor.py:914} INFO - Processing file /opt/airflow/dags/driven_data_pipeline.py for tasks to queue
[2025-10-18T18:11:46.975+0000] {logging_mixin.py:190} INFO - [2025-10-18T18:11:46.974+0000] {dagbag.py:588} INFO - Filling up the DagBag from /opt/airflow/dags/driven_data_pipeline.py
[2025-10-18T18:11:47.047+0000] {logging_mixin.py:190} INFO - [2025-10-18T18:11:47.046+0000] {dagbag.py:387} ERROR - Failed to import: /opt/airflow/dags/driven_data_pipeline.py
Traceback (most recent call last):
  File "/home/airflow/.local/lib/python3.12/site-packages/airflow/models/dagbag.py", line 383, in parse
    loader.exec_module(new_module)
  File "<frozen importlib._bootstrap_external>", line 995, in exec_module
  File "<frozen importlib._bootstrap>", line 488, in _call_with_frames_removed
  File "/opt/airflow/dags/driven_data_pipeline.py", line 11, in <module>
    from airflow.providers.standard.operators.bash import BashOperator
ModuleNotFoundError: No module named 'airflow.providers.standard'
[2025-10-18T18:11:47.047+0000] {processor.py:927} WARNING - No viable dags retrieved from /opt/airflow/dags/driven_data_pipeline.py
[2025-10-18T18:11:47.056+0000] {processor.py:208} INFO - Processing /opt/airflow/dags/driven_data_pipeline.py took 0.089 seconds
[2025-10-18T18:12:17.343+0000] {processor.py:186} INFO - Started process (PID=968) to work on /opt/airflow/dags/driven_data_pipeline.py
[2025-10-18T18:12:17.345+0000] {processor.py:914} INFO - Processing file /opt/airflow/dags/driven_data_pipeline.py for tasks to queue
[2025-10-18T18:12:17.345+0000] {logging_mixin.py:190} INFO - [2025-10-18T18:12:17.345+0000] {dagbag.py:588} INFO - Filling up the DagBag from /opt/airflow/dags/driven_data_pipeline.py
[2025-10-18T18:12:17.410+0000] {logging_mixin.py:190} INFO - [2025-10-18T18:12:17.409+0000] {dagbag.py:387} ERROR - Failed to import: /opt/airflow/dags/driven_data_pipeline.py
Traceback (most recent call last):
  File "/home/airflow/.local/lib/python3.12/site-packages/airflow/models/dagbag.py", line 383, in parse
    loader.exec_module(new_module)
  File "<frozen importlib._bootstrap_external>", line 995, in exec_module
  File "<frozen importlib._bootstrap>", line 488, in _call_with_frames_removed
  File "/opt/airflow/dags/driven_data_pipeline.py", line 11, in <module>
    from airflow.providers.standard.operators.bash import BashOperator
ModuleNotFoundError: No module named 'airflow.providers.standard'
[2025-10-18T18:12:17.410+0000] {processor.py:927} WARNING - No viable dags retrieved from /opt/airflow/dags/driven_data_pipeline.py
[2025-10-18T18:12:17.418+0000] {processor.py:208} INFO - Processing /opt/airflow/dags/driven_data_pipeline.py took 0.079 seconds
[2025-10-18T18:12:47.701+0000] {processor.py:186} INFO - Started process (PID=976) to work on /opt/airflow/dags/driven_data_pipeline.py
[2025-10-18T18:12:47.702+0000] {processor.py:914} INFO - Processing file /opt/airflow/dags/driven_data_pipeline.py for tasks to queue
[2025-10-18T18:12:47.703+0000] {logging_mixin.py:190} INFO - [2025-10-18T18:12:47.703+0000] {dagbag.py:588} INFO - Filling up the DagBag from /opt/airflow/dags/driven_data_pipeline.py
[2025-10-18T18:12:47.779+0000] {logging_mixin.py:190} INFO - [2025-10-18T18:12:47.777+0000] {dagbag.py:387} ERROR - Failed to import: /opt/airflow/dags/driven_data_pipeline.py
Traceback (most recent call last):
  File "/home/airflow/.local/lib/python3.12/site-packages/airflow/models/dagbag.py", line 383, in parse
    loader.exec_module(new_module)
  File "<frozen importlib._bootstrap_external>", line 995, in exec_module
  File "<frozen importlib._bootstrap>", line 488, in _call_with_frames_removed
  File "/opt/airflow/dags/driven_data_pipeline.py", line 11, in <module>
    from airflow.providers.standard.operators.bash import BashOperator
ModuleNotFoundError: No module named 'airflow.providers.standard'
[2025-10-18T18:12:47.779+0000] {processor.py:927} WARNING - No viable dags retrieved from /opt/airflow/dags/driven_data_pipeline.py
[2025-10-18T18:12:47.788+0000] {processor.py:208} INFO - Processing /opt/airflow/dags/driven_data_pipeline.py took 0.092 seconds
[2025-10-18T18:13:18.015+0000] {processor.py:186} INFO - Started process (PID=984) to work on /opt/airflow/dags/driven_data_pipeline.py
[2025-10-18T18:13:18.017+0000] {processor.py:914} INFO - Processing file /opt/airflow/dags/driven_data_pipeline.py for tasks to queue
[2025-10-18T18:13:18.018+0000] {logging_mixin.py:190} INFO - [2025-10-18T18:13:18.018+0000] {dagbag.py:588} INFO - Filling up the DagBag from /opt/airflow/dags/driven_data_pipeline.py
[2025-10-18T18:13:18.098+0000] {logging_mixin.py:190} INFO - [2025-10-18T18:13:18.097+0000] {dagbag.py:387} ERROR - Failed to import: /opt/airflow/dags/driven_data_pipeline.py
Traceback (most recent call last):
  File "/home/airflow/.local/lib/python3.12/site-packages/airflow/models/dagbag.py", line 383, in parse
    loader.exec_module(new_module)
  File "<frozen importlib._bootstrap_external>", line 995, in exec_module
  File "<frozen importlib._bootstrap>", line 488, in _call_with_frames_removed
  File "/opt/airflow/dags/driven_data_pipeline.py", line 11, in <module>
    from airflow.providers.standard.operators.bash import BashOperator
ModuleNotFoundError: No module named 'airflow.providers.standard'
[2025-10-18T18:13:18.098+0000] {processor.py:927} WARNING - No viable dags retrieved from /opt/airflow/dags/driven_data_pipeline.py
[2025-10-18T18:13:18.108+0000] {processor.py:208} INFO - Processing /opt/airflow/dags/driven_data_pipeline.py took 0.100 seconds
[2025-10-18T18:13:48.391+0000] {processor.py:186} INFO - Started process (PID=992) to work on /opt/airflow/dags/driven_data_pipeline.py
[2025-10-18T18:13:48.392+0000] {processor.py:914} INFO - Processing file /opt/airflow/dags/driven_data_pipeline.py for tasks to queue
[2025-10-18T18:13:48.393+0000] {logging_mixin.py:190} INFO - [2025-10-18T18:13:48.393+0000] {dagbag.py:588} INFO - Filling up the DagBag from /opt/airflow/dags/driven_data_pipeline.py
[2025-10-18T18:13:48.471+0000] {logging_mixin.py:190} INFO - [2025-10-18T18:13:48.470+0000] {dagbag.py:387} ERROR - Failed to import: /opt/airflow/dags/driven_data_pipeline.py
Traceback (most recent call last):
  File "/home/airflow/.local/lib/python3.12/site-packages/airflow/models/dagbag.py", line 383, in parse
    loader.exec_module(new_module)
  File "<frozen importlib._bootstrap_external>", line 995, in exec_module
  File "<frozen importlib._bootstrap>", line 488, in _call_with_frames_removed
  File "/opt/airflow/dags/driven_data_pipeline.py", line 11, in <module>
    from airflow.providers.standard.operators.bash import BashOperator
ModuleNotFoundError: No module named 'airflow.providers.standard'
[2025-10-18T18:13:48.471+0000] {processor.py:927} WARNING - No viable dags retrieved from /opt/airflow/dags/driven_data_pipeline.py
[2025-10-18T18:13:48.483+0000] {processor.py:208} INFO - Processing /opt/airflow/dags/driven_data_pipeline.py took 0.099 seconds
[2025-10-18T18:14:18.659+0000] {processor.py:186} INFO - Started process (PID=1000) to work on /opt/airflow/dags/driven_data_pipeline.py
[2025-10-18T18:14:18.660+0000] {processor.py:914} INFO - Processing file /opt/airflow/dags/driven_data_pipeline.py for tasks to queue
[2025-10-18T18:14:18.661+0000] {logging_mixin.py:190} INFO - [2025-10-18T18:14:18.660+0000] {dagbag.py:588} INFO - Filling up the DagBag from /opt/airflow/dags/driven_data_pipeline.py
[2025-10-18T18:14:18.749+0000] {logging_mixin.py:190} INFO - [2025-10-18T18:14:18.747+0000] {dagbag.py:387} ERROR - Failed to import: /opt/airflow/dags/driven_data_pipeline.py
Traceback (most recent call last):
  File "/home/airflow/.local/lib/python3.12/site-packages/airflow/models/dagbag.py", line 383, in parse
    loader.exec_module(new_module)
  File "<frozen importlib._bootstrap_external>", line 995, in exec_module
  File "<frozen importlib._bootstrap>", line 488, in _call_with_frames_removed
  File "/opt/airflow/dags/driven_data_pipeline.py", line 11, in <module>
    from airflow.providers.standard.operators.bash import BashOperator
ModuleNotFoundError: No module named 'airflow.providers.standard'
[2025-10-18T18:14:18.749+0000] {processor.py:927} WARNING - No viable dags retrieved from /opt/airflow/dags/driven_data_pipeline.py
[2025-10-18T18:14:18.760+0000] {processor.py:208} INFO - Processing /opt/airflow/dags/driven_data_pipeline.py took 0.108 seconds
[2025-10-18T18:14:49.076+0000] {processor.py:186} INFO - Started process (PID=1008) to work on /opt/airflow/dags/driven_data_pipeline.py
[2025-10-18T18:14:49.077+0000] {processor.py:914} INFO - Processing file /opt/airflow/dags/driven_data_pipeline.py for tasks to queue
[2025-10-18T18:14:49.078+0000] {logging_mixin.py:190} INFO - [2025-10-18T18:14:49.078+0000] {dagbag.py:588} INFO - Filling up the DagBag from /opt/airflow/dags/driven_data_pipeline.py
[2025-10-18T18:14:49.145+0000] {logging_mixin.py:190} INFO - [2025-10-18T18:14:49.144+0000] {dagbag.py:387} ERROR - Failed to import: /opt/airflow/dags/driven_data_pipeline.py
Traceback (most recent call last):
  File "/home/airflow/.local/lib/python3.12/site-packages/airflow/models/dagbag.py", line 383, in parse
    loader.exec_module(new_module)
  File "<frozen importlib._bootstrap_external>", line 995, in exec_module
  File "<frozen importlib._bootstrap>", line 488, in _call_with_frames_removed
  File "/opt/airflow/dags/driven_data_pipeline.py", line 11, in <module>
    from airflow.providers.standard.operators.bash import BashOperator
ModuleNotFoundError: No module named 'airflow.providers.standard'
[2025-10-18T18:14:49.145+0000] {processor.py:927} WARNING - No viable dags retrieved from /opt/airflow/dags/driven_data_pipeline.py
[2025-10-18T18:14:49.153+0000] {processor.py:208} INFO - Processing /opt/airflow/dags/driven_data_pipeline.py took 0.081 seconds
[2025-10-18T18:15:19.374+0000] {processor.py:186} INFO - Started process (PID=1016) to work on /opt/airflow/dags/driven_data_pipeline.py
[2025-10-18T18:15:19.376+0000] {processor.py:914} INFO - Processing file /opt/airflow/dags/driven_data_pipeline.py for tasks to queue
[2025-10-18T18:15:19.378+0000] {logging_mixin.py:190} INFO - [2025-10-18T18:15:19.377+0000] {dagbag.py:588} INFO - Filling up the DagBag from /opt/airflow/dags/driven_data_pipeline.py
[2025-10-18T18:15:19.471+0000] {logging_mixin.py:190} INFO - [2025-10-18T18:15:19.471+0000] {dagbag.py:387} ERROR - Failed to import: /opt/airflow/dags/driven_data_pipeline.py
Traceback (most recent call last):
  File "/home/airflow/.local/lib/python3.12/site-packages/airflow/models/dagbag.py", line 383, in parse
    loader.exec_module(new_module)
  File "<frozen importlib._bootstrap_external>", line 995, in exec_module
  File "<frozen importlib._bootstrap>", line 488, in _call_with_frames_removed
  File "/opt/airflow/dags/driven_data_pipeline.py", line 11, in <module>
    from airflow.providers.standard.operators.bash import BashOperator
ModuleNotFoundError: No module named 'airflow.providers.standard'
[2025-10-18T18:15:19.472+0000] {processor.py:927} WARNING - No viable dags retrieved from /opt/airflow/dags/driven_data_pipeline.py
[2025-10-18T18:15:19.482+0000] {processor.py:208} INFO - Processing /opt/airflow/dags/driven_data_pipeline.py took 0.118 seconds
[2025-10-18T18:15:42.676+0000] {processor.py:186} INFO - Started process (PID=1024) to work on /opt/airflow/dags/driven_data_pipeline.py
[2025-10-18T18:15:42.678+0000] {processor.py:914} INFO - Processing file /opt/airflow/dags/driven_data_pipeline.py for tasks to queue
[2025-10-18T18:15:42.679+0000] {logging_mixin.py:190} INFO - [2025-10-18T18:15:42.679+0000] {dagbag.py:588} INFO - Filling up the DagBag from /opt/airflow/dags/driven_data_pipeline.py
[2025-10-18T18:15:42.766+0000] {processor.py:925} INFO - DAG(s) 'extract_raw_data_pipeline' retrieved from /opt/airflow/dags/driven_data_pipeline.py
[2025-10-18T18:15:42.819+0000] {logging_mixin.py:190} INFO - [2025-10-18T18:15:42.819+0000] {dag.py:3239} INFO - Sync 1 DAGs
[2025-10-18T18:15:42.829+0000] {logging_mixin.py:190} INFO - [2025-10-18T18:15:42.829+0000] {dag.py:4180} INFO - Setting next_dagrun for extract_raw_data_pipeline to 2025-10-18 07:58:00+00:00, run_after=2025-10-18 07:59:00+00:00
[2025-10-18T18:15:42.838+0000] {processor.py:208} INFO - Processing /opt/airflow/dags/driven_data_pipeline.py took 0.167 seconds
[2025-10-18T18:16:12.987+0000] {processor.py:186} INFO - Started process (PID=1032) to work on /opt/airflow/dags/driven_data_pipeline.py
[2025-10-18T18:16:12.988+0000] {processor.py:914} INFO - Processing file /opt/airflow/dags/driven_data_pipeline.py for tasks to queue
[2025-10-18T18:16:12.989+0000] {logging_mixin.py:190} INFO - [2025-10-18T18:16:12.988+0000] {dagbag.py:588} INFO - Filling up the DagBag from /opt/airflow/dags/driven_data_pipeline.py
[2025-10-18T18:16:13.046+0000] {processor.py:925} INFO - DAG(s) 'extract_raw_data_pipeline' retrieved from /opt/airflow/dags/driven_data_pipeline.py
[2025-10-18T18:16:13.057+0000] {logging_mixin.py:190} INFO - [2025-10-18T18:16:13.056+0000] {dag.py:3239} INFO - Sync 1 DAGs
[2025-10-18T18:16:13.066+0000] {logging_mixin.py:190} INFO - [2025-10-18T18:16:13.066+0000] {dag.py:4180} INFO - Setting next_dagrun for extract_raw_data_pipeline to 2025-10-18 07:58:00+00:00, run_after=2025-10-18 07:59:00+00:00
[2025-10-18T18:16:13.072+0000] {processor.py:208} INFO - Processing /opt/airflow/dags/driven_data_pipeline.py took 0.088 seconds
[2025-10-18T18:16:43.318+0000] {processor.py:186} INFO - Started process (PID=1040) to work on /opt/airflow/dags/driven_data_pipeline.py
[2025-10-18T18:16:43.320+0000] {processor.py:914} INFO - Processing file /opt/airflow/dags/driven_data_pipeline.py for tasks to queue
[2025-10-18T18:16:43.320+0000] {logging_mixin.py:190} INFO - [2025-10-18T18:16:43.320+0000] {dagbag.py:588} INFO - Filling up the DagBag from /opt/airflow/dags/driven_data_pipeline.py
[2025-10-18T18:16:43.395+0000] {processor.py:925} INFO - DAG(s) 'extract_raw_data_pipeline' retrieved from /opt/airflow/dags/driven_data_pipeline.py
[2025-10-18T18:16:43.407+0000] {logging_mixin.py:190} INFO - [2025-10-18T18:16:43.407+0000] {dag.py:3239} INFO - Sync 1 DAGs
[2025-10-18T18:16:43.418+0000] {logging_mixin.py:190} INFO - [2025-10-18T18:16:43.418+0000] {dag.py:4180} INFO - Setting next_dagrun for extract_raw_data_pipeline to 2025-10-18 07:58:00+00:00, run_after=2025-10-18 07:59:00+00:00
[2025-10-18T18:16:43.426+0000] {processor.py:208} INFO - Processing /opt/airflow/dags/driven_data_pipeline.py took 0.111 seconds
[2025-10-18T18:17:13.645+0000] {processor.py:186} INFO - Started process (PID=1048) to work on /opt/airflow/dags/driven_data_pipeline.py
[2025-10-18T18:17:13.647+0000] {processor.py:914} INFO - Processing file /opt/airflow/dags/driven_data_pipeline.py for tasks to queue
[2025-10-18T18:17:13.648+0000] {logging_mixin.py:190} INFO - [2025-10-18T18:17:13.648+0000] {dagbag.py:588} INFO - Filling up the DagBag from /opt/airflow/dags/driven_data_pipeline.py
[2025-10-18T18:17:13.718+0000] {processor.py:925} INFO - DAG(s) 'extract_raw_data_pipeline' retrieved from /opt/airflow/dags/driven_data_pipeline.py
[2025-10-18T18:17:13.729+0000] {logging_mixin.py:190} INFO - [2025-10-18T18:17:13.729+0000] {dag.py:3239} INFO - Sync 1 DAGs
[2025-10-18T18:17:13.738+0000] {logging_mixin.py:190} INFO - [2025-10-18T18:17:13.738+0000] {dag.py:4180} INFO - Setting next_dagrun for extract_raw_data_pipeline to 2025-10-18 07:58:00+00:00, run_after=2025-10-18 07:59:00+00:00
[2025-10-18T18:17:13.743+0000] {processor.py:208} INFO - Processing /opt/airflow/dags/driven_data_pipeline.py took 0.102 seconds
[2025-10-18T18:17:43.930+0000] {processor.py:186} INFO - Started process (PID=1056) to work on /opt/airflow/dags/driven_data_pipeline.py
[2025-10-18T18:17:43.930+0000] {processor.py:914} INFO - Processing file /opt/airflow/dags/driven_data_pipeline.py for tasks to queue
[2025-10-18T18:17:43.931+0000] {logging_mixin.py:190} INFO - [2025-10-18T18:17:43.931+0000] {dagbag.py:588} INFO - Filling up the DagBag from /opt/airflow/dags/driven_data_pipeline.py
[2025-10-18T18:17:43.999+0000] {processor.py:925} INFO - DAG(s) 'extract_raw_data_pipeline' retrieved from /opt/airflow/dags/driven_data_pipeline.py
[2025-10-18T18:17:44.011+0000] {logging_mixin.py:190} INFO - [2025-10-18T18:17:44.010+0000] {dag.py:3239} INFO - Sync 1 DAGs
[2025-10-18T18:17:44.020+0000] {logging_mixin.py:190} INFO - [2025-10-18T18:17:44.019+0000] {dag.py:4180} INFO - Setting next_dagrun for extract_raw_data_pipeline to 2025-10-18 07:58:00+00:00, run_after=2025-10-18 07:59:00+00:00
[2025-10-18T18:17:44.026+0000] {processor.py:208} INFO - Processing /opt/airflow/dags/driven_data_pipeline.py took 0.100 seconds
[2025-10-18T18:18:14.222+0000] {processor.py:186} INFO - Started process (PID=1070) to work on /opt/airflow/dags/driven_data_pipeline.py
[2025-10-18T18:18:14.224+0000] {processor.py:914} INFO - Processing file /opt/airflow/dags/driven_data_pipeline.py for tasks to queue
[2025-10-18T18:18:14.225+0000] {logging_mixin.py:190} INFO - [2025-10-18T18:18:14.225+0000] {dagbag.py:588} INFO - Filling up the DagBag from /opt/airflow/dags/driven_data_pipeline.py
[2025-10-18T18:18:14.300+0000] {processor.py:925} INFO - DAG(s) 'extract_raw_data_pipeline' retrieved from /opt/airflow/dags/driven_data_pipeline.py
[2025-10-18T18:18:14.312+0000] {logging_mixin.py:190} INFO - [2025-10-18T18:18:14.311+0000] {dag.py:3239} INFO - Sync 1 DAGs
[2025-10-18T18:18:14.321+0000] {logging_mixin.py:190} INFO - [2025-10-18T18:18:14.321+0000] {dag.py:4180} INFO - Setting next_dagrun for extract_raw_data_pipeline to 2025-10-18 07:59:00+00:00, run_after=2025-10-19 07:00:00+00:00
[2025-10-18T18:18:14.327+0000] {processor.py:208} INFO - Processing /opt/airflow/dags/driven_data_pipeline.py took 0.113 seconds
[2025-10-18T18:18:44.612+0000] {processor.py:186} INFO - Started process (PID=1078) to work on /opt/airflow/dags/driven_data_pipeline.py
[2025-10-18T18:18:44.613+0000] {processor.py:914} INFO - Processing file /opt/airflow/dags/driven_data_pipeline.py for tasks to queue
[2025-10-18T18:18:44.614+0000] {logging_mixin.py:190} INFO - [2025-10-18T18:18:44.614+0000] {dagbag.py:588} INFO - Filling up the DagBag from /opt/airflow/dags/driven_data_pipeline.py
[2025-10-18T18:18:44.686+0000] {processor.py:925} INFO - DAG(s) 'extract_raw_data_pipeline' retrieved from /opt/airflow/dags/driven_data_pipeline.py
[2025-10-18T18:18:44.696+0000] {logging_mixin.py:190} INFO - [2025-10-18T18:18:44.696+0000] {dag.py:3239} INFO - Sync 1 DAGs
[2025-10-18T18:18:44.705+0000] {logging_mixin.py:190} INFO - [2025-10-18T18:18:44.705+0000] {dag.py:4180} INFO - Setting next_dagrun for extract_raw_data_pipeline to 2025-10-18 07:59:00+00:00, run_after=2025-10-19 07:00:00+00:00
[2025-10-18T18:18:44.712+0000] {processor.py:208} INFO - Processing /opt/airflow/dags/driven_data_pipeline.py took 0.104 seconds
[2025-10-18T18:19:14.884+0000] {processor.py:186} INFO - Started process (PID=1086) to work on /opt/airflow/dags/driven_data_pipeline.py
[2025-10-18T18:19:14.885+0000] {processor.py:914} INFO - Processing file /opt/airflow/dags/driven_data_pipeline.py for tasks to queue
[2025-10-18T18:19:14.886+0000] {logging_mixin.py:190} INFO - [2025-10-18T18:19:14.886+0000] {dagbag.py:588} INFO - Filling up the DagBag from /opt/airflow/dags/driven_data_pipeline.py
[2025-10-18T18:19:14.975+0000] {processor.py:925} INFO - DAG(s) 'extract_raw_data_pipeline' retrieved from /opt/airflow/dags/driven_data_pipeline.py
[2025-10-18T18:19:14.987+0000] {logging_mixin.py:190} INFO - [2025-10-18T18:19:14.987+0000] {dag.py:3239} INFO - Sync 1 DAGs
[2025-10-18T18:19:14.999+0000] {logging_mixin.py:190} INFO - [2025-10-18T18:19:14.999+0000] {dag.py:4180} INFO - Setting next_dagrun for extract_raw_data_pipeline to 2025-10-18 07:59:00+00:00, run_after=2025-10-19 07:00:00+00:00
[2025-10-18T18:19:15.006+0000] {processor.py:208} INFO - Processing /opt/airflow/dags/driven_data_pipeline.py took 0.128 seconds
[2025-10-18T18:19:45.226+0000] {processor.py:186} INFO - Started process (PID=1094) to work on /opt/airflow/dags/driven_data_pipeline.py
[2025-10-18T18:19:45.227+0000] {processor.py:914} INFO - Processing file /opt/airflow/dags/driven_data_pipeline.py for tasks to queue
[2025-10-18T18:19:45.228+0000] {logging_mixin.py:190} INFO - [2025-10-18T18:19:45.228+0000] {dagbag.py:588} INFO - Filling up the DagBag from /opt/airflow/dags/driven_data_pipeline.py
[2025-10-18T18:19:45.307+0000] {processor.py:925} INFO - DAG(s) 'extract_raw_data_pipeline' retrieved from /opt/airflow/dags/driven_data_pipeline.py
[2025-10-18T18:19:45.319+0000] {logging_mixin.py:190} INFO - [2025-10-18T18:19:45.318+0000] {dag.py:3239} INFO - Sync 1 DAGs
[2025-10-18T18:19:45.328+0000] {logging_mixin.py:190} INFO - [2025-10-18T18:19:45.328+0000] {dag.py:4180} INFO - Setting next_dagrun for extract_raw_data_pipeline to 2025-10-18 07:59:00+00:00, run_after=2025-10-19 07:00:00+00:00
[2025-10-18T18:19:45.335+0000] {processor.py:208} INFO - Processing /opt/airflow/dags/driven_data_pipeline.py took 0.114 seconds
[2025-10-18T18:20:15.567+0000] {processor.py:186} INFO - Started process (PID=1102) to work on /opt/airflow/dags/driven_data_pipeline.py
[2025-10-18T18:20:15.568+0000] {processor.py:914} INFO - Processing file /opt/airflow/dags/driven_data_pipeline.py for tasks to queue
[2025-10-18T18:20:15.569+0000] {logging_mixin.py:190} INFO - [2025-10-18T18:20:15.569+0000] {dagbag.py:588} INFO - Filling up the DagBag from /opt/airflow/dags/driven_data_pipeline.py
[2025-10-18T18:20:15.654+0000] {processor.py:925} INFO - DAG(s) 'extract_raw_data_pipeline' retrieved from /opt/airflow/dags/driven_data_pipeline.py
[2025-10-18T18:20:15.666+0000] {logging_mixin.py:190} INFO - [2025-10-18T18:20:15.666+0000] {dag.py:3239} INFO - Sync 1 DAGs
[2025-10-18T18:20:15.675+0000] {logging_mixin.py:190} INFO - [2025-10-18T18:20:15.675+0000] {dag.py:4180} INFO - Setting next_dagrun for extract_raw_data_pipeline to 2025-10-18 07:59:00+00:00, run_after=2025-10-19 07:00:00+00:00
[2025-10-18T18:20:15.682+0000] {processor.py:208} INFO - Processing /opt/airflow/dags/driven_data_pipeline.py took 0.122 seconds
[2025-10-18T18:20:45.890+0000] {processor.py:186} INFO - Started process (PID=1110) to work on /opt/airflow/dags/driven_data_pipeline.py
[2025-10-18T18:20:45.892+0000] {processor.py:914} INFO - Processing file /opt/airflow/dags/driven_data_pipeline.py for tasks to queue
[2025-10-18T18:20:45.893+0000] {logging_mixin.py:190} INFO - [2025-10-18T18:20:45.893+0000] {dagbag.py:588} INFO - Filling up the DagBag from /opt/airflow/dags/driven_data_pipeline.py
[2025-10-18T18:20:45.982+0000] {processor.py:925} INFO - DAG(s) 'extract_raw_data_pipeline' retrieved from /opt/airflow/dags/driven_data_pipeline.py
[2025-10-18T18:20:45.994+0000] {logging_mixin.py:190} INFO - [2025-10-18T18:20:45.994+0000] {dag.py:3239} INFO - Sync 1 DAGs
[2025-10-18T18:20:46.009+0000] {logging_mixin.py:190} INFO - [2025-10-18T18:20:46.008+0000] {dag.py:4180} INFO - Setting next_dagrun for extract_raw_data_pipeline to 2025-10-18 07:59:00+00:00, run_after=2025-10-19 07:00:00+00:00
[2025-10-18T18:20:46.016+0000] {processor.py:208} INFO - Processing /opt/airflow/dags/driven_data_pipeline.py took 0.131 seconds
[2025-10-18T18:21:09.138+0000] {processor.py:186} INFO - Started process (PID=1118) to work on /opt/airflow/dags/driven_data_pipeline.py
[2025-10-18T18:21:09.139+0000] {processor.py:914} INFO - Processing file /opt/airflow/dags/driven_data_pipeline.py for tasks to queue
[2025-10-18T18:21:09.140+0000] {logging_mixin.py:190} INFO - [2025-10-18T18:21:09.140+0000] {dagbag.py:588} INFO - Filling up the DagBag from /opt/airflow/dags/driven_data_pipeline.py
[2025-10-18T18:21:09.227+0000] {processor.py:925} INFO - DAG(s) 'extract_raw_data_pipeline' retrieved from /opt/airflow/dags/driven_data_pipeline.py
[2025-10-18T18:21:09.274+0000] {logging_mixin.py:190} INFO - [2025-10-18T18:21:09.274+0000] {dag.py:3239} INFO - Sync 1 DAGs
[2025-10-18T18:21:09.283+0000] {logging_mixin.py:190} INFO - [2025-10-18T18:21:09.283+0000] {dag.py:4180} INFO - Setting next_dagrun for extract_raw_data_pipeline to 2025-10-18 07:59:00+00:00, run_after=2025-10-19 07:00:00+00:00
[2025-10-18T18:21:09.292+0000] {processor.py:208} INFO - Processing /opt/airflow/dags/driven_data_pipeline.py took 0.160 seconds
[2025-10-18T18:21:39.424+0000] {processor.py:186} INFO - Started process (PID=1126) to work on /opt/airflow/dags/driven_data_pipeline.py
[2025-10-18T18:21:39.425+0000] {processor.py:914} INFO - Processing file /opt/airflow/dags/driven_data_pipeline.py for tasks to queue
[2025-10-18T18:21:39.426+0000] {logging_mixin.py:190} INFO - [2025-10-18T18:21:39.426+0000] {dagbag.py:588} INFO - Filling up the DagBag from /opt/airflow/dags/driven_data_pipeline.py
[2025-10-18T18:21:39.498+0000] {processor.py:925} INFO - DAG(s) 'extract_raw_data_pipeline' retrieved from /opt/airflow/dags/driven_data_pipeline.py
[2025-10-18T18:21:39.509+0000] {logging_mixin.py:190} INFO - [2025-10-18T18:21:39.509+0000] {dag.py:3239} INFO - Sync 1 DAGs
[2025-10-18T18:21:39.517+0000] {logging_mixin.py:190} INFO - [2025-10-18T18:21:39.517+0000] {dag.py:4180} INFO - Setting next_dagrun for extract_raw_data_pipeline to 2025-10-18 07:59:00+00:00, run_after=2025-10-19 07:00:00+00:00
[2025-10-18T18:21:39.524+0000] {processor.py:208} INFO - Processing /opt/airflow/dags/driven_data_pipeline.py took 0.106 seconds
[2025-10-18T18:21:56.562+0000] {processor.py:186} INFO - Started process (PID=1134) to work on /opt/airflow/dags/driven_data_pipeline.py
[2025-10-18T18:21:56.563+0000] {processor.py:914} INFO - Processing file /opt/airflow/dags/driven_data_pipeline.py for tasks to queue
[2025-10-18T18:21:56.564+0000] {logging_mixin.py:190} INFO - [2025-10-18T18:21:56.564+0000] {dagbag.py:588} INFO - Filling up the DagBag from /opt/airflow/dags/driven_data_pipeline.py
[2025-10-18T18:21:56.630+0000] {processor.py:925} INFO - DAG(s) 'extract_raw_data_pipeline' retrieved from /opt/airflow/dags/driven_data_pipeline.py
[2025-10-18T18:21:56.641+0000] {logging_mixin.py:190} INFO - [2025-10-18T18:21:56.641+0000] {dag.py:3239} INFO - Sync 1 DAGs
[2025-10-18T18:21:56.651+0000] {logging_mixin.py:190} INFO - [2025-10-18T18:21:56.650+0000] {dag.py:4180} INFO - Setting next_dagrun for extract_raw_data_pipeline to 2025-10-18 07:59:00+00:00, run_after=2025-10-19 07:00:00+00:00
[2025-10-18T18:21:56.658+0000] {processor.py:208} INFO - Processing /opt/airflow/dags/driven_data_pipeline.py took 0.099 seconds
[2025-10-18T18:22:26.837+0000] {processor.py:186} INFO - Started process (PID=1142) to work on /opt/airflow/dags/driven_data_pipeline.py
[2025-10-18T18:22:26.839+0000] {processor.py:914} INFO - Processing file /opt/airflow/dags/driven_data_pipeline.py for tasks to queue
[2025-10-18T18:22:26.840+0000] {logging_mixin.py:190} INFO - [2025-10-18T18:22:26.840+0000] {dagbag.py:588} INFO - Filling up the DagBag from /opt/airflow/dags/driven_data_pipeline.py
[2025-10-18T18:22:26.920+0000] {processor.py:925} INFO - DAG(s) 'extract_raw_data_pipeline' retrieved from /opt/airflow/dags/driven_data_pipeline.py
[2025-10-18T18:22:26.932+0000] {logging_mixin.py:190} INFO - [2025-10-18T18:22:26.931+0000] {dag.py:3239} INFO - Sync 1 DAGs
[2025-10-18T18:22:26.940+0000] {logging_mixin.py:190} INFO - [2025-10-18T18:22:26.940+0000] {dag.py:4180} INFO - Setting next_dagrun for extract_raw_data_pipeline to 2025-10-18 07:59:00+00:00, run_after=2025-10-19 07:00:00+00:00
[2025-10-18T18:22:26.946+0000] {processor.py:208} INFO - Processing /opt/airflow/dags/driven_data_pipeline.py took 0.117 seconds
[2025-10-18T18:22:57.136+0000] {processor.py:186} INFO - Started process (PID=1154) to work on /opt/airflow/dags/driven_data_pipeline.py
[2025-10-18T18:22:57.137+0000] {processor.py:914} INFO - Processing file /opt/airflow/dags/driven_data_pipeline.py for tasks to queue
[2025-10-18T18:22:57.138+0000] {logging_mixin.py:190} INFO - [2025-10-18T18:22:57.138+0000] {dagbag.py:588} INFO - Filling up the DagBag from /opt/airflow/dags/driven_data_pipeline.py
[2025-10-18T18:22:57.220+0000] {processor.py:925} INFO - DAG(s) 'extract_raw_data_pipeline' retrieved from /opt/airflow/dags/driven_data_pipeline.py
[2025-10-18T18:22:57.232+0000] {logging_mixin.py:190} INFO - [2025-10-18T18:22:57.232+0000] {dag.py:3239} INFO - Sync 1 DAGs
[2025-10-18T18:22:57.241+0000] {logging_mixin.py:190} INFO - [2025-10-18T18:22:57.241+0000] {dag.py:4180} INFO - Setting next_dagrun for extract_raw_data_pipeline to 2025-10-18 07:59:00+00:00, run_after=2025-10-19 07:00:00+00:00
[2025-10-18T18:22:57.248+0000] {processor.py:208} INFO - Processing /opt/airflow/dags/driven_data_pipeline.py took 0.118 seconds
[2025-10-18T18:23:27.410+0000] {processor.py:186} INFO - Started process (PID=1162) to work on /opt/airflow/dags/driven_data_pipeline.py
[2025-10-18T18:23:27.411+0000] {processor.py:914} INFO - Processing file /opt/airflow/dags/driven_data_pipeline.py for tasks to queue
[2025-10-18T18:23:27.413+0000] {logging_mixin.py:190} INFO - [2025-10-18T18:23:27.412+0000] {dagbag.py:588} INFO - Filling up the DagBag from /opt/airflow/dags/driven_data_pipeline.py
[2025-10-18T18:23:27.512+0000] {processor.py:925} INFO - DAG(s) 'extract_raw_data_pipeline' retrieved from /opt/airflow/dags/driven_data_pipeline.py
[2025-10-18T18:23:27.530+0000] {logging_mixin.py:190} INFO - [2025-10-18T18:23:27.530+0000] {dag.py:3239} INFO - Sync 1 DAGs
[2025-10-18T18:23:27.545+0000] {logging_mixin.py:190} INFO - [2025-10-18T18:23:27.545+0000] {dag.py:4180} INFO - Setting next_dagrun for extract_raw_data_pipeline to 2025-10-18 07:59:00+00:00, run_after=2025-10-19 07:00:00+00:00
[2025-10-18T18:23:27.553+0000] {processor.py:208} INFO - Processing /opt/airflow/dags/driven_data_pipeline.py took 0.149 seconds
[2025-10-18T18:23:57.767+0000] {processor.py:186} INFO - Started process (PID=1170) to work on /opt/airflow/dags/driven_data_pipeline.py
[2025-10-18T18:23:57.769+0000] {processor.py:914} INFO - Processing file /opt/airflow/dags/driven_data_pipeline.py for tasks to queue
[2025-10-18T18:23:57.770+0000] {logging_mixin.py:190} INFO - [2025-10-18T18:23:57.769+0000] {dagbag.py:588} INFO - Filling up the DagBag from /opt/airflow/dags/driven_data_pipeline.py
[2025-10-18T18:23:57.850+0000] {processor.py:925} INFO - DAG(s) 'extract_raw_data_pipeline' retrieved from /opt/airflow/dags/driven_data_pipeline.py
[2025-10-18T18:23:57.862+0000] {logging_mixin.py:190} INFO - [2025-10-18T18:23:57.862+0000] {dag.py:3239} INFO - Sync 1 DAGs
[2025-10-18T18:23:57.875+0000] {logging_mixin.py:190} INFO - [2025-10-18T18:23:57.875+0000] {dag.py:4180} INFO - Setting next_dagrun for extract_raw_data_pipeline to 2025-10-18 07:59:00+00:00, run_after=2025-10-19 07:00:00+00:00
[2025-10-18T18:23:57.881+0000] {processor.py:208} INFO - Processing /opt/airflow/dags/driven_data_pipeline.py took 0.121 seconds
[2025-10-18T18:24:28.022+0000] {processor.py:186} INFO - Started process (PID=1178) to work on /opt/airflow/dags/driven_data_pipeline.py
[2025-10-18T18:24:28.024+0000] {processor.py:914} INFO - Processing file /opt/airflow/dags/driven_data_pipeline.py for tasks to queue
[2025-10-18T18:24:28.026+0000] {logging_mixin.py:190} INFO - [2025-10-18T18:24:28.026+0000] {dagbag.py:588} INFO - Filling up the DagBag from /opt/airflow/dags/driven_data_pipeline.py
[2025-10-18T18:24:28.104+0000] {processor.py:925} INFO - DAG(s) 'extract_raw_data_pipeline' retrieved from /opt/airflow/dags/driven_data_pipeline.py
[2025-10-18T18:24:28.116+0000] {logging_mixin.py:190} INFO - [2025-10-18T18:24:28.116+0000] {dag.py:3239} INFO - Sync 1 DAGs
[2025-10-18T18:24:28.125+0000] {logging_mixin.py:190} INFO - [2025-10-18T18:24:28.125+0000] {dag.py:4180} INFO - Setting next_dagrun for extract_raw_data_pipeline to 2025-10-18 07:59:00+00:00, run_after=2025-10-19 07:00:00+00:00
[2025-10-18T18:24:28.132+0000] {processor.py:208} INFO - Processing /opt/airflow/dags/driven_data_pipeline.py took 0.117 seconds
[2025-10-18T18:24:58.391+0000] {processor.py:186} INFO - Started process (PID=1186) to work on /opt/airflow/dags/driven_data_pipeline.py
[2025-10-18T18:24:58.392+0000] {processor.py:914} INFO - Processing file /opt/airflow/dags/driven_data_pipeline.py for tasks to queue
[2025-10-18T18:24:58.394+0000] {logging_mixin.py:190} INFO - [2025-10-18T18:24:58.393+0000] {dagbag.py:588} INFO - Filling up the DagBag from /opt/airflow/dags/driven_data_pipeline.py
[2025-10-18T18:24:58.483+0000] {processor.py:925} INFO - DAG(s) 'extract_raw_data_pipeline' retrieved from /opt/airflow/dags/driven_data_pipeline.py
[2025-10-18T18:24:58.494+0000] {logging_mixin.py:190} INFO - [2025-10-18T18:24:58.494+0000] {dag.py:3239} INFO - Sync 1 DAGs
[2025-10-18T18:24:58.504+0000] {logging_mixin.py:190} INFO - [2025-10-18T18:24:58.504+0000] {dag.py:4180} INFO - Setting next_dagrun for extract_raw_data_pipeline to 2025-10-18 07:59:00+00:00, run_after=2025-10-19 07:00:00+00:00
[2025-10-18T18:24:58.512+0000] {processor.py:208} INFO - Processing /opt/airflow/dags/driven_data_pipeline.py took 0.127 seconds
[2025-10-18T18:25:28.665+0000] {processor.py:186} INFO - Started process (PID=1194) to work on /opt/airflow/dags/driven_data_pipeline.py
[2025-10-18T18:25:28.667+0000] {processor.py:914} INFO - Processing file /opt/airflow/dags/driven_data_pipeline.py for tasks to queue
[2025-10-18T18:25:28.668+0000] {logging_mixin.py:190} INFO - [2025-10-18T18:25:28.667+0000] {dagbag.py:588} INFO - Filling up the DagBag from /opt/airflow/dags/driven_data_pipeline.py
[2025-10-18T18:25:28.746+0000] {processor.py:925} INFO - DAG(s) 'extract_raw_data_pipeline' retrieved from /opt/airflow/dags/driven_data_pipeline.py
[2025-10-18T18:25:28.758+0000] {logging_mixin.py:190} INFO - [2025-10-18T18:25:28.758+0000] {dag.py:3239} INFO - Sync 1 DAGs
[2025-10-18T18:25:28.769+0000] {logging_mixin.py:190} INFO - [2025-10-18T18:25:28.769+0000] {dag.py:4180} INFO - Setting next_dagrun for extract_raw_data_pipeline to 2025-10-18 07:59:00+00:00, run_after=2025-10-19 07:00:00+00:00
[2025-10-18T18:25:28.778+0000] {processor.py:208} INFO - Processing /opt/airflow/dags/driven_data_pipeline.py took 0.118 seconds
[2025-10-18T18:25:59.031+0000] {processor.py:186} INFO - Started process (PID=1202) to work on /opt/airflow/dags/driven_data_pipeline.py
[2025-10-18T18:25:59.033+0000] {processor.py:914} INFO - Processing file /opt/airflow/dags/driven_data_pipeline.py for tasks to queue
[2025-10-18T18:25:59.034+0000] {logging_mixin.py:190} INFO - [2025-10-18T18:25:59.033+0000] {dagbag.py:588} INFO - Filling up the DagBag from /opt/airflow/dags/driven_data_pipeline.py
[2025-10-18T18:25:59.112+0000] {processor.py:925} INFO - DAG(s) 'extract_raw_data_pipeline' retrieved from /opt/airflow/dags/driven_data_pipeline.py
[2025-10-18T18:25:59.124+0000] {logging_mixin.py:190} INFO - [2025-10-18T18:25:59.123+0000] {dag.py:3239} INFO - Sync 1 DAGs
[2025-10-18T18:25:59.133+0000] {logging_mixin.py:190} INFO - [2025-10-18T18:25:59.133+0000] {dag.py:4180} INFO - Setting next_dagrun for extract_raw_data_pipeline to 2025-10-18 07:59:00+00:00, run_after=2025-10-19 07:00:00+00:00
[2025-10-18T18:25:59.139+0000] {processor.py:208} INFO - Processing /opt/airflow/dags/driven_data_pipeline.py took 0.113 seconds
[2025-10-18T18:26:29.325+0000] {processor.py:186} INFO - Started process (PID=1210) to work on /opt/airflow/dags/driven_data_pipeline.py
[2025-10-18T18:26:29.327+0000] {processor.py:914} INFO - Processing file /opt/airflow/dags/driven_data_pipeline.py for tasks to queue
[2025-10-18T18:26:29.328+0000] {logging_mixin.py:190} INFO - [2025-10-18T18:26:29.328+0000] {dagbag.py:588} INFO - Filling up the DagBag from /opt/airflow/dags/driven_data_pipeline.py
[2025-10-18T18:26:29.408+0000] {processor.py:925} INFO - DAG(s) 'extract_raw_data_pipeline' retrieved from /opt/airflow/dags/driven_data_pipeline.py
[2025-10-18T18:26:29.421+0000] {logging_mixin.py:190} INFO - [2025-10-18T18:26:29.421+0000] {dag.py:3239} INFO - Sync 1 DAGs
[2025-10-18T18:26:29.431+0000] {logging_mixin.py:190} INFO - [2025-10-18T18:26:29.431+0000] {dag.py:4180} INFO - Setting next_dagrun for extract_raw_data_pipeline to 2025-10-18 07:59:00+00:00, run_after=2025-10-19 07:00:00+00:00
[2025-10-18T18:26:29.438+0000] {processor.py:208} INFO - Processing /opt/airflow/dags/driven_data_pipeline.py took 0.121 seconds
[2025-10-18T18:26:59.651+0000] {processor.py:186} INFO - Started process (PID=1218) to work on /opt/airflow/dags/driven_data_pipeline.py
[2025-10-18T18:26:59.652+0000] {processor.py:914} INFO - Processing file /opt/airflow/dags/driven_data_pipeline.py for tasks to queue
[2025-10-18T18:26:59.652+0000] {logging_mixin.py:190} INFO - [2025-10-18T18:26:59.652+0000] {dagbag.py:588} INFO - Filling up the DagBag from /opt/airflow/dags/driven_data_pipeline.py
[2025-10-18T18:26:59.743+0000] {processor.py:925} INFO - DAG(s) 'extract_raw_data_pipeline' retrieved from /opt/airflow/dags/driven_data_pipeline.py
[2025-10-18T18:26:59.755+0000] {logging_mixin.py:190} INFO - [2025-10-18T18:26:59.754+0000] {dag.py:3239} INFO - Sync 1 DAGs
[2025-10-18T18:26:59.766+0000] {logging_mixin.py:190} INFO - [2025-10-18T18:26:59.766+0000] {dag.py:4180} INFO - Setting next_dagrun for extract_raw_data_pipeline to 2025-10-18 07:59:00+00:00, run_after=2025-10-19 07:00:00+00:00
[2025-10-18T18:26:59.774+0000] {processor.py:208} INFO - Processing /opt/airflow/dags/driven_data_pipeline.py took 0.126 seconds
[2025-10-18T18:27:29.986+0000] {processor.py:186} INFO - Started process (PID=1226) to work on /opt/airflow/dags/driven_data_pipeline.py
[2025-10-18T18:27:29.989+0000] {processor.py:914} INFO - Processing file /opt/airflow/dags/driven_data_pipeline.py for tasks to queue
[2025-10-18T18:27:29.992+0000] {logging_mixin.py:190} INFO - [2025-10-18T18:27:29.991+0000] {dagbag.py:588} INFO - Filling up the DagBag from /opt/airflow/dags/driven_data_pipeline.py
[2025-10-18T18:27:30.081+0000] {processor.py:925} INFO - DAG(s) 'extract_raw_data_pipeline' retrieved from /opt/airflow/dags/driven_data_pipeline.py
[2025-10-18T18:27:30.098+0000] {logging_mixin.py:190} INFO - [2025-10-18T18:27:30.098+0000] {dag.py:3239} INFO - Sync 1 DAGs
[2025-10-18T18:27:30.111+0000] {logging_mixin.py:190} INFO - [2025-10-18T18:27:30.110+0000] {dag.py:4180} INFO - Setting next_dagrun for extract_raw_data_pipeline to 2025-10-18 07:59:00+00:00, run_after=2025-10-19 07:00:00+00:00
[2025-10-18T18:27:30.120+0000] {processor.py:208} INFO - Processing /opt/airflow/dags/driven_data_pipeline.py took 0.142 seconds
[2025-10-18T18:28:00.312+0000] {processor.py:186} INFO - Started process (PID=1234) to work on /opt/airflow/dags/driven_data_pipeline.py
[2025-10-18T18:28:00.314+0000] {processor.py:914} INFO - Processing file /opt/airflow/dags/driven_data_pipeline.py for tasks to queue
[2025-10-18T18:28:00.315+0000] {logging_mixin.py:190} INFO - [2025-10-18T18:28:00.315+0000] {dagbag.py:588} INFO - Filling up the DagBag from /opt/airflow/dags/driven_data_pipeline.py
[2025-10-18T18:28:00.403+0000] {processor.py:925} INFO - DAG(s) 'extract_raw_data_pipeline' retrieved from /opt/airflow/dags/driven_data_pipeline.py
[2025-10-18T18:28:00.414+0000] {logging_mixin.py:190} INFO - [2025-10-18T18:28:00.413+0000] {dag.py:3239} INFO - Sync 1 DAGs
[2025-10-18T18:28:00.424+0000] {logging_mixin.py:190} INFO - [2025-10-18T18:28:00.424+0000] {dag.py:4180} INFO - Setting next_dagrun for extract_raw_data_pipeline to 2025-10-18 07:59:00+00:00, run_after=2025-10-19 07:00:00+00:00
[2025-10-18T18:28:00.430+0000] {processor.py:208} INFO - Processing /opt/airflow/dags/driven_data_pipeline.py took 0.125 seconds
[2025-10-18T18:28:30.698+0000] {processor.py:186} INFO - Started process (PID=1242) to work on /opt/airflow/dags/driven_data_pipeline.py
[2025-10-18T18:28:30.699+0000] {processor.py:914} INFO - Processing file /opt/airflow/dags/driven_data_pipeline.py for tasks to queue
[2025-10-18T18:28:30.700+0000] {logging_mixin.py:190} INFO - [2025-10-18T18:28:30.700+0000] {dagbag.py:588} INFO - Filling up the DagBag from /opt/airflow/dags/driven_data_pipeline.py
[2025-10-18T18:28:30.774+0000] {processor.py:925} INFO - DAG(s) 'extract_raw_data_pipeline' retrieved from /opt/airflow/dags/driven_data_pipeline.py
[2025-10-18T18:28:30.785+0000] {logging_mixin.py:190} INFO - [2025-10-18T18:28:30.785+0000] {dag.py:3239} INFO - Sync 1 DAGs
[2025-10-18T18:28:30.793+0000] {logging_mixin.py:190} INFO - [2025-10-18T18:28:30.793+0000] {dag.py:4180} INFO - Setting next_dagrun for extract_raw_data_pipeline to 2025-10-18 07:59:00+00:00, run_after=2025-10-19 07:00:00+00:00
[2025-10-18T18:28:30.798+0000] {processor.py:208} INFO - Processing /opt/airflow/dags/driven_data_pipeline.py took 0.107 seconds
[2025-10-18T18:29:01.030+0000] {processor.py:186} INFO - Started process (PID=1250) to work on /opt/airflow/dags/driven_data_pipeline.py
[2025-10-18T18:29:01.032+0000] {processor.py:914} INFO - Processing file /opt/airflow/dags/driven_data_pipeline.py for tasks to queue
[2025-10-18T18:29:01.033+0000] {logging_mixin.py:190} INFO - [2025-10-18T18:29:01.033+0000] {dagbag.py:588} INFO - Filling up the DagBag from /opt/airflow/dags/driven_data_pipeline.py
[2025-10-18T18:29:01.107+0000] {processor.py:925} INFO - DAG(s) 'extract_raw_data_pipeline' retrieved from /opt/airflow/dags/driven_data_pipeline.py
[2025-10-18T18:29:01.117+0000] {logging_mixin.py:190} INFO - [2025-10-18T18:29:01.117+0000] {dag.py:3239} INFO - Sync 1 DAGs
[2025-10-18T18:29:01.127+0000] {logging_mixin.py:190} INFO - [2025-10-18T18:29:01.127+0000] {dag.py:4180} INFO - Setting next_dagrun for extract_raw_data_pipeline to 2025-10-18 07:59:00+00:00, run_after=2025-10-19 07:00:00+00:00
[2025-10-18T18:29:01.133+0000] {processor.py:208} INFO - Processing /opt/airflow/dags/driven_data_pipeline.py took 0.109 seconds
[2025-10-18T18:29:31.321+0000] {processor.py:186} INFO - Started process (PID=1258) to work on /opt/airflow/dags/driven_data_pipeline.py
[2025-10-18T18:29:31.322+0000] {processor.py:914} INFO - Processing file /opt/airflow/dags/driven_data_pipeline.py for tasks to queue
[2025-10-18T18:29:31.323+0000] {logging_mixin.py:190} INFO - [2025-10-18T18:29:31.323+0000] {dagbag.py:588} INFO - Filling up the DagBag from /opt/airflow/dags/driven_data_pipeline.py
[2025-10-18T18:29:31.396+0000] {processor.py:925} INFO - DAG(s) 'extract_raw_data_pipeline' retrieved from /opt/airflow/dags/driven_data_pipeline.py
[2025-10-18T18:29:31.408+0000] {logging_mixin.py:190} INFO - [2025-10-18T18:29:31.407+0000] {dag.py:3239} INFO - Sync 1 DAGs
[2025-10-18T18:29:31.416+0000] {logging_mixin.py:190} INFO - [2025-10-18T18:29:31.416+0000] {dag.py:4180} INFO - Setting next_dagrun for extract_raw_data_pipeline to 2025-10-18 07:59:00+00:00, run_after=2025-10-19 07:00:00+00:00
[2025-10-18T18:29:31.422+0000] {processor.py:208} INFO - Processing /opt/airflow/dags/driven_data_pipeline.py took 0.108 seconds
[2025-10-18T18:30:01.726+0000] {processor.py:186} INFO - Started process (PID=1266) to work on /opt/airflow/dags/driven_data_pipeline.py
[2025-10-18T18:30:01.727+0000] {processor.py:914} INFO - Processing file /opt/airflow/dags/driven_data_pipeline.py for tasks to queue
[2025-10-18T18:30:01.728+0000] {logging_mixin.py:190} INFO - [2025-10-18T18:30:01.728+0000] {dagbag.py:588} INFO - Filling up the DagBag from /opt/airflow/dags/driven_data_pipeline.py
[2025-10-18T18:30:01.796+0000] {processor.py:925} INFO - DAG(s) 'extract_raw_data_pipeline' retrieved from /opt/airflow/dags/driven_data_pipeline.py
[2025-10-18T18:30:01.806+0000] {logging_mixin.py:190} INFO - [2025-10-18T18:30:01.806+0000] {dag.py:3239} INFO - Sync 1 DAGs
[2025-10-18T18:30:01.815+0000] {logging_mixin.py:190} INFO - [2025-10-18T18:30:01.815+0000] {dag.py:4180} INFO - Setting next_dagrun for extract_raw_data_pipeline to 2025-10-18 07:59:00+00:00, run_after=2025-10-19 07:00:00+00:00
[2025-10-18T18:30:01.821+0000] {processor.py:208} INFO - Processing /opt/airflow/dags/driven_data_pipeline.py took 0.099 seconds
[2025-10-18T18:30:32.042+0000] {processor.py:186} INFO - Started process (PID=1274) to work on /opt/airflow/dags/driven_data_pipeline.py
[2025-10-18T18:30:32.043+0000] {processor.py:914} INFO - Processing file /opt/airflow/dags/driven_data_pipeline.py for tasks to queue
[2025-10-18T18:30:32.045+0000] {logging_mixin.py:190} INFO - [2025-10-18T18:30:32.044+0000] {dagbag.py:588} INFO - Filling up the DagBag from /opt/airflow/dags/driven_data_pipeline.py
[2025-10-18T18:30:32.127+0000] {processor.py:925} INFO - DAG(s) 'extract_raw_data_pipeline' retrieved from /opt/airflow/dags/driven_data_pipeline.py
[2025-10-18T18:30:32.138+0000] {logging_mixin.py:190} INFO - [2025-10-18T18:30:32.138+0000] {dag.py:3239} INFO - Sync 1 DAGs
[2025-10-18T18:30:32.147+0000] {logging_mixin.py:190} INFO - [2025-10-18T18:30:32.147+0000] {dag.py:4180} INFO - Setting next_dagrun for extract_raw_data_pipeline to 2025-10-18 07:59:00+00:00, run_after=2025-10-19 07:00:00+00:00
[2025-10-18T18:30:32.153+0000] {processor.py:208} INFO - Processing /opt/airflow/dags/driven_data_pipeline.py took 0.117 seconds
[2025-10-18T18:31:02.465+0000] {processor.py:186} INFO - Started process (PID=1282) to work on /opt/airflow/dags/driven_data_pipeline.py
[2025-10-18T18:31:02.467+0000] {processor.py:914} INFO - Processing file /opt/airflow/dags/driven_data_pipeline.py for tasks to queue
[2025-10-18T18:31:02.468+0000] {logging_mixin.py:190} INFO - [2025-10-18T18:31:02.467+0000] {dagbag.py:588} INFO - Filling up the DagBag from /opt/airflow/dags/driven_data_pipeline.py
[2025-10-18T18:31:02.541+0000] {processor.py:925} INFO - DAG(s) 'extract_raw_data_pipeline' retrieved from /opt/airflow/dags/driven_data_pipeline.py
[2025-10-18T18:31:02.552+0000] {logging_mixin.py:190} INFO - [2025-10-18T18:31:02.551+0000] {dag.py:3239} INFO - Sync 1 DAGs
[2025-10-18T18:31:02.560+0000] {logging_mixin.py:190} INFO - [2025-10-18T18:31:02.560+0000] {dag.py:4180} INFO - Setting next_dagrun for extract_raw_data_pipeline to 2025-10-18 07:59:00+00:00, run_after=2025-10-19 07:00:00+00:00
[2025-10-18T18:31:02.565+0000] {processor.py:208} INFO - Processing /opt/airflow/dags/driven_data_pipeline.py took 0.105 seconds
[2025-10-18T18:31:23.731+0000] {processor.py:186} INFO - Started process (PID=1284) to work on /opt/airflow/dags/driven_data_pipeline.py
[2025-10-18T18:31:23.732+0000] {processor.py:914} INFO - Processing file /opt/airflow/dags/driven_data_pipeline.py for tasks to queue
[2025-10-18T18:31:23.733+0000] {logging_mixin.py:190} INFO - [2025-10-18T18:31:23.733+0000] {dagbag.py:588} INFO - Filling up the DagBag from /opt/airflow/dags/driven_data_pipeline.py
[2025-10-18T18:31:23.827+0000] {processor.py:925} INFO - DAG(s) 'extract_raw_data_pipeline' retrieved from /opt/airflow/dags/driven_data_pipeline.py
[2025-10-18T18:31:23.875+0000] {logging_mixin.py:190} INFO - [2025-10-18T18:31:23.875+0000] {dag.py:3239} INFO - Sync 1 DAGs
[2025-10-18T18:31:23.883+0000] {logging_mixin.py:190} INFO - [2025-10-18T18:31:23.883+0000] {dag.py:4180} INFO - Setting next_dagrun for extract_raw_data_pipeline to 2025-10-18 07:59:00+00:00, run_after=2025-10-19 07:00:00+00:00
[2025-10-18T18:31:23.892+0000] {processor.py:208} INFO - Processing /opt/airflow/dags/driven_data_pipeline.py took 0.171 seconds
[2025-10-18T18:31:54.091+0000] {processor.py:186} INFO - Started process (PID=1292) to work on /opt/airflow/dags/driven_data_pipeline.py
[2025-10-18T18:31:54.093+0000] {processor.py:914} INFO - Processing file /opt/airflow/dags/driven_data_pipeline.py for tasks to queue
[2025-10-18T18:31:54.095+0000] {logging_mixin.py:190} INFO - [2025-10-18T18:31:54.094+0000] {dagbag.py:588} INFO - Filling up the DagBag from /opt/airflow/dags/driven_data_pipeline.py
[2025-10-18T18:31:54.174+0000] {processor.py:925} INFO - DAG(s) 'extract_raw_data_pipeline' retrieved from /opt/airflow/dags/driven_data_pipeline.py
[2025-10-18T18:31:54.191+0000] {logging_mixin.py:190} INFO - [2025-10-18T18:31:54.191+0000] {dag.py:3239} INFO - Sync 1 DAGs
[2025-10-18T18:31:54.201+0000] {logging_mixin.py:190} INFO - [2025-10-18T18:31:54.201+0000] {dag.py:4180} INFO - Setting next_dagrun for extract_raw_data_pipeline to 2025-10-18 07:59:00+00:00, run_after=2025-10-19 07:00:00+00:00
[2025-10-18T18:31:54.208+0000] {processor.py:208} INFO - Processing /opt/airflow/dags/driven_data_pipeline.py took 0.124 seconds
[2025-10-18T18:32:24.438+0000] {processor.py:186} INFO - Started process (PID=1300) to work on /opt/airflow/dags/driven_data_pipeline.py
[2025-10-18T18:32:24.441+0000] {processor.py:914} INFO - Processing file /opt/airflow/dags/driven_data_pipeline.py for tasks to queue
[2025-10-18T18:32:24.442+0000] {logging_mixin.py:190} INFO - [2025-10-18T18:32:24.441+0000] {dagbag.py:588} INFO - Filling up the DagBag from /opt/airflow/dags/driven_data_pipeline.py
[2025-10-18T18:32:24.521+0000] {processor.py:925} INFO - DAG(s) 'extract_raw_data_pipeline' retrieved from /opt/airflow/dags/driven_data_pipeline.py
[2025-10-18T18:32:24.533+0000] {logging_mixin.py:190} INFO - [2025-10-18T18:32:24.533+0000] {dag.py:3239} INFO - Sync 1 DAGs
[2025-10-18T18:32:24.544+0000] {logging_mixin.py:190} INFO - [2025-10-18T18:32:24.544+0000] {dag.py:4180} INFO - Setting next_dagrun for extract_raw_data_pipeline to 2025-10-18 07:59:00+00:00, run_after=2025-10-19 07:00:00+00:00
[2025-10-18T18:32:24.550+0000] {processor.py:208} INFO - Processing /opt/airflow/dags/driven_data_pipeline.py took 0.117 seconds
[2025-10-18T18:32:54.756+0000] {processor.py:186} INFO - Started process (PID=1308) to work on /opt/airflow/dags/driven_data_pipeline.py
[2025-10-18T18:32:54.757+0000] {processor.py:914} INFO - Processing file /opt/airflow/dags/driven_data_pipeline.py for tasks to queue
[2025-10-18T18:32:54.758+0000] {logging_mixin.py:190} INFO - [2025-10-18T18:32:54.758+0000] {dagbag.py:588} INFO - Filling up the DagBag from /opt/airflow/dags/driven_data_pipeline.py
[2025-10-18T18:32:54.833+0000] {processor.py:925} INFO - DAG(s) 'extract_raw_data_pipeline' retrieved from /opt/airflow/dags/driven_data_pipeline.py
[2025-10-18T18:32:54.845+0000] {logging_mixin.py:190} INFO - [2025-10-18T18:32:54.845+0000] {dag.py:3239} INFO - Sync 1 DAGs
[2025-10-18T18:32:54.855+0000] {logging_mixin.py:190} INFO - [2025-10-18T18:32:54.855+0000] {dag.py:4180} INFO - Setting next_dagrun for extract_raw_data_pipeline to 2025-10-18 07:59:00+00:00, run_after=2025-10-19 07:00:00+00:00
[2025-10-18T18:32:54.861+0000] {processor.py:208} INFO - Processing /opt/airflow/dags/driven_data_pipeline.py took 0.109 seconds
[2025-10-18T18:33:25.105+0000] {processor.py:186} INFO - Started process (PID=1316) to work on /opt/airflow/dags/driven_data_pipeline.py
[2025-10-18T18:33:25.105+0000] {processor.py:914} INFO - Processing file /opt/airflow/dags/driven_data_pipeline.py for tasks to queue
[2025-10-18T18:33:25.106+0000] {logging_mixin.py:190} INFO - [2025-10-18T18:33:25.106+0000] {dagbag.py:588} INFO - Filling up the DagBag from /opt/airflow/dags/driven_data_pipeline.py
[2025-10-18T18:33:25.166+0000] {processor.py:925} INFO - DAG(s) 'extract_raw_data_pipeline' retrieved from /opt/airflow/dags/driven_data_pipeline.py
[2025-10-18T18:33:25.175+0000] {logging_mixin.py:190} INFO - [2025-10-18T18:33:25.175+0000] {dag.py:3239} INFO - Sync 1 DAGs
[2025-10-18T18:33:25.184+0000] {logging_mixin.py:190} INFO - [2025-10-18T18:33:25.184+0000] {dag.py:4180} INFO - Setting next_dagrun for extract_raw_data_pipeline to 2025-10-18 07:59:00+00:00, run_after=2025-10-19 07:00:00+00:00
[2025-10-18T18:33:25.190+0000] {processor.py:208} INFO - Processing /opt/airflow/dags/driven_data_pipeline.py took 0.088 seconds
[2025-10-18T18:33:55.477+0000] {processor.py:186} INFO - Started process (PID=1323) to work on /opt/airflow/dags/driven_data_pipeline.py
[2025-10-18T18:33:55.478+0000] {processor.py:914} INFO - Processing file /opt/airflow/dags/driven_data_pipeline.py for tasks to queue
[2025-10-18T18:33:55.479+0000] {logging_mixin.py:190} INFO - [2025-10-18T18:33:55.478+0000] {dagbag.py:588} INFO - Filling up the DagBag from /opt/airflow/dags/driven_data_pipeline.py
[2025-10-18T18:33:55.546+0000] {processor.py:925} INFO - DAG(s) 'extract_raw_data_pipeline' retrieved from /opt/airflow/dags/driven_data_pipeline.py
[2025-10-18T18:33:55.555+0000] {logging_mixin.py:190} INFO - [2025-10-18T18:33:55.555+0000] {dag.py:3239} INFO - Sync 1 DAGs
[2025-10-18T18:33:55.564+0000] {logging_mixin.py:190} INFO - [2025-10-18T18:33:55.564+0000] {dag.py:4180} INFO - Setting next_dagrun for extract_raw_data_pipeline to 2025-10-18 07:59:00+00:00, run_after=2025-10-19 07:00:00+00:00
[2025-10-18T18:33:55.571+0000] {processor.py:208} INFO - Processing /opt/airflow/dags/driven_data_pipeline.py took 0.097 seconds
[2025-10-18T18:34:25.792+0000] {processor.py:186} INFO - Started process (PID=1331) to work on /opt/airflow/dags/driven_data_pipeline.py
[2025-10-18T18:34:25.793+0000] {processor.py:914} INFO - Processing file /opt/airflow/dags/driven_data_pipeline.py for tasks to queue
[2025-10-18T18:34:25.794+0000] {logging_mixin.py:190} INFO - [2025-10-18T18:34:25.793+0000] {dagbag.py:588} INFO - Filling up the DagBag from /opt/airflow/dags/driven_data_pipeline.py
[2025-10-18T18:34:25.868+0000] {processor.py:925} INFO - DAG(s) 'extract_raw_data_pipeline' retrieved from /opt/airflow/dags/driven_data_pipeline.py
[2025-10-18T18:34:25.879+0000] {logging_mixin.py:190} INFO - [2025-10-18T18:34:25.878+0000] {dag.py:3239} INFO - Sync 1 DAGs
[2025-10-18T18:34:25.888+0000] {logging_mixin.py:190} INFO - [2025-10-18T18:34:25.888+0000] {dag.py:4180} INFO - Setting next_dagrun for extract_raw_data_pipeline to 2025-10-18 07:59:00+00:00, run_after=2025-10-19 07:00:00+00:00
[2025-10-18T18:34:25.894+0000] {processor.py:208} INFO - Processing /opt/airflow/dags/driven_data_pipeline.py took 0.108 seconds
[2025-10-18T18:34:56.209+0000] {processor.py:186} INFO - Started process (PID=1339) to work on /opt/airflow/dags/driven_data_pipeline.py
[2025-10-18T18:34:56.211+0000] {processor.py:914} INFO - Processing file /opt/airflow/dags/driven_data_pipeline.py for tasks to queue
[2025-10-18T18:34:56.212+0000] {logging_mixin.py:190} INFO - [2025-10-18T18:34:56.212+0000] {dagbag.py:588} INFO - Filling up the DagBag from /opt/airflow/dags/driven_data_pipeline.py
[2025-10-18T18:34:56.295+0000] {processor.py:925} INFO - DAG(s) 'extract_raw_data_pipeline' retrieved from /opt/airflow/dags/driven_data_pipeline.py
[2025-10-18T18:34:56.306+0000] {logging_mixin.py:190} INFO - [2025-10-18T18:34:56.306+0000] {dag.py:3239} INFO - Sync 1 DAGs
[2025-10-18T18:34:56.314+0000] {logging_mixin.py:190} INFO - [2025-10-18T18:34:56.314+0000] {dag.py:4180} INFO - Setting next_dagrun for extract_raw_data_pipeline to 2025-10-18 07:59:00+00:00, run_after=2025-10-19 07:00:00+00:00
[2025-10-18T18:34:56.320+0000] {processor.py:208} INFO - Processing /opt/airflow/dags/driven_data_pipeline.py took 0.116 seconds
[2025-10-18T18:35:26.508+0000] {processor.py:186} INFO - Started process (PID=1347) to work on /opt/airflow/dags/driven_data_pipeline.py
[2025-10-18T18:35:26.509+0000] {processor.py:914} INFO - Processing file /opt/airflow/dags/driven_data_pipeline.py for tasks to queue
[2025-10-18T18:35:26.510+0000] {logging_mixin.py:190} INFO - [2025-10-18T18:35:26.510+0000] {dagbag.py:588} INFO - Filling up the DagBag from /opt/airflow/dags/driven_data_pipeline.py
[2025-10-18T18:35:26.579+0000] {processor.py:925} INFO - DAG(s) 'extract_raw_data_pipeline' retrieved from /opt/airflow/dags/driven_data_pipeline.py
[2025-10-18T18:35:26.591+0000] {logging_mixin.py:190} INFO - [2025-10-18T18:35:26.591+0000] {dag.py:3239} INFO - Sync 1 DAGs
[2025-10-18T18:35:26.599+0000] {logging_mixin.py:190} INFO - [2025-10-18T18:35:26.599+0000] {dag.py:4180} INFO - Setting next_dagrun for extract_raw_data_pipeline to 2025-10-18 07:59:00+00:00, run_after=2025-10-19 07:00:00+00:00
[2025-10-18T18:35:26.606+0000] {processor.py:208} INFO - Processing /opt/airflow/dags/driven_data_pipeline.py took 0.105 seconds
[2025-10-18T18:35:56.920+0000] {processor.py:186} INFO - Started process (PID=1355) to work on /opt/airflow/dags/driven_data_pipeline.py
[2025-10-18T18:35:56.922+0000] {processor.py:914} INFO - Processing file /opt/airflow/dags/driven_data_pipeline.py for tasks to queue
[2025-10-18T18:35:56.923+0000] {logging_mixin.py:190} INFO - [2025-10-18T18:35:56.922+0000] {dagbag.py:588} INFO - Filling up the DagBag from /opt/airflow/dags/driven_data_pipeline.py
[2025-10-18T18:35:56.993+0000] {processor.py:925} INFO - DAG(s) 'extract_raw_data_pipeline' retrieved from /opt/airflow/dags/driven_data_pipeline.py
[2025-10-18T18:35:57.004+0000] {logging_mixin.py:190} INFO - [2025-10-18T18:35:57.004+0000] {dag.py:3239} INFO - Sync 1 DAGs
[2025-10-18T18:35:57.013+0000] {logging_mixin.py:190} INFO - [2025-10-18T18:35:57.013+0000] {dag.py:4180} INFO - Setting next_dagrun for extract_raw_data_pipeline to 2025-10-18 07:59:00+00:00, run_after=2025-10-19 07:00:00+00:00
[2025-10-18T18:35:57.019+0000] {processor.py:208} INFO - Processing /opt/airflow/dags/driven_data_pipeline.py took 0.105 seconds
[2025-10-18T18:36:27.251+0000] {processor.py:186} INFO - Started process (PID=1363) to work on /opt/airflow/dags/driven_data_pipeline.py
[2025-10-18T18:36:27.252+0000] {processor.py:914} INFO - Processing file /opt/airflow/dags/driven_data_pipeline.py for tasks to queue
[2025-10-18T18:36:27.254+0000] {logging_mixin.py:190} INFO - [2025-10-18T18:36:27.253+0000] {dagbag.py:588} INFO - Filling up the DagBag from /opt/airflow/dags/driven_data_pipeline.py
[2025-10-18T18:36:27.335+0000] {processor.py:925} INFO - DAG(s) 'extract_raw_data_pipeline' retrieved from /opt/airflow/dags/driven_data_pipeline.py
[2025-10-18T18:36:27.347+0000] {logging_mixin.py:190} INFO - [2025-10-18T18:36:27.347+0000] {dag.py:3239} INFO - Sync 1 DAGs
[2025-10-18T18:36:27.359+0000] {logging_mixin.py:190} INFO - [2025-10-18T18:36:27.358+0000] {dag.py:4180} INFO - Setting next_dagrun for extract_raw_data_pipeline to 2025-10-18 07:59:00+00:00, run_after=2025-10-19 07:00:00+00:00
[2025-10-18T18:36:27.365+0000] {processor.py:208} INFO - Processing /opt/airflow/dags/driven_data_pipeline.py took 0.122 seconds
[2025-10-18T18:36:57.586+0000] {processor.py:186} INFO - Started process (PID=1371) to work on /opt/airflow/dags/driven_data_pipeline.py
[2025-10-18T18:36:57.587+0000] {processor.py:914} INFO - Processing file /opt/airflow/dags/driven_data_pipeline.py for tasks to queue
[2025-10-18T18:36:57.588+0000] {logging_mixin.py:190} INFO - [2025-10-18T18:36:57.588+0000] {dagbag.py:588} INFO - Filling up the DagBag from /opt/airflow/dags/driven_data_pipeline.py
[2025-10-18T18:36:57.667+0000] {processor.py:925} INFO - DAG(s) 'extract_raw_data_pipeline' retrieved from /opt/airflow/dags/driven_data_pipeline.py
[2025-10-18T18:36:57.679+0000] {logging_mixin.py:190} INFO - [2025-10-18T18:36:57.678+0000] {dag.py:3239} INFO - Sync 1 DAGs
[2025-10-18T18:36:57.687+0000] {logging_mixin.py:190} INFO - [2025-10-18T18:36:57.687+0000] {dag.py:4180} INFO - Setting next_dagrun for extract_raw_data_pipeline to 2025-10-18 07:59:00+00:00, run_after=2025-10-19 07:00:00+00:00
[2025-10-18T18:36:57.693+0000] {processor.py:208} INFO - Processing /opt/airflow/dags/driven_data_pipeline.py took 0.114 seconds
[2025-10-18T18:37:27.880+0000] {processor.py:186} INFO - Started process (PID=1379) to work on /opt/airflow/dags/driven_data_pipeline.py
[2025-10-18T18:37:27.882+0000] {processor.py:914} INFO - Processing file /opt/airflow/dags/driven_data_pipeline.py for tasks to queue
[2025-10-18T18:37:27.883+0000] {logging_mixin.py:190} INFO - [2025-10-18T18:37:27.883+0000] {dagbag.py:588} INFO - Filling up the DagBag from /opt/airflow/dags/driven_data_pipeline.py
[2025-10-18T18:37:27.964+0000] {processor.py:925} INFO - DAG(s) 'extract_raw_data_pipeline' retrieved from /opt/airflow/dags/driven_data_pipeline.py
[2025-10-18T18:37:27.977+0000] {logging_mixin.py:190} INFO - [2025-10-18T18:37:27.977+0000] {dag.py:3239} INFO - Sync 1 DAGs
[2025-10-18T18:37:27.993+0000] {logging_mixin.py:190} INFO - [2025-10-18T18:37:27.993+0000] {dag.py:4180} INFO - Setting next_dagrun for extract_raw_data_pipeline to 2025-10-18 07:59:00+00:00, run_after=2025-10-19 07:00:00+00:00
[2025-10-18T18:37:28.002+0000] {processor.py:208} INFO - Processing /opt/airflow/dags/driven_data_pipeline.py took 0.127 seconds
[2025-10-18T18:37:58.173+0000] {processor.py:186} INFO - Started process (PID=1387) to work on /opt/airflow/dags/driven_data_pipeline.py
[2025-10-18T18:37:58.174+0000] {processor.py:914} INFO - Processing file /opt/airflow/dags/driven_data_pipeline.py for tasks to queue
[2025-10-18T18:37:58.176+0000] {logging_mixin.py:190} INFO - [2025-10-18T18:37:58.175+0000] {dagbag.py:588} INFO - Filling up the DagBag from /opt/airflow/dags/driven_data_pipeline.py
[2025-10-18T18:37:58.256+0000] {processor.py:925} INFO - DAG(s) 'extract_raw_data_pipeline' retrieved from /opt/airflow/dags/driven_data_pipeline.py
[2025-10-18T18:37:58.270+0000] {logging_mixin.py:190} INFO - [2025-10-18T18:37:58.270+0000] {dag.py:3239} INFO - Sync 1 DAGs
[2025-10-18T18:37:58.282+0000] {logging_mixin.py:190} INFO - [2025-10-18T18:37:58.281+0000] {dag.py:4180} INFO - Setting next_dagrun for extract_raw_data_pipeline to 2025-10-18 07:59:00+00:00, run_after=2025-10-19 07:00:00+00:00
[2025-10-18T18:37:58.288+0000] {processor.py:208} INFO - Processing /opt/airflow/dags/driven_data_pipeline.py took 0.121 seconds
[2025-10-18T18:38:28.444+0000] {processor.py:186} INFO - Started process (PID=1401) to work on /opt/airflow/dags/driven_data_pipeline.py
[2025-10-18T18:38:28.445+0000] {processor.py:914} INFO - Processing file /opt/airflow/dags/driven_data_pipeline.py for tasks to queue
[2025-10-18T18:38:28.446+0000] {logging_mixin.py:190} INFO - [2025-10-18T18:38:28.445+0000] {dagbag.py:588} INFO - Filling up the DagBag from /opt/airflow/dags/driven_data_pipeline.py
[2025-10-18T18:38:28.517+0000] {processor.py:925} INFO - DAG(s) 'extract_raw_data_pipeline' retrieved from /opt/airflow/dags/driven_data_pipeline.py
[2025-10-18T18:38:28.528+0000] {logging_mixin.py:190} INFO - [2025-10-18T18:38:28.528+0000] {dag.py:3239} INFO - Sync 1 DAGs
[2025-10-18T18:38:28.537+0000] {logging_mixin.py:190} INFO - [2025-10-18T18:38:28.537+0000] {dag.py:4180} INFO - Setting next_dagrun for extract_raw_data_pipeline to 2025-10-18 07:59:00+00:00, run_after=2025-10-19 07:00:00+00:00
[2025-10-18T18:38:28.543+0000] {processor.py:208} INFO - Processing /opt/airflow/dags/driven_data_pipeline.py took 0.104 seconds
[2025-10-18T18:38:58.792+0000] {processor.py:186} INFO - Started process (PID=1409) to work on /opt/airflow/dags/driven_data_pipeline.py
[2025-10-18T18:38:58.794+0000] {processor.py:914} INFO - Processing file /opt/airflow/dags/driven_data_pipeline.py for tasks to queue
[2025-10-18T18:38:58.795+0000] {logging_mixin.py:190} INFO - [2025-10-18T18:38:58.794+0000] {dagbag.py:588} INFO - Filling up the DagBag from /opt/airflow/dags/driven_data_pipeline.py
[2025-10-18T18:38:58.894+0000] {processor.py:925} INFO - DAG(s) 'extract_raw_data_pipeline' retrieved from /opt/airflow/dags/driven_data_pipeline.py
[2025-10-18T18:38:58.908+0000] {logging_mixin.py:190} INFO - [2025-10-18T18:38:58.908+0000] {dag.py:3239} INFO - Sync 1 DAGs
[2025-10-18T18:38:58.921+0000] {logging_mixin.py:190} INFO - [2025-10-18T18:38:58.920+0000] {dag.py:4180} INFO - Setting next_dagrun for extract_raw_data_pipeline to 2025-10-18 07:59:00+00:00, run_after=2025-10-19 07:00:00+00:00
[2025-10-18T18:38:58.929+0000] {processor.py:208} INFO - Processing /opt/airflow/dags/driven_data_pipeline.py took 0.142 seconds
[2025-10-18T18:39:29.090+0000] {processor.py:186} INFO - Started process (PID=1417) to work on /opt/airflow/dags/driven_data_pipeline.py
[2025-10-18T18:39:29.092+0000] {processor.py:914} INFO - Processing file /opt/airflow/dags/driven_data_pipeline.py for tasks to queue
[2025-10-18T18:39:29.093+0000] {logging_mixin.py:190} INFO - [2025-10-18T18:39:29.092+0000] {dagbag.py:588} INFO - Filling up the DagBag from /opt/airflow/dags/driven_data_pipeline.py
[2025-10-18T18:39:29.174+0000] {processor.py:925} INFO - DAG(s) 'extract_raw_data_pipeline' retrieved from /opt/airflow/dags/driven_data_pipeline.py
[2025-10-18T18:39:29.187+0000] {logging_mixin.py:190} INFO - [2025-10-18T18:39:29.186+0000] {dag.py:3239} INFO - Sync 1 DAGs
[2025-10-18T18:39:29.196+0000] {logging_mixin.py:190} INFO - [2025-10-18T18:39:29.196+0000] {dag.py:4180} INFO - Setting next_dagrun for extract_raw_data_pipeline to 2025-10-18 07:59:00+00:00, run_after=2025-10-19 07:00:00+00:00
[2025-10-18T18:39:29.203+0000] {processor.py:208} INFO - Processing /opt/airflow/dags/driven_data_pipeline.py took 0.118 seconds
[2025-10-18T18:39:59.420+0000] {processor.py:186} INFO - Started process (PID=1425) to work on /opt/airflow/dags/driven_data_pipeline.py
[2025-10-18T18:39:59.421+0000] {processor.py:914} INFO - Processing file /opt/airflow/dags/driven_data_pipeline.py for tasks to queue
[2025-10-18T18:39:59.421+0000] {logging_mixin.py:190} INFO - [2025-10-18T18:39:59.421+0000] {dagbag.py:588} INFO - Filling up the DagBag from /opt/airflow/dags/driven_data_pipeline.py
[2025-10-18T18:39:59.486+0000] {processor.py:925} INFO - DAG(s) 'extract_raw_data_pipeline' retrieved from /opt/airflow/dags/driven_data_pipeline.py
[2025-10-18T18:39:59.496+0000] {logging_mixin.py:190} INFO - [2025-10-18T18:39:59.496+0000] {dag.py:3239} INFO - Sync 1 DAGs
[2025-10-18T18:39:59.505+0000] {logging_mixin.py:190} INFO - [2025-10-18T18:39:59.505+0000] {dag.py:4180} INFO - Setting next_dagrun for extract_raw_data_pipeline to 2025-10-18 07:59:00+00:00, run_after=2025-10-19 07:00:00+00:00
[2025-10-18T18:39:59.511+0000] {processor.py:208} INFO - Processing /opt/airflow/dags/driven_data_pipeline.py took 0.095 seconds
[2025-10-18T18:40:29.735+0000] {processor.py:186} INFO - Started process (PID=1433) to work on /opt/airflow/dags/driven_data_pipeline.py
[2025-10-18T18:40:29.736+0000] {processor.py:914} INFO - Processing file /opt/airflow/dags/driven_data_pipeline.py for tasks to queue
[2025-10-18T18:40:29.737+0000] {logging_mixin.py:190} INFO - [2025-10-18T18:40:29.736+0000] {dagbag.py:588} INFO - Filling up the DagBag from /opt/airflow/dags/driven_data_pipeline.py
[2025-10-18T18:40:29.799+0000] {processor.py:925} INFO - DAG(s) 'extract_raw_data_pipeline' retrieved from /opt/airflow/dags/driven_data_pipeline.py
[2025-10-18T18:40:29.810+0000] {logging_mixin.py:190} INFO - [2025-10-18T18:40:29.810+0000] {dag.py:3239} INFO - Sync 1 DAGs
[2025-10-18T18:40:29.819+0000] {logging_mixin.py:190} INFO - [2025-10-18T18:40:29.819+0000] {dag.py:4180} INFO - Setting next_dagrun for extract_raw_data_pipeline to 2025-10-18 07:59:00+00:00, run_after=2025-10-19 07:00:00+00:00
[2025-10-18T18:40:29.825+0000] {processor.py:208} INFO - Processing /opt/airflow/dags/driven_data_pipeline.py took 0.093 seconds
[2025-10-18T18:41:00.130+0000] {processor.py:186} INFO - Started process (PID=1441) to work on /opt/airflow/dags/driven_data_pipeline.py
[2025-10-18T18:41:00.131+0000] {processor.py:914} INFO - Processing file /opt/airflow/dags/driven_data_pipeline.py for tasks to queue
[2025-10-18T18:41:00.133+0000] {logging_mixin.py:190} INFO - [2025-10-18T18:41:00.132+0000] {dagbag.py:588} INFO - Filling up the DagBag from /opt/airflow/dags/driven_data_pipeline.py
[2025-10-18T18:41:00.222+0000] {processor.py:925} INFO - DAG(s) 'extract_raw_data_pipeline' retrieved from /opt/airflow/dags/driven_data_pipeline.py
[2025-10-18T18:41:00.236+0000] {logging_mixin.py:190} INFO - [2025-10-18T18:41:00.235+0000] {dag.py:3239} INFO - Sync 1 DAGs
[2025-10-18T18:41:00.245+0000] {logging_mixin.py:190} INFO - [2025-10-18T18:41:00.245+0000] {dag.py:4180} INFO - Setting next_dagrun for extract_raw_data_pipeline to 2025-10-18 07:59:00+00:00, run_after=2025-10-19 07:00:00+00:00
[2025-10-18T18:41:00.251+0000] {processor.py:208} INFO - Processing /opt/airflow/dags/driven_data_pipeline.py took 0.126 seconds
[2025-10-18T18:41:30.394+0000] {processor.py:186} INFO - Started process (PID=1449) to work on /opt/airflow/dags/driven_data_pipeline.py
[2025-10-18T18:41:30.396+0000] {processor.py:914} INFO - Processing file /opt/airflow/dags/driven_data_pipeline.py for tasks to queue
[2025-10-18T18:41:30.397+0000] {logging_mixin.py:190} INFO - [2025-10-18T18:41:30.397+0000] {dagbag.py:588} INFO - Filling up the DagBag from /opt/airflow/dags/driven_data_pipeline.py
[2025-10-18T18:41:30.492+0000] {processor.py:925} INFO - DAG(s) 'extract_raw_data_pipeline' retrieved from /opt/airflow/dags/driven_data_pipeline.py
[2025-10-18T18:41:30.508+0000] {logging_mixin.py:190} INFO - [2025-10-18T18:41:30.508+0000] {dag.py:3239} INFO - Sync 1 DAGs
[2025-10-18T18:41:30.520+0000] {logging_mixin.py:190} INFO - [2025-10-18T18:41:30.520+0000] {dag.py:4180} INFO - Setting next_dagrun for extract_raw_data_pipeline to 2025-10-18 07:59:00+00:00, run_after=2025-10-19 07:00:00+00:00
[2025-10-18T18:41:30.527+0000] {processor.py:208} INFO - Processing /opt/airflow/dags/driven_data_pipeline.py took 0.140 seconds
[2025-10-18T18:42:00.785+0000] {processor.py:186} INFO - Started process (PID=1457) to work on /opt/airflow/dags/driven_data_pipeline.py
[2025-10-18T18:42:00.786+0000] {processor.py:914} INFO - Processing file /opt/airflow/dags/driven_data_pipeline.py for tasks to queue
[2025-10-18T18:42:00.788+0000] {logging_mixin.py:190} INFO - [2025-10-18T18:42:00.787+0000] {dagbag.py:588} INFO - Filling up the DagBag from /opt/airflow/dags/driven_data_pipeline.py
[2025-10-18T18:42:00.866+0000] {processor.py:925} INFO - DAG(s) 'extract_raw_data_pipeline' retrieved from /opt/airflow/dags/driven_data_pipeline.py
[2025-10-18T18:42:00.877+0000] {logging_mixin.py:190} INFO - [2025-10-18T18:42:00.877+0000] {dag.py:3239} INFO - Sync 1 DAGs
[2025-10-18T18:42:00.887+0000] {logging_mixin.py:190} INFO - [2025-10-18T18:42:00.887+0000] {dag.py:4180} INFO - Setting next_dagrun for extract_raw_data_pipeline to 2025-10-18 07:59:00+00:00, run_after=2025-10-19 07:00:00+00:00
[2025-10-18T18:42:00.893+0000] {processor.py:208} INFO - Processing /opt/airflow/dags/driven_data_pipeline.py took 0.114 seconds
[2025-10-18T18:42:31.041+0000] {processor.py:186} INFO - Started process (PID=1465) to work on /opt/airflow/dags/driven_data_pipeline.py
[2025-10-18T18:42:31.042+0000] {processor.py:914} INFO - Processing file /opt/airflow/dags/driven_data_pipeline.py for tasks to queue
[2025-10-18T18:42:31.043+0000] {logging_mixin.py:190} INFO - [2025-10-18T18:42:31.043+0000] {dagbag.py:588} INFO - Filling up the DagBag from /opt/airflow/dags/driven_data_pipeline.py
[2025-10-18T18:42:31.117+0000] {processor.py:925} INFO - DAG(s) 'extract_raw_data_pipeline' retrieved from /opt/airflow/dags/driven_data_pipeline.py
[2025-10-18T18:42:31.129+0000] {logging_mixin.py:190} INFO - [2025-10-18T18:42:31.129+0000] {dag.py:3239} INFO - Sync 1 DAGs
[2025-10-18T18:42:31.142+0000] {logging_mixin.py:190} INFO - [2025-10-18T18:42:31.142+0000] {dag.py:4180} INFO - Setting next_dagrun for extract_raw_data_pipeline to 2025-10-18 07:59:00+00:00, run_after=2025-10-19 07:00:00+00:00
[2025-10-18T18:42:31.149+0000] {processor.py:208} INFO - Processing /opt/airflow/dags/driven_data_pipeline.py took 0.112 seconds
[2025-10-18T18:43:01.425+0000] {processor.py:186} INFO - Started process (PID=1473) to work on /opt/airflow/dags/driven_data_pipeline.py
[2025-10-18T18:43:01.426+0000] {processor.py:914} INFO - Processing file /opt/airflow/dags/driven_data_pipeline.py for tasks to queue
[2025-10-18T18:43:01.427+0000] {logging_mixin.py:190} INFO - [2025-10-18T18:43:01.427+0000] {dagbag.py:588} INFO - Filling up the DagBag from /opt/airflow/dags/driven_data_pipeline.py
[2025-10-18T18:43:01.498+0000] {processor.py:925} INFO - DAG(s) 'extract_raw_data_pipeline' retrieved from /opt/airflow/dags/driven_data_pipeline.py
[2025-10-18T18:43:01.509+0000] {logging_mixin.py:190} INFO - [2025-10-18T18:43:01.508+0000] {dag.py:3239} INFO - Sync 1 DAGs
[2025-10-18T18:43:01.518+0000] {logging_mixin.py:190} INFO - [2025-10-18T18:43:01.518+0000] {dag.py:4180} INFO - Setting next_dagrun for extract_raw_data_pipeline to 2025-10-18 07:59:00+00:00, run_after=2025-10-19 07:00:00+00:00
[2025-10-18T18:43:01.524+0000] {processor.py:208} INFO - Processing /opt/airflow/dags/driven_data_pipeline.py took 0.104 seconds
[2025-10-18T18:43:31.766+0000] {processor.py:186} INFO - Started process (PID=1481) to work on /opt/airflow/dags/driven_data_pipeline.py
[2025-10-18T18:43:31.769+0000] {processor.py:914} INFO - Processing file /opt/airflow/dags/driven_data_pipeline.py for tasks to queue
[2025-10-18T18:43:31.770+0000] {logging_mixin.py:190} INFO - [2025-10-18T18:43:31.770+0000] {dagbag.py:588} INFO - Filling up the DagBag from /opt/airflow/dags/driven_data_pipeline.py
[2025-10-18T18:43:31.854+0000] {processor.py:925} INFO - DAG(s) 'extract_raw_data_pipeline' retrieved from /opt/airflow/dags/driven_data_pipeline.py
[2025-10-18T18:43:31.866+0000] {logging_mixin.py:190} INFO - [2025-10-18T18:43:31.866+0000] {dag.py:3239} INFO - Sync 1 DAGs
[2025-10-18T18:43:31.877+0000] {logging_mixin.py:190} INFO - [2025-10-18T18:43:31.877+0000] {dag.py:4180} INFO - Setting next_dagrun for extract_raw_data_pipeline to 2025-10-18 07:59:00+00:00, run_after=2025-10-19 07:00:00+00:00
[2025-10-18T18:43:31.883+0000] {processor.py:208} INFO - Processing /opt/airflow/dags/driven_data_pipeline.py took 0.124 seconds
[2025-10-18T18:44:02.078+0000] {processor.py:186} INFO - Started process (PID=1489) to work on /opt/airflow/dags/driven_data_pipeline.py
[2025-10-18T18:44:02.080+0000] {processor.py:914} INFO - Processing file /opt/airflow/dags/driven_data_pipeline.py for tasks to queue
[2025-10-18T18:44:02.081+0000] {logging_mixin.py:190} INFO - [2025-10-18T18:44:02.081+0000] {dagbag.py:588} INFO - Filling up the DagBag from /opt/airflow/dags/driven_data_pipeline.py
[2025-10-18T18:44:02.167+0000] {processor.py:925} INFO - DAG(s) 'extract_raw_data_pipeline' retrieved from /opt/airflow/dags/driven_data_pipeline.py
[2025-10-18T18:44:02.178+0000] {logging_mixin.py:190} INFO - [2025-10-18T18:44:02.178+0000] {dag.py:3239} INFO - Sync 1 DAGs
[2025-10-18T18:44:02.187+0000] {logging_mixin.py:190} INFO - [2025-10-18T18:44:02.187+0000] {dag.py:4180} INFO - Setting next_dagrun for extract_raw_data_pipeline to 2025-10-18 07:59:00+00:00, run_after=2025-10-19 07:00:00+00:00
[2025-10-18T18:44:02.193+0000] {processor.py:208} INFO - Processing /opt/airflow/dags/driven_data_pipeline.py took 0.122 seconds
[2025-10-18T18:44:32.401+0000] {processor.py:186} INFO - Started process (PID=1497) to work on /opt/airflow/dags/driven_data_pipeline.py
[2025-10-18T18:44:32.402+0000] {processor.py:914} INFO - Processing file /opt/airflow/dags/driven_data_pipeline.py for tasks to queue
[2025-10-18T18:44:32.403+0000] {logging_mixin.py:190} INFO - [2025-10-18T18:44:32.402+0000] {dagbag.py:588} INFO - Filling up the DagBag from /opt/airflow/dags/driven_data_pipeline.py
[2025-10-18T18:44:32.473+0000] {processor.py:925} INFO - DAG(s) 'extract_raw_data_pipeline' retrieved from /opt/airflow/dags/driven_data_pipeline.py
[2025-10-18T18:44:32.484+0000] {logging_mixin.py:190} INFO - [2025-10-18T18:44:32.483+0000] {dag.py:3239} INFO - Sync 1 DAGs
[2025-10-18T18:44:32.496+0000] {logging_mixin.py:190} INFO - [2025-10-18T18:44:32.495+0000] {dag.py:4180} INFO - Setting next_dagrun for extract_raw_data_pipeline to 2025-10-18 07:59:00+00:00, run_after=2025-10-19 07:00:00+00:00
[2025-10-18T18:44:32.501+0000] {processor.py:208} INFO - Processing /opt/airflow/dags/driven_data_pipeline.py took 0.105 seconds
[2025-10-18T18:44:54.717+0000] {processor.py:186} INFO - Started process (PID=1499) to work on /opt/airflow/dags/driven_data_pipeline.py
[2025-10-18T18:44:54.719+0000] {processor.py:914} INFO - Processing file /opt/airflow/dags/driven_data_pipeline.py for tasks to queue
[2025-10-18T18:44:54.720+0000] {logging_mixin.py:190} INFO - [2025-10-18T18:44:54.720+0000] {dagbag.py:588} INFO - Filling up the DagBag from /opt/airflow/dags/driven_data_pipeline.py
[2025-10-18T18:44:54.802+0000] {processor.py:925} INFO - DAG(s) 'extract_raw_data_pipeline' retrieved from /opt/airflow/dags/driven_data_pipeline.py
[2025-10-18T18:44:54.817+0000] {logging_mixin.py:190} INFO - [2025-10-18T18:44:54.816+0000] {dag.py:3239} INFO - Sync 1 DAGs
[2025-10-18T18:44:54.826+0000] {logging_mixin.py:190} INFO - [2025-10-18T18:44:54.826+0000] {dag.py:4180} INFO - Setting next_dagrun for extract_raw_data_pipeline to 2025-10-18 07:59:00+00:00, run_after=2025-10-19 07:00:00+00:00
[2025-10-18T18:44:54.834+0000] {processor.py:208} INFO - Processing /opt/airflow/dags/driven_data_pipeline.py took 0.123 seconds
[2025-10-18T18:45:25.026+0000] {processor.py:186} INFO - Started process (PID=1507) to work on /opt/airflow/dags/driven_data_pipeline.py
[2025-10-18T18:45:25.028+0000] {processor.py:914} INFO - Processing file /opt/airflow/dags/driven_data_pipeline.py for tasks to queue
[2025-10-18T18:45:25.028+0000] {logging_mixin.py:190} INFO - [2025-10-18T18:45:25.028+0000] {dagbag.py:588} INFO - Filling up the DagBag from /opt/airflow/dags/driven_data_pipeline.py
[2025-10-18T18:45:25.091+0000] {processor.py:925} INFO - DAG(s) 'extract_raw_data_pipeline' retrieved from /opt/airflow/dags/driven_data_pipeline.py
[2025-10-18T18:45:25.102+0000] {logging_mixin.py:190} INFO - [2025-10-18T18:45:25.101+0000] {dag.py:3239} INFO - Sync 1 DAGs
[2025-10-18T18:45:25.110+0000] {logging_mixin.py:190} INFO - [2025-10-18T18:45:25.110+0000] {dag.py:4180} INFO - Setting next_dagrun for extract_raw_data_pipeline to 2025-10-18 07:59:00+00:00, run_after=2025-10-19 07:00:00+00:00
[2025-10-18T18:45:25.116+0000] {processor.py:208} INFO - Processing /opt/airflow/dags/driven_data_pipeline.py took 0.093 seconds
[2025-10-18T18:45:55.392+0000] {processor.py:186} INFO - Started process (PID=1515) to work on /opt/airflow/dags/driven_data_pipeline.py
[2025-10-18T18:45:55.393+0000] {processor.py:914} INFO - Processing file /opt/airflow/dags/driven_data_pipeline.py for tasks to queue
[2025-10-18T18:45:55.394+0000] {logging_mixin.py:190} INFO - [2025-10-18T18:45:55.394+0000] {dagbag.py:588} INFO - Filling up the DagBag from /opt/airflow/dags/driven_data_pipeline.py
[2025-10-18T18:45:55.465+0000] {processor.py:925} INFO - DAG(s) 'extract_raw_data_pipeline' retrieved from /opt/airflow/dags/driven_data_pipeline.py
[2025-10-18T18:45:55.478+0000] {logging_mixin.py:190} INFO - [2025-10-18T18:45:55.478+0000] {dag.py:3239} INFO - Sync 1 DAGs
[2025-10-18T18:45:55.487+0000] {logging_mixin.py:190} INFO - [2025-10-18T18:45:55.487+0000] {dag.py:4180} INFO - Setting next_dagrun for extract_raw_data_pipeline to 2025-10-18 07:59:00+00:00, run_after=2025-10-19 07:00:00+00:00
[2025-10-18T18:45:55.493+0000] {processor.py:208} INFO - Processing /opt/airflow/dags/driven_data_pipeline.py took 0.105 seconds
[2025-10-18T18:46:25.731+0000] {processor.py:186} INFO - Started process (PID=1523) to work on /opt/airflow/dags/driven_data_pipeline.py
[2025-10-18T18:46:25.732+0000] {processor.py:914} INFO - Processing file /opt/airflow/dags/driven_data_pipeline.py for tasks to queue
[2025-10-18T18:46:25.733+0000] {logging_mixin.py:190} INFO - [2025-10-18T18:46:25.733+0000] {dagbag.py:588} INFO - Filling up the DagBag from /opt/airflow/dags/driven_data_pipeline.py
[2025-10-18T18:46:25.811+0000] {processor.py:925} INFO - DAG(s) 'extract_raw_data_pipeline' retrieved from /opt/airflow/dags/driven_data_pipeline.py
[2025-10-18T18:46:25.823+0000] {logging_mixin.py:190} INFO - [2025-10-18T18:46:25.823+0000] {dag.py:3239} INFO - Sync 1 DAGs
[2025-10-18T18:46:25.833+0000] {logging_mixin.py:190} INFO - [2025-10-18T18:46:25.832+0000] {dag.py:4180} INFO - Setting next_dagrun for extract_raw_data_pipeline to 2025-10-18 07:59:00+00:00, run_after=2025-10-19 07:00:00+00:00
[2025-10-18T18:46:25.838+0000] {processor.py:208} INFO - Processing /opt/airflow/dags/driven_data_pipeline.py took 0.112 seconds
[2025-10-18T18:46:56.061+0000] {processor.py:186} INFO - Started process (PID=1531) to work on /opt/airflow/dags/driven_data_pipeline.py
[2025-10-18T18:46:56.062+0000] {processor.py:914} INFO - Processing file /opt/airflow/dags/driven_data_pipeline.py for tasks to queue
[2025-10-18T18:46:56.063+0000] {logging_mixin.py:190} INFO - [2025-10-18T18:46:56.063+0000] {dagbag.py:588} INFO - Filling up the DagBag from /opt/airflow/dags/driven_data_pipeline.py
[2025-10-18T18:46:56.148+0000] {processor.py:925} INFO - DAG(s) 'extract_raw_data_pipeline' retrieved from /opt/airflow/dags/driven_data_pipeline.py
[2025-10-18T18:46:56.198+0000] {logging_mixin.py:190} INFO - [2025-10-18T18:46:56.197+0000] {dag.py:3239} INFO - Sync 1 DAGs
[2025-10-18T18:46:56.206+0000] {logging_mixin.py:190} INFO - [2025-10-18T18:46:56.205+0000] {dag.py:4180} INFO - Setting next_dagrun for extract_raw_data_pipeline to 2025-10-18 07:59:00+00:00, run_after=2025-10-19 07:00:00+00:00
[2025-10-18T18:46:56.212+0000] {processor.py:208} INFO - Processing /opt/airflow/dags/driven_data_pipeline.py took 0.157 seconds
[2025-10-18T18:47:26.409+0000] {processor.py:186} INFO - Started process (PID=1539) to work on /opt/airflow/dags/driven_data_pipeline.py
[2025-10-18T18:47:26.411+0000] {processor.py:914} INFO - Processing file /opt/airflow/dags/driven_data_pipeline.py for tasks to queue
[2025-10-18T18:47:26.413+0000] {logging_mixin.py:190} INFO - [2025-10-18T18:47:26.412+0000] {dagbag.py:588} INFO - Filling up the DagBag from /opt/airflow/dags/driven_data_pipeline.py
[2025-10-18T18:47:26.507+0000] {processor.py:925} INFO - DAG(s) 'extract_raw_data_pipeline' retrieved from /opt/airflow/dags/driven_data_pipeline.py
[2025-10-18T18:47:26.522+0000] {logging_mixin.py:190} INFO - [2025-10-18T18:47:26.522+0000] {dag.py:3239} INFO - Sync 1 DAGs
[2025-10-18T18:47:26.532+0000] {logging_mixin.py:190} INFO - [2025-10-18T18:47:26.532+0000] {dag.py:4180} INFO - Setting next_dagrun for extract_raw_data_pipeline to 2025-10-18 07:59:00+00:00, run_after=2025-10-19 07:00:00+00:00
[2025-10-18T18:47:26.539+0000] {processor.py:208} INFO - Processing /opt/airflow/dags/driven_data_pipeline.py took 0.136 seconds
[2025-10-18T18:47:56.707+0000] {processor.py:186} INFO - Started process (PID=1547) to work on /opt/airflow/dags/driven_data_pipeline.py
[2025-10-18T18:47:56.708+0000] {processor.py:914} INFO - Processing file /opt/airflow/dags/driven_data_pipeline.py for tasks to queue
[2025-10-18T18:47:56.710+0000] {logging_mixin.py:190} INFO - [2025-10-18T18:47:56.710+0000] {dagbag.py:588} INFO - Filling up the DagBag from /opt/airflow/dags/driven_data_pipeline.py
[2025-10-18T18:47:56.811+0000] {processor.py:925} INFO - DAG(s) 'extract_raw_data_pipeline' retrieved from /opt/airflow/dags/driven_data_pipeline.py
[2025-10-18T18:47:56.827+0000] {logging_mixin.py:190} INFO - [2025-10-18T18:47:56.826+0000] {dag.py:3239} INFO - Sync 1 DAGs
[2025-10-18T18:47:56.840+0000] {logging_mixin.py:190} INFO - [2025-10-18T18:47:56.839+0000] {dag.py:4180} INFO - Setting next_dagrun for extract_raw_data_pipeline to 2025-10-18 07:59:00+00:00, run_after=2025-10-19 07:00:00+00:00
[2025-10-18T18:47:56.849+0000] {processor.py:208} INFO - Processing /opt/airflow/dags/driven_data_pipeline.py took 0.149 seconds
[2025-10-18T18:48:27.083+0000] {processor.py:186} INFO - Started process (PID=1555) to work on /opt/airflow/dags/driven_data_pipeline.py
[2025-10-18T18:48:27.085+0000] {processor.py:914} INFO - Processing file /opt/airflow/dags/driven_data_pipeline.py for tasks to queue
[2025-10-18T18:48:27.087+0000] {logging_mixin.py:190} INFO - [2025-10-18T18:48:27.086+0000] {dagbag.py:588} INFO - Filling up the DagBag from /opt/airflow/dags/driven_data_pipeline.py
[2025-10-18T18:48:27.187+0000] {processor.py:925} INFO - DAG(s) 'extract_raw_data_pipeline' retrieved from /opt/airflow/dags/driven_data_pipeline.py
[2025-10-18T18:48:27.199+0000] {logging_mixin.py:190} INFO - [2025-10-18T18:48:27.199+0000] {dag.py:3239} INFO - Sync 1 DAGs
[2025-10-18T18:48:27.215+0000] {logging_mixin.py:190} INFO - [2025-10-18T18:48:27.215+0000] {dag.py:4180} INFO - Setting next_dagrun for extract_raw_data_pipeline to 2025-10-18 07:59:00+00:00, run_after=2025-10-19 07:00:00+00:00
[2025-10-18T18:48:27.223+0000] {processor.py:208} INFO - Processing /opt/airflow/dags/driven_data_pipeline.py took 0.147 seconds
[2025-10-18T18:48:57.376+0000] {processor.py:186} INFO - Started process (PID=1563) to work on /opt/airflow/dags/driven_data_pipeline.py
[2025-10-18T18:48:57.378+0000] {processor.py:914} INFO - Processing file /opt/airflow/dags/driven_data_pipeline.py for tasks to queue
[2025-10-18T18:48:57.379+0000] {logging_mixin.py:190} INFO - [2025-10-18T18:48:57.379+0000] {dagbag.py:588} INFO - Filling up the DagBag from /opt/airflow/dags/driven_data_pipeline.py
[2025-10-18T18:48:57.475+0000] {processor.py:925} INFO - DAG(s) 'extract_raw_data_pipeline' retrieved from /opt/airflow/dags/driven_data_pipeline.py
[2025-10-18T18:48:57.490+0000] {logging_mixin.py:190} INFO - [2025-10-18T18:48:57.490+0000] {dag.py:3239} INFO - Sync 1 DAGs
[2025-10-18T18:48:57.505+0000] {logging_mixin.py:190} INFO - [2025-10-18T18:48:57.505+0000] {dag.py:4180} INFO - Setting next_dagrun for extract_raw_data_pipeline to 2025-10-18 07:59:00+00:00, run_after=2025-10-19 07:00:00+00:00
[2025-10-18T18:48:57.513+0000] {processor.py:208} INFO - Processing /opt/airflow/dags/driven_data_pipeline.py took 0.144 seconds
[2025-10-18T18:49:27.781+0000] {processor.py:186} INFO - Started process (PID=1571) to work on /opt/airflow/dags/driven_data_pipeline.py
[2025-10-18T18:49:27.783+0000] {processor.py:914} INFO - Processing file /opt/airflow/dags/driven_data_pipeline.py for tasks to queue
[2025-10-18T18:49:27.784+0000] {logging_mixin.py:190} INFO - [2025-10-18T18:49:27.783+0000] {dagbag.py:588} INFO - Filling up the DagBag from /opt/airflow/dags/driven_data_pipeline.py
[2025-10-18T18:49:27.876+0000] {processor.py:925} INFO - DAG(s) 'extract_raw_data_pipeline' retrieved from /opt/airflow/dags/driven_data_pipeline.py
[2025-10-18T18:49:27.888+0000] {logging_mixin.py:190} INFO - [2025-10-18T18:49:27.888+0000] {dag.py:3239} INFO - Sync 1 DAGs
[2025-10-18T18:49:27.898+0000] {logging_mixin.py:190} INFO - [2025-10-18T18:49:27.898+0000] {dag.py:4180} INFO - Setting next_dagrun for extract_raw_data_pipeline to 2025-10-18 07:59:00+00:00, run_after=2025-10-19 07:00:00+00:00
[2025-10-18T18:49:27.909+0000] {processor.py:208} INFO - Processing /opt/airflow/dags/driven_data_pipeline.py took 0.133 seconds
[2025-10-18T18:49:58.094+0000] {processor.py:186} INFO - Started process (PID=1579) to work on /opt/airflow/dags/driven_data_pipeline.py
[2025-10-18T18:49:58.097+0000] {processor.py:914} INFO - Processing file /opt/airflow/dags/driven_data_pipeline.py for tasks to queue
[2025-10-18T18:49:58.104+0000] {logging_mixin.py:190} INFO - [2025-10-18T18:49:58.104+0000] {dagbag.py:588} INFO - Filling up the DagBag from /opt/airflow/dags/driven_data_pipeline.py
[2025-10-18T18:49:58.202+0000] {processor.py:925} INFO - DAG(s) 'extract_raw_data_pipeline' retrieved from /opt/airflow/dags/driven_data_pipeline.py
[2025-10-18T18:49:58.215+0000] {logging_mixin.py:190} INFO - [2025-10-18T18:49:58.215+0000] {dag.py:3239} INFO - Sync 1 DAGs
[2025-10-18T18:49:58.230+0000] {logging_mixin.py:190} INFO - [2025-10-18T18:49:58.230+0000] {dag.py:4180} INFO - Setting next_dagrun for extract_raw_data_pipeline to 2025-10-18 07:59:00+00:00, run_after=2025-10-19 07:00:00+00:00
[2025-10-18T18:49:58.239+0000] {processor.py:208} INFO - Processing /opt/airflow/dags/driven_data_pipeline.py took 0.187 seconds
[2025-10-18T18:50:28.414+0000] {processor.py:186} INFO - Started process (PID=1587) to work on /opt/airflow/dags/driven_data_pipeline.py
[2025-10-18T18:50:28.416+0000] {processor.py:914} INFO - Processing file /opt/airflow/dags/driven_data_pipeline.py for tasks to queue
[2025-10-18T18:50:28.417+0000] {logging_mixin.py:190} INFO - [2025-10-18T18:50:28.417+0000] {dagbag.py:588} INFO - Filling up the DagBag from /opt/airflow/dags/driven_data_pipeline.py
[2025-10-18T18:50:28.499+0000] {processor.py:925} INFO - DAG(s) 'extract_raw_data_pipeline' retrieved from /opt/airflow/dags/driven_data_pipeline.py
[2025-10-18T18:50:28.510+0000] {logging_mixin.py:190} INFO - [2025-10-18T18:50:28.510+0000] {dag.py:3239} INFO - Sync 1 DAGs
[2025-10-18T18:50:28.520+0000] {logging_mixin.py:190} INFO - [2025-10-18T18:50:28.519+0000] {dag.py:4180} INFO - Setting next_dagrun for extract_raw_data_pipeline to 2025-10-18 07:59:00+00:00, run_after=2025-10-19 07:00:00+00:00
[2025-10-18T18:50:28.526+0000] {processor.py:208} INFO - Processing /opt/airflow/dags/driven_data_pipeline.py took 0.117 seconds
[2025-10-18T18:50:58.785+0000] {processor.py:186} INFO - Started process (PID=1595) to work on /opt/airflow/dags/driven_data_pipeline.py
[2025-10-18T18:50:58.786+0000] {processor.py:914} INFO - Processing file /opt/airflow/dags/driven_data_pipeline.py for tasks to queue
[2025-10-18T18:50:58.788+0000] {logging_mixin.py:190} INFO - [2025-10-18T18:50:58.788+0000] {dagbag.py:588} INFO - Filling up the DagBag from /opt/airflow/dags/driven_data_pipeline.py
[2025-10-18T18:50:58.888+0000] {processor.py:925} INFO - DAG(s) 'extract_raw_data_pipeline' retrieved from /opt/airflow/dags/driven_data_pipeline.py
[2025-10-18T18:50:58.903+0000] {logging_mixin.py:190} INFO - [2025-10-18T18:50:58.903+0000] {dag.py:3239} INFO - Sync 1 DAGs
[2025-10-18T18:50:58.913+0000] {logging_mixin.py:190} INFO - [2025-10-18T18:50:58.913+0000] {dag.py:4180} INFO - Setting next_dagrun for extract_raw_data_pipeline to 2025-10-18 07:59:00+00:00, run_after=2025-10-19 07:00:00+00:00
[2025-10-18T18:50:58.922+0000] {processor.py:208} INFO - Processing /opt/airflow/dags/driven_data_pipeline.py took 0.145 seconds
[2025-10-18T18:51:29.112+0000] {processor.py:186} INFO - Started process (PID=1603) to work on /opt/airflow/dags/driven_data_pipeline.py
[2025-10-18T18:51:29.114+0000] {processor.py:914} INFO - Processing file /opt/airflow/dags/driven_data_pipeline.py for tasks to queue
[2025-10-18T18:51:29.115+0000] {logging_mixin.py:190} INFO - [2025-10-18T18:51:29.115+0000] {dagbag.py:588} INFO - Filling up the DagBag from /opt/airflow/dags/driven_data_pipeline.py
[2025-10-18T18:51:29.198+0000] {processor.py:925} INFO - DAG(s) 'extract_raw_data_pipeline' retrieved from /opt/airflow/dags/driven_data_pipeline.py
[2025-10-18T18:51:29.213+0000] {logging_mixin.py:190} INFO - [2025-10-18T18:51:29.213+0000] {dag.py:3239} INFO - Sync 1 DAGs
[2025-10-18T18:51:29.223+0000] {logging_mixin.py:190} INFO - [2025-10-18T18:51:29.223+0000] {dag.py:4180} INFO - Setting next_dagrun for extract_raw_data_pipeline to 2025-10-18 07:59:00+00:00, run_after=2025-10-19 07:00:00+00:00
[2025-10-18T18:51:29.233+0000] {processor.py:208} INFO - Processing /opt/airflow/dags/driven_data_pipeline.py took 0.125 seconds
[2025-10-18T18:51:59.546+0000] {processor.py:186} INFO - Started process (PID=1611) to work on /opt/airflow/dags/driven_data_pipeline.py
[2025-10-18T18:51:59.548+0000] {processor.py:914} INFO - Processing file /opt/airflow/dags/driven_data_pipeline.py for tasks to queue
[2025-10-18T18:51:59.549+0000] {logging_mixin.py:190} INFO - [2025-10-18T18:51:59.549+0000] {dagbag.py:588} INFO - Filling up the DagBag from /opt/airflow/dags/driven_data_pipeline.py
[2025-10-18T18:51:59.637+0000] {processor.py:925} INFO - DAG(s) 'extract_raw_data_pipeline' retrieved from /opt/airflow/dags/driven_data_pipeline.py
[2025-10-18T18:51:59.652+0000] {logging_mixin.py:190} INFO - [2025-10-18T18:51:59.652+0000] {dag.py:3239} INFO - Sync 1 DAGs
[2025-10-18T18:51:59.663+0000] {logging_mixin.py:190} INFO - [2025-10-18T18:51:59.663+0000] {dag.py:4180} INFO - Setting next_dagrun for extract_raw_data_pipeline to 2025-10-18 07:59:00+00:00, run_after=2025-10-19 07:00:00+00:00
[2025-10-18T18:51:59.671+0000] {processor.py:208} INFO - Processing /opt/airflow/dags/driven_data_pipeline.py took 0.132 seconds
[2025-10-18T18:52:29.839+0000] {processor.py:186} INFO - Started process (PID=1619) to work on /opt/airflow/dags/driven_data_pipeline.py
[2025-10-18T18:52:29.840+0000] {processor.py:914} INFO - Processing file /opt/airflow/dags/driven_data_pipeline.py for tasks to queue
[2025-10-18T18:52:29.841+0000] {logging_mixin.py:190} INFO - [2025-10-18T18:52:29.841+0000] {dagbag.py:588} INFO - Filling up the DagBag from /opt/airflow/dags/driven_data_pipeline.py
[2025-10-18T18:52:29.907+0000] {processor.py:925} INFO - DAG(s) 'extract_raw_data_pipeline' retrieved from /opt/airflow/dags/driven_data_pipeline.py
[2025-10-18T18:52:29.919+0000] {logging_mixin.py:190} INFO - [2025-10-18T18:52:29.919+0000] {dag.py:3239} INFO - Sync 1 DAGs
[2025-10-18T18:52:29.931+0000] {logging_mixin.py:190} INFO - [2025-10-18T18:52:29.931+0000] {dag.py:4180} INFO - Setting next_dagrun for extract_raw_data_pipeline to 2025-10-18 07:59:00+00:00, run_after=2025-10-19 07:00:00+00:00
[2025-10-18T18:52:29.938+0000] {processor.py:208} INFO - Processing /opt/airflow/dags/driven_data_pipeline.py took 0.102 seconds
[2025-10-18T18:53:00.214+0000] {processor.py:186} INFO - Started process (PID=1633) to work on /opt/airflow/dags/driven_data_pipeline.py
[2025-10-18T18:53:00.215+0000] {processor.py:914} INFO - Processing file /opt/airflow/dags/driven_data_pipeline.py for tasks to queue
[2025-10-18T18:53:00.216+0000] {logging_mixin.py:190} INFO - [2025-10-18T18:53:00.216+0000] {dagbag.py:588} INFO - Filling up the DagBag from /opt/airflow/dags/driven_data_pipeline.py
[2025-10-18T18:53:00.302+0000] {processor.py:925} INFO - DAG(s) 'extract_raw_data_pipeline' retrieved from /opt/airflow/dags/driven_data_pipeline.py
[2025-10-18T18:53:00.317+0000] {logging_mixin.py:190} INFO - [2025-10-18T18:53:00.317+0000] {dag.py:3239} INFO - Sync 1 DAGs
[2025-10-18T18:53:00.328+0000] {logging_mixin.py:190} INFO - [2025-10-18T18:53:00.327+0000] {dag.py:4180} INFO - Setting next_dagrun for extract_raw_data_pipeline to 2025-10-18 07:59:00+00:00, run_after=2025-10-19 07:00:00+00:00
[2025-10-18T18:53:00.334+0000] {processor.py:208} INFO - Processing /opt/airflow/dags/driven_data_pipeline.py took 0.124 seconds
[2025-10-18T18:53:30.516+0000] {processor.py:186} INFO - Started process (PID=1641) to work on /opt/airflow/dags/driven_data_pipeline.py
[2025-10-18T18:53:30.517+0000] {processor.py:914} INFO - Processing file /opt/airflow/dags/driven_data_pipeline.py for tasks to queue
[2025-10-18T18:53:30.518+0000] {logging_mixin.py:190} INFO - [2025-10-18T18:53:30.518+0000] {dagbag.py:588} INFO - Filling up the DagBag from /opt/airflow/dags/driven_data_pipeline.py
[2025-10-18T18:53:30.610+0000] {processor.py:925} INFO - DAG(s) 'extract_raw_data_pipeline' retrieved from /opt/airflow/dags/driven_data_pipeline.py
[2025-10-18T18:53:30.622+0000] {logging_mixin.py:190} INFO - [2025-10-18T18:53:30.622+0000] {dag.py:3239} INFO - Sync 1 DAGs
[2025-10-18T18:53:30.636+0000] {logging_mixin.py:190} INFO - [2025-10-18T18:53:30.636+0000] {dag.py:4180} INFO - Setting next_dagrun for extract_raw_data_pipeline to 2025-10-18 07:59:00+00:00, run_after=2025-10-19 07:00:00+00:00
[2025-10-18T18:53:30.644+0000] {processor.py:208} INFO - Processing /opt/airflow/dags/driven_data_pipeline.py took 0.133 seconds
[2025-10-18T18:54:00.840+0000] {processor.py:186} INFO - Started process (PID=1649) to work on /opt/airflow/dags/driven_data_pipeline.py
[2025-10-18T18:54:00.841+0000] {processor.py:914} INFO - Processing file /opt/airflow/dags/driven_data_pipeline.py for tasks to queue
[2025-10-18T18:54:00.842+0000] {logging_mixin.py:190} INFO - [2025-10-18T18:54:00.842+0000] {dagbag.py:588} INFO - Filling up the DagBag from /opt/airflow/dags/driven_data_pipeline.py
[2025-10-18T18:54:00.938+0000] {processor.py:925} INFO - DAG(s) 'extract_raw_data_pipeline' retrieved from /opt/airflow/dags/driven_data_pipeline.py
[2025-10-18T18:54:00.952+0000] {logging_mixin.py:190} INFO - [2025-10-18T18:54:00.951+0000] {dag.py:3239} INFO - Sync 1 DAGs
[2025-10-18T18:54:00.963+0000] {logging_mixin.py:190} INFO - [2025-10-18T18:54:00.962+0000] {dag.py:4180} INFO - Setting next_dagrun for extract_raw_data_pipeline to 2025-10-18 07:59:00+00:00, run_after=2025-10-19 07:00:00+00:00
[2025-10-18T18:54:00.972+0000] {processor.py:208} INFO - Processing /opt/airflow/dags/driven_data_pipeline.py took 0.137 seconds
[2025-10-18T18:54:31.108+0000] {processor.py:186} INFO - Started process (PID=1657) to work on /opt/airflow/dags/driven_data_pipeline.py
[2025-10-18T18:54:31.111+0000] {processor.py:914} INFO - Processing file /opt/airflow/dags/driven_data_pipeline.py for tasks to queue
[2025-10-18T18:54:31.112+0000] {logging_mixin.py:190} INFO - [2025-10-18T18:54:31.112+0000] {dagbag.py:588} INFO - Filling up the DagBag from /opt/airflow/dags/driven_data_pipeline.py
[2025-10-18T18:54:31.216+0000] {processor.py:925} INFO - DAG(s) 'extract_raw_data_pipeline' retrieved from /opt/airflow/dags/driven_data_pipeline.py
[2025-10-18T18:54:31.236+0000] {logging_mixin.py:190} INFO - [2025-10-18T18:54:31.236+0000] {dag.py:3239} INFO - Sync 1 DAGs
[2025-10-18T18:54:31.250+0000] {logging_mixin.py:190} INFO - [2025-10-18T18:54:31.250+0000] {dag.py:4180} INFO - Setting next_dagrun for extract_raw_data_pipeline to 2025-10-18 07:59:00+00:00, run_after=2025-10-19 07:00:00+00:00
[2025-10-18T18:54:31.268+0000] {processor.py:208} INFO - Processing /opt/airflow/dags/driven_data_pipeline.py took 0.166 seconds
[2025-10-18T18:55:01.421+0000] {processor.py:186} INFO - Started process (PID=1669) to work on /opt/airflow/dags/driven_data_pipeline.py
[2025-10-18T18:55:01.423+0000] {processor.py:914} INFO - Processing file /opt/airflow/dags/driven_data_pipeline.py for tasks to queue
[2025-10-18T18:55:01.423+0000] {logging_mixin.py:190} INFO - [2025-10-18T18:55:01.423+0000] {dagbag.py:588} INFO - Filling up the DagBag from /opt/airflow/dags/driven_data_pipeline.py
[2025-10-18T18:55:01.502+0000] {processor.py:925} INFO - DAG(s) 'extract_raw_data_pipeline' retrieved from /opt/airflow/dags/driven_data_pipeline.py
[2025-10-18T18:55:01.514+0000] {logging_mixin.py:190} INFO - [2025-10-18T18:55:01.514+0000] {dag.py:3239} INFO - Sync 1 DAGs
[2025-10-18T18:55:01.523+0000] {logging_mixin.py:190} INFO - [2025-10-18T18:55:01.523+0000] {dag.py:4180} INFO - Setting next_dagrun for extract_raw_data_pipeline to 2025-10-18 07:59:00+00:00, run_after=2025-10-19 07:00:00+00:00
[2025-10-18T18:55:01.533+0000] {processor.py:208} INFO - Processing /opt/airflow/dags/driven_data_pipeline.py took 0.116 seconds
[2025-10-18T18:55:31.722+0000] {processor.py:186} INFO - Started process (PID=1677) to work on /opt/airflow/dags/driven_data_pipeline.py
[2025-10-18T18:55:31.725+0000] {processor.py:914} INFO - Processing file /opt/airflow/dags/driven_data_pipeline.py for tasks to queue
[2025-10-18T18:55:31.727+0000] {logging_mixin.py:190} INFO - [2025-10-18T18:55:31.726+0000] {dagbag.py:588} INFO - Filling up the DagBag from /opt/airflow/dags/driven_data_pipeline.py
[2025-10-18T18:55:31.837+0000] {processor.py:925} INFO - DAG(s) 'extract_raw_data_pipeline' retrieved from /opt/airflow/dags/driven_data_pipeline.py
[2025-10-18T18:55:31.852+0000] {logging_mixin.py:190} INFO - [2025-10-18T18:55:31.851+0000] {dag.py:3239} INFO - Sync 1 DAGs
[2025-10-18T18:55:31.864+0000] {logging_mixin.py:190} INFO - [2025-10-18T18:55:31.864+0000] {dag.py:4180} INFO - Setting next_dagrun for extract_raw_data_pipeline to 2025-10-18 07:59:00+00:00, run_after=2025-10-19 07:00:00+00:00
[2025-10-18T18:55:31.875+0000] {processor.py:208} INFO - Processing /opt/airflow/dags/driven_data_pipeline.py took 0.159 seconds
[2025-10-18T18:56:01.962+0000] {processor.py:186} INFO - Started process (PID=1685) to work on /opt/airflow/dags/driven_data_pipeline.py
[2025-10-18T18:56:01.964+0000] {processor.py:914} INFO - Processing file /opt/airflow/dags/driven_data_pipeline.py for tasks to queue
[2025-10-18T18:56:01.965+0000] {logging_mixin.py:190} INFO - [2025-10-18T18:56:01.964+0000] {dagbag.py:588} INFO - Filling up the DagBag from /opt/airflow/dags/driven_data_pipeline.py
[2025-10-18T18:56:02.062+0000] {processor.py:925} INFO - DAG(s) 'extract_raw_data_pipeline' retrieved from /opt/airflow/dags/driven_data_pipeline.py
[2025-10-18T18:56:02.081+0000] {logging_mixin.py:190} INFO - [2025-10-18T18:56:02.081+0000] {dag.py:3239} INFO - Sync 1 DAGs
[2025-10-18T18:56:02.091+0000] {logging_mixin.py:190} INFO - [2025-10-18T18:56:02.091+0000] {dag.py:4180} INFO - Setting next_dagrun for extract_raw_data_pipeline to 2025-10-18 07:59:00+00:00, run_after=2025-10-19 07:00:00+00:00
[2025-10-18T18:56:02.102+0000] {processor.py:208} INFO - Processing /opt/airflow/dags/driven_data_pipeline.py took 0.145 seconds
[2025-10-18T18:56:32.246+0000] {processor.py:186} INFO - Started process (PID=1693) to work on /opt/airflow/dags/driven_data_pipeline.py
[2025-10-18T18:56:32.248+0000] {processor.py:914} INFO - Processing file /opt/airflow/dags/driven_data_pipeline.py for tasks to queue
[2025-10-18T18:56:32.249+0000] {logging_mixin.py:190} INFO - [2025-10-18T18:56:32.249+0000] {dagbag.py:588} INFO - Filling up the DagBag from /opt/airflow/dags/driven_data_pipeline.py
[2025-10-18T18:56:32.331+0000] {processor.py:925} INFO - DAG(s) 'extract_raw_data_pipeline' retrieved from /opt/airflow/dags/driven_data_pipeline.py
[2025-10-18T18:56:32.344+0000] {logging_mixin.py:190} INFO - [2025-10-18T18:56:32.344+0000] {dag.py:3239} INFO - Sync 1 DAGs
[2025-10-18T18:56:32.356+0000] {logging_mixin.py:190} INFO - [2025-10-18T18:56:32.356+0000] {dag.py:4180} INFO - Setting next_dagrun for extract_raw_data_pipeline to 2025-10-18 07:59:00+00:00, run_after=2025-10-19 07:00:00+00:00
[2025-10-18T18:56:32.362+0000] {processor.py:208} INFO - Processing /opt/airflow/dags/driven_data_pipeline.py took 0.124 seconds
[2025-10-18T18:57:02.677+0000] {processor.py:186} INFO - Started process (PID=1701) to work on /opt/airflow/dags/driven_data_pipeline.py
[2025-10-18T18:57:02.679+0000] {processor.py:914} INFO - Processing file /opt/airflow/dags/driven_data_pipeline.py for tasks to queue
[2025-10-18T18:57:02.680+0000] {logging_mixin.py:190} INFO - [2025-10-18T18:57:02.680+0000] {dagbag.py:588} INFO - Filling up the DagBag from /opt/airflow/dags/driven_data_pipeline.py
[2025-10-18T18:57:02.768+0000] {processor.py:925} INFO - DAG(s) 'extract_raw_data_pipeline' retrieved from /opt/airflow/dags/driven_data_pipeline.py
[2025-10-18T18:57:02.784+0000] {logging_mixin.py:190} INFO - [2025-10-18T18:57:02.784+0000] {dag.py:3239} INFO - Sync 1 DAGs
[2025-10-18T18:57:02.794+0000] {logging_mixin.py:190} INFO - [2025-10-18T18:57:02.794+0000] {dag.py:4180} INFO - Setting next_dagrun for extract_raw_data_pipeline to 2025-10-18 07:59:00+00:00, run_after=2025-10-19 07:00:00+00:00
[2025-10-18T18:57:02.802+0000] {processor.py:208} INFO - Processing /opt/airflow/dags/driven_data_pipeline.py took 0.130 seconds
[2025-10-18T18:57:32.968+0000] {processor.py:186} INFO - Started process (PID=1709) to work on /opt/airflow/dags/driven_data_pipeline.py
[2025-10-18T18:57:32.970+0000] {processor.py:914} INFO - Processing file /opt/airflow/dags/driven_data_pipeline.py for tasks to queue
[2025-10-18T18:57:32.972+0000] {logging_mixin.py:190} INFO - [2025-10-18T18:57:32.971+0000] {dagbag.py:588} INFO - Filling up the DagBag from /opt/airflow/dags/driven_data_pipeline.py
[2025-10-18T18:57:33.064+0000] {processor.py:925} INFO - DAG(s) 'extract_raw_data_pipeline' retrieved from /opt/airflow/dags/driven_data_pipeline.py
[2025-10-18T18:57:33.075+0000] {logging_mixin.py:190} INFO - [2025-10-18T18:57:33.075+0000] {dag.py:3239} INFO - Sync 1 DAGs
[2025-10-18T18:57:33.084+0000] {logging_mixin.py:190} INFO - [2025-10-18T18:57:33.084+0000] {dag.py:4180} INFO - Setting next_dagrun for extract_raw_data_pipeline to 2025-10-18 07:59:00+00:00, run_after=2025-10-19 07:00:00+00:00
[2025-10-18T18:57:33.091+0000] {processor.py:208} INFO - Processing /opt/airflow/dags/driven_data_pipeline.py took 0.134 seconds
[2025-10-18T18:57:52.252+0000] {processor.py:186} INFO - Started process (PID=1711) to work on /opt/airflow/dags/driven_data_pipeline.py
[2025-10-18T18:57:52.253+0000] {processor.py:914} INFO - Processing file /opt/airflow/dags/driven_data_pipeline.py for tasks to queue
[2025-10-18T18:57:52.254+0000] {logging_mixin.py:190} INFO - [2025-10-18T18:57:52.254+0000] {dagbag.py:588} INFO - Filling up the DagBag from /opt/airflow/dags/driven_data_pipeline.py
[2025-10-18T18:57:52.334+0000] {processor.py:925} INFO - DAG(s) 'extract_raw_data_pipeline' retrieved from /opt/airflow/dags/driven_data_pipeline.py
[2025-10-18T18:57:52.381+0000] {logging_mixin.py:190} INFO - [2025-10-18T18:57:52.381+0000] {dag.py:3239} INFO - Sync 1 DAGs
[2025-10-18T18:57:52.389+0000] {logging_mixin.py:190} INFO - [2025-10-18T18:57:52.389+0000] {dag.py:4180} INFO - Setting next_dagrun for extract_raw_data_pipeline to 2025-10-18 07:59:00+00:00, run_after=2025-10-19 07:00:00+00:00
[2025-10-18T18:57:52.398+0000] {processor.py:208} INFO - Processing /opt/airflow/dags/driven_data_pipeline.py took 0.151 seconds
[2025-10-18T18:58:22.488+0000] {processor.py:186} INFO - Started process (PID=1723) to work on /opt/airflow/dags/driven_data_pipeline.py
[2025-10-18T18:58:22.489+0000] {processor.py:914} INFO - Processing file /opt/airflow/dags/driven_data_pipeline.py for tasks to queue
[2025-10-18T18:58:22.492+0000] {logging_mixin.py:190} INFO - [2025-10-18T18:58:22.492+0000] {dagbag.py:588} INFO - Filling up the DagBag from /opt/airflow/dags/driven_data_pipeline.py
[2025-10-18T18:58:22.563+0000] {processor.py:925} INFO - DAG(s) 'extract_raw_data_pipeline' retrieved from /opt/airflow/dags/driven_data_pipeline.py
[2025-10-18T18:58:22.575+0000] {logging_mixin.py:190} INFO - [2025-10-18T18:58:22.575+0000] {dag.py:3239} INFO - Sync 1 DAGs
[2025-10-18T18:58:22.589+0000] {logging_mixin.py:190} INFO - [2025-10-18T18:58:22.589+0000] {dag.py:4180} INFO - Setting next_dagrun for extract_raw_data_pipeline to 2025-10-18 07:59:00+00:00, run_after=2025-10-19 07:00:00+00:00
[2025-10-18T18:58:22.598+0000] {processor.py:208} INFO - Processing /opt/airflow/dags/driven_data_pipeline.py took 0.112 seconds
[2025-10-18T18:58:52.964+0000] {processor.py:186} INFO - Started process (PID=1731) to work on /opt/airflow/dags/driven_data_pipeline.py
[2025-10-18T18:58:52.965+0000] {processor.py:914} INFO - Processing file /opt/airflow/dags/driven_data_pipeline.py for tasks to queue
[2025-10-18T18:58:52.967+0000] {logging_mixin.py:190} INFO - [2025-10-18T18:58:52.966+0000] {dagbag.py:588} INFO - Filling up the DagBag from /opt/airflow/dags/driven_data_pipeline.py
[2025-10-18T18:58:53.097+0000] {processor.py:925} INFO - DAG(s) 'extract_raw_data_pipeline' retrieved from /opt/airflow/dags/driven_data_pipeline.py
[2025-10-18T18:58:53.119+0000] {logging_mixin.py:190} INFO - [2025-10-18T18:58:53.119+0000] {dag.py:3239} INFO - Sync 1 DAGs
[2025-10-18T18:58:53.136+0000] {logging_mixin.py:190} INFO - [2025-10-18T18:58:53.136+0000] {dag.py:4180} INFO - Setting next_dagrun for extract_raw_data_pipeline to 2025-10-18 07:59:00+00:00, run_after=2025-10-19 07:00:00+00:00
[2025-10-18T18:58:53.145+0000] {processor.py:208} INFO - Processing /opt/airflow/dags/driven_data_pipeline.py took 0.198 seconds
[2025-10-18T18:59:23.259+0000] {processor.py:186} INFO - Started process (PID=1739) to work on /opt/airflow/dags/driven_data_pipeline.py
[2025-10-18T18:59:23.260+0000] {processor.py:914} INFO - Processing file /opt/airflow/dags/driven_data_pipeline.py for tasks to queue
[2025-10-18T18:59:23.261+0000] {logging_mixin.py:190} INFO - [2025-10-18T18:59:23.261+0000] {dagbag.py:588} INFO - Filling up the DagBag from /opt/airflow/dags/driven_data_pipeline.py
[2025-10-18T18:59:23.348+0000] {processor.py:925} INFO - DAG(s) 'extract_raw_data_pipeline' retrieved from /opt/airflow/dags/driven_data_pipeline.py
[2025-10-18T18:59:23.362+0000] {logging_mixin.py:190} INFO - [2025-10-18T18:59:23.361+0000] {dag.py:3239} INFO - Sync 1 DAGs
[2025-10-18T18:59:23.372+0000] {logging_mixin.py:190} INFO - [2025-10-18T18:59:23.372+0000] {dag.py:4180} INFO - Setting next_dagrun for extract_raw_data_pipeline to 2025-10-18 07:59:00+00:00, run_after=2025-10-19 07:00:00+00:00
[2025-10-18T18:59:23.380+0000] {processor.py:208} INFO - Processing /opt/airflow/dags/driven_data_pipeline.py took 0.125 seconds
[2025-10-18T18:59:53.504+0000] {processor.py:186} INFO - Started process (PID=1747) to work on /opt/airflow/dags/driven_data_pipeline.py
[2025-10-18T18:59:53.506+0000] {processor.py:914} INFO - Processing file /opt/airflow/dags/driven_data_pipeline.py for tasks to queue
[2025-10-18T18:59:53.506+0000] {logging_mixin.py:190} INFO - [2025-10-18T18:59:53.506+0000] {dagbag.py:588} INFO - Filling up the DagBag from /opt/airflow/dags/driven_data_pipeline.py
[2025-10-18T18:59:53.586+0000] {processor.py:925} INFO - DAG(s) 'extract_raw_data_pipeline' retrieved from /opt/airflow/dags/driven_data_pipeline.py
[2025-10-18T18:59:53.599+0000] {logging_mixin.py:190} INFO - [2025-10-18T18:59:53.599+0000] {dag.py:3239} INFO - Sync 1 DAGs
[2025-10-18T18:59:53.611+0000] {logging_mixin.py:190} INFO - [2025-10-18T18:59:53.611+0000] {dag.py:4180} INFO - Setting next_dagrun for extract_raw_data_pipeline to 2025-10-18 07:59:00+00:00, run_after=2025-10-19 07:00:00+00:00
[2025-10-18T18:59:53.619+0000] {processor.py:208} INFO - Processing /opt/airflow/dags/driven_data_pipeline.py took 0.118 seconds
[2025-10-18T19:00:23.778+0000] {processor.py:186} INFO - Started process (PID=1755) to work on /opt/airflow/dags/driven_data_pipeline.py
[2025-10-18T19:00:23.780+0000] {processor.py:914} INFO - Processing file /opt/airflow/dags/driven_data_pipeline.py for tasks to queue
[2025-10-18T19:00:23.782+0000] {logging_mixin.py:190} INFO - [2025-10-18T19:00:23.781+0000] {dagbag.py:588} INFO - Filling up the DagBag from /opt/airflow/dags/driven_data_pipeline.py
[2025-10-18T19:00:23.874+0000] {processor.py:925} INFO - DAG(s) 'extract_raw_data_pipeline' retrieved from /opt/airflow/dags/driven_data_pipeline.py
[2025-10-18T19:00:23.887+0000] {logging_mixin.py:190} INFO - [2025-10-18T19:00:23.887+0000] {dag.py:3239} INFO - Sync 1 DAGs
[2025-10-18T19:00:23.898+0000] {logging_mixin.py:190} INFO - [2025-10-18T19:00:23.898+0000] {dag.py:4180} INFO - Setting next_dagrun for extract_raw_data_pipeline to 2025-10-18 07:59:00+00:00, run_after=2025-10-19 07:00:00+00:00
[2025-10-18T19:00:23.905+0000] {processor.py:208} INFO - Processing /opt/airflow/dags/driven_data_pipeline.py took 0.136 seconds
[2025-10-18T19:00:54.152+0000] {processor.py:186} INFO - Started process (PID=1763) to work on /opt/airflow/dags/driven_data_pipeline.py
[2025-10-18T19:00:54.153+0000] {processor.py:914} INFO - Processing file /opt/airflow/dags/driven_data_pipeline.py for tasks to queue
[2025-10-18T19:00:54.155+0000] {logging_mixin.py:190} INFO - [2025-10-18T19:00:54.154+0000] {dagbag.py:588} INFO - Filling up the DagBag from /opt/airflow/dags/driven_data_pipeline.py
[2025-10-18T19:00:54.236+0000] {processor.py:925} INFO - DAG(s) 'extract_raw_data_pipeline' retrieved from /opt/airflow/dags/driven_data_pipeline.py
[2025-10-18T19:00:54.249+0000] {logging_mixin.py:190} INFO - [2025-10-18T19:00:54.249+0000] {dag.py:3239} INFO - Sync 1 DAGs
[2025-10-18T19:00:54.260+0000] {logging_mixin.py:190} INFO - [2025-10-18T19:00:54.259+0000] {dag.py:4180} INFO - Setting next_dagrun for extract_raw_data_pipeline to 2025-10-18 07:59:00+00:00, run_after=2025-10-19 07:00:00+00:00
[2025-10-18T19:00:54.267+0000] {processor.py:208} INFO - Processing /opt/airflow/dags/driven_data_pipeline.py took 0.122 seconds
[2025-10-18T19:01:24.471+0000] {processor.py:186} INFO - Started process (PID=1775) to work on /opt/airflow/dags/driven_data_pipeline.py
[2025-10-18T19:01:24.473+0000] {processor.py:914} INFO - Processing file /opt/airflow/dags/driven_data_pipeline.py for tasks to queue
[2025-10-18T19:01:24.476+0000] {logging_mixin.py:190} INFO - [2025-10-18T19:01:24.476+0000] {dagbag.py:588} INFO - Filling up the DagBag from /opt/airflow/dags/driven_data_pipeline.py
[2025-10-18T19:01:24.554+0000] {processor.py:925} INFO - DAG(s) 'extract_raw_data_pipeline' retrieved from /opt/airflow/dags/driven_data_pipeline.py
[2025-10-18T19:01:24.565+0000] {logging_mixin.py:190} INFO - [2025-10-18T19:01:24.565+0000] {dag.py:3239} INFO - Sync 1 DAGs
[2025-10-18T19:01:24.574+0000] {logging_mixin.py:190} INFO - [2025-10-18T19:01:24.574+0000] {dag.py:4180} INFO - Setting next_dagrun for extract_raw_data_pipeline to 2025-10-18 07:59:00+00:00, run_after=2025-10-19 07:00:00+00:00
[2025-10-18T19:01:24.582+0000] {processor.py:208} INFO - Processing /opt/airflow/dags/driven_data_pipeline.py took 0.114 seconds
[2025-10-18T19:01:54.677+0000] {processor.py:186} INFO - Started process (PID=1783) to work on /opt/airflow/dags/driven_data_pipeline.py
[2025-10-18T19:01:54.679+0000] {processor.py:914} INFO - Processing file /opt/airflow/dags/driven_data_pipeline.py for tasks to queue
[2025-10-18T19:01:54.680+0000] {logging_mixin.py:190} INFO - [2025-10-18T19:01:54.680+0000] {dagbag.py:588} INFO - Filling up the DagBag from /opt/airflow/dags/driven_data_pipeline.py
[2025-10-18T19:01:54.774+0000] {processor.py:925} INFO - DAG(s) 'extract_raw_data_pipeline' retrieved from /opt/airflow/dags/driven_data_pipeline.py
[2025-10-18T19:01:54.788+0000] {logging_mixin.py:190} INFO - [2025-10-18T19:01:54.788+0000] {dag.py:3239} INFO - Sync 1 DAGs
[2025-10-18T19:01:54.800+0000] {logging_mixin.py:190} INFO - [2025-10-18T19:01:54.800+0000] {dag.py:4180} INFO - Setting next_dagrun for extract_raw_data_pipeline to 2025-10-18 07:59:00+00:00, run_after=2025-10-19 07:00:00+00:00
[2025-10-18T19:01:54.808+0000] {processor.py:208} INFO - Processing /opt/airflow/dags/driven_data_pipeline.py took 0.139 seconds
[2025-10-18T19:02:25.054+0000] {processor.py:186} INFO - Started process (PID=1791) to work on /opt/airflow/dags/driven_data_pipeline.py
[2025-10-18T19:02:25.055+0000] {processor.py:914} INFO - Processing file /opt/airflow/dags/driven_data_pipeline.py for tasks to queue
[2025-10-18T19:02:25.055+0000] {logging_mixin.py:190} INFO - [2025-10-18T19:02:25.055+0000] {dagbag.py:588} INFO - Filling up the DagBag from /opt/airflow/dags/driven_data_pipeline.py
[2025-10-18T19:02:25.122+0000] {processor.py:925} INFO - DAG(s) 'extract_raw_data_pipeline' retrieved from /opt/airflow/dags/driven_data_pipeline.py
[2025-10-18T19:02:25.134+0000] {logging_mixin.py:190} INFO - [2025-10-18T19:02:25.134+0000] {dag.py:3239} INFO - Sync 1 DAGs
[2025-10-18T19:02:25.145+0000] {logging_mixin.py:190} INFO - [2025-10-18T19:02:25.145+0000] {dag.py:4180} INFO - Setting next_dagrun for extract_raw_data_pipeline to 2025-10-18 07:59:00+00:00, run_after=2025-10-19 07:00:00+00:00
[2025-10-18T19:02:25.151+0000] {processor.py:208} INFO - Processing /opt/airflow/dags/driven_data_pipeline.py took 0.100 seconds
[2025-10-18T19:02:55.358+0000] {processor.py:186} INFO - Started process (PID=1799) to work on /opt/airflow/dags/driven_data_pipeline.py
[2025-10-18T19:02:55.360+0000] {processor.py:914} INFO - Processing file /opt/airflow/dags/driven_data_pipeline.py for tasks to queue
[2025-10-18T19:02:55.361+0000] {logging_mixin.py:190} INFO - [2025-10-18T19:02:55.361+0000] {dagbag.py:588} INFO - Filling up the DagBag from /opt/airflow/dags/driven_data_pipeline.py
[2025-10-18T19:02:55.451+0000] {processor.py:925} INFO - DAG(s) 'extract_raw_data_pipeline' retrieved from /opt/airflow/dags/driven_data_pipeline.py
[2025-10-18T19:02:55.464+0000] {logging_mixin.py:190} INFO - [2025-10-18T19:02:55.464+0000] {dag.py:3239} INFO - Sync 1 DAGs
[2025-10-18T19:02:55.475+0000] {logging_mixin.py:190} INFO - [2025-10-18T19:02:55.475+0000] {dag.py:4180} INFO - Setting next_dagrun for extract_raw_data_pipeline to 2025-10-18 07:59:00+00:00, run_after=2025-10-19 07:00:00+00:00
[2025-10-18T19:02:55.482+0000] {processor.py:208} INFO - Processing /opt/airflow/dags/driven_data_pipeline.py took 0.131 seconds
[2025-10-18T19:03:25.623+0000] {processor.py:186} INFO - Started process (PID=1807) to work on /opt/airflow/dags/driven_data_pipeline.py
[2025-10-18T19:03:25.624+0000] {processor.py:914} INFO - Processing file /opt/airflow/dags/driven_data_pipeline.py for tasks to queue
[2025-10-18T19:03:25.624+0000] {logging_mixin.py:190} INFO - [2025-10-18T19:03:25.624+0000] {dagbag.py:588} INFO - Filling up the DagBag from /opt/airflow/dags/driven_data_pipeline.py
[2025-10-18T19:03:25.687+0000] {processor.py:925} INFO - DAG(s) 'extract_raw_data_pipeline' retrieved from /opt/airflow/dags/driven_data_pipeline.py
[2025-10-18T19:03:25.698+0000] {logging_mixin.py:190} INFO - [2025-10-18T19:03:25.698+0000] {dag.py:3239} INFO - Sync 1 DAGs
[2025-10-18T19:03:25.707+0000] {logging_mixin.py:190} INFO - [2025-10-18T19:03:25.706+0000] {dag.py:4180} INFO - Setting next_dagrun for extract_raw_data_pipeline to 2025-10-18 07:59:00+00:00, run_after=2025-10-19 07:00:00+00:00
[2025-10-18T19:03:25.713+0000] {processor.py:208} INFO - Processing /opt/airflow/dags/driven_data_pipeline.py took 0.093 seconds
[2025-10-18T19:03:55.938+0000] {processor.py:186} INFO - Started process (PID=1815) to work on /opt/airflow/dags/driven_data_pipeline.py
[2025-10-18T19:03:55.939+0000] {processor.py:914} INFO - Processing file /opt/airflow/dags/driven_data_pipeline.py for tasks to queue
[2025-10-18T19:03:55.940+0000] {logging_mixin.py:190} INFO - [2025-10-18T19:03:55.940+0000] {dagbag.py:588} INFO - Filling up the DagBag from /opt/airflow/dags/driven_data_pipeline.py
[2025-10-18T19:03:56.017+0000] {processor.py:925} INFO - DAG(s) 'extract_raw_data_pipeline' retrieved from /opt/airflow/dags/driven_data_pipeline.py
[2025-10-18T19:03:56.028+0000] {logging_mixin.py:190} INFO - [2025-10-18T19:03:56.028+0000] {dag.py:3239} INFO - Sync 1 DAGs
[2025-10-18T19:03:56.037+0000] {logging_mixin.py:190} INFO - [2025-10-18T19:03:56.037+0000] {dag.py:4180} INFO - Setting next_dagrun for extract_raw_data_pipeline to 2025-10-18 07:59:00+00:00, run_after=2025-10-19 07:00:00+00:00
[2025-10-18T19:03:56.043+0000] {processor.py:208} INFO - Processing /opt/airflow/dags/driven_data_pipeline.py took 0.111 seconds
[2025-10-18T19:04:26.346+0000] {processor.py:186} INFO - Started process (PID=1823) to work on /opt/airflow/dags/driven_data_pipeline.py
[2025-10-18T19:04:26.347+0000] {processor.py:914} INFO - Processing file /opt/airflow/dags/driven_data_pipeline.py for tasks to queue
[2025-10-18T19:04:26.348+0000] {logging_mixin.py:190} INFO - [2025-10-18T19:04:26.348+0000] {dagbag.py:588} INFO - Filling up the DagBag from /opt/airflow/dags/driven_data_pipeline.py
[2025-10-18T19:04:26.428+0000] {processor.py:925} INFO - DAG(s) 'extract_raw_data_pipeline' retrieved from /opt/airflow/dags/driven_data_pipeline.py
[2025-10-18T19:04:26.440+0000] {logging_mixin.py:190} INFO - [2025-10-18T19:04:26.440+0000] {dag.py:3239} INFO - Sync 1 DAGs
[2025-10-18T19:04:26.451+0000] {logging_mixin.py:190} INFO - [2025-10-18T19:04:26.451+0000] {dag.py:4180} INFO - Setting next_dagrun for extract_raw_data_pipeline to 2025-10-18 07:59:00+00:00, run_after=2025-10-19 07:00:00+00:00
[2025-10-18T19:04:26.458+0000] {processor.py:208} INFO - Processing /opt/airflow/dags/driven_data_pipeline.py took 0.117 seconds
[2025-10-18T19:04:56.653+0000] {processor.py:186} INFO - Started process (PID=1831) to work on /opt/airflow/dags/driven_data_pipeline.py
[2025-10-18T19:04:56.654+0000] {processor.py:914} INFO - Processing file /opt/airflow/dags/driven_data_pipeline.py for tasks to queue
[2025-10-18T19:04:56.655+0000] {logging_mixin.py:190} INFO - [2025-10-18T19:04:56.655+0000] {dagbag.py:588} INFO - Filling up the DagBag from /opt/airflow/dags/driven_data_pipeline.py
[2025-10-18T19:04:56.734+0000] {processor.py:925} INFO - DAG(s) 'extract_raw_data_pipeline' retrieved from /opt/airflow/dags/driven_data_pipeline.py
[2025-10-18T19:04:56.747+0000] {logging_mixin.py:190} INFO - [2025-10-18T19:04:56.747+0000] {dag.py:3239} INFO - Sync 1 DAGs
[2025-10-18T19:04:56.758+0000] {logging_mixin.py:190} INFO - [2025-10-18T19:04:56.758+0000] {dag.py:4180} INFO - Setting next_dagrun for extract_raw_data_pipeline to 2025-10-18 07:59:00+00:00, run_after=2025-10-19 07:00:00+00:00
[2025-10-18T19:04:56.764+0000] {processor.py:208} INFO - Processing /opt/airflow/dags/driven_data_pipeline.py took 0.117 seconds
[2025-10-18T19:05:27.098+0000] {processor.py:186} INFO - Started process (PID=1839) to work on /opt/airflow/dags/driven_data_pipeline.py
[2025-10-18T19:05:27.100+0000] {processor.py:914} INFO - Processing file /opt/airflow/dags/driven_data_pipeline.py for tasks to queue
[2025-10-18T19:05:27.101+0000] {logging_mixin.py:190} INFO - [2025-10-18T19:05:27.101+0000] {dagbag.py:588} INFO - Filling up the DagBag from /opt/airflow/dags/driven_data_pipeline.py
[2025-10-18T19:05:27.199+0000] {processor.py:925} INFO - DAG(s) 'extract_raw_data_pipeline' retrieved from /opt/airflow/dags/driven_data_pipeline.py
[2025-10-18T19:05:27.212+0000] {logging_mixin.py:190} INFO - [2025-10-18T19:05:27.212+0000] {dag.py:3239} INFO - Sync 1 DAGs
[2025-10-18T19:05:27.223+0000] {logging_mixin.py:190} INFO - [2025-10-18T19:05:27.223+0000] {dag.py:4180} INFO - Setting next_dagrun for extract_raw_data_pipeline to 2025-10-18 07:59:00+00:00, run_after=2025-10-19 07:00:00+00:00
[2025-10-18T19:05:27.230+0000] {processor.py:208} INFO - Processing /opt/airflow/dags/driven_data_pipeline.py took 0.139 seconds
[2025-10-18T19:05:57.441+0000] {processor.py:186} INFO - Started process (PID=1847) to work on /opt/airflow/dags/driven_data_pipeline.py
[2025-10-18T19:05:57.442+0000] {processor.py:914} INFO - Processing file /opt/airflow/dags/driven_data_pipeline.py for tasks to queue
[2025-10-18T19:05:57.443+0000] {logging_mixin.py:190} INFO - [2025-10-18T19:05:57.443+0000] {dagbag.py:588} INFO - Filling up the DagBag from /opt/airflow/dags/driven_data_pipeline.py
[2025-10-18T19:05:57.549+0000] {processor.py:925} INFO - DAG(s) 'extract_raw_data_pipeline' retrieved from /opt/airflow/dags/driven_data_pipeline.py
[2025-10-18T19:05:57.576+0000] {logging_mixin.py:190} INFO - [2025-10-18T19:05:57.576+0000] {dag.py:3239} INFO - Sync 1 DAGs
[2025-10-18T19:05:57.588+0000] {logging_mixin.py:190} INFO - [2025-10-18T19:05:57.588+0000] {dag.py:4180} INFO - Setting next_dagrun for extract_raw_data_pipeline to 2025-10-18 07:59:00+00:00, run_after=2025-10-19 07:00:00+00:00
[2025-10-18T19:05:57.598+0000] {processor.py:208} INFO - Processing /opt/airflow/dags/driven_data_pipeline.py took 0.164 seconds
[2025-10-18T19:06:27.849+0000] {processor.py:186} INFO - Started process (PID=1855) to work on /opt/airflow/dags/driven_data_pipeline.py
[2025-10-18T19:06:27.851+0000] {processor.py:914} INFO - Processing file /opt/airflow/dags/driven_data_pipeline.py for tasks to queue
[2025-10-18T19:06:27.852+0000] {logging_mixin.py:190} INFO - [2025-10-18T19:06:27.852+0000] {dagbag.py:588} INFO - Filling up the DagBag from /opt/airflow/dags/driven_data_pipeline.py
[2025-10-18T19:06:27.948+0000] {processor.py:925} INFO - DAG(s) 'extract_raw_data_pipeline' retrieved from /opt/airflow/dags/driven_data_pipeline.py
[2025-10-18T19:06:27.961+0000] {logging_mixin.py:190} INFO - [2025-10-18T19:06:27.961+0000] {dag.py:3239} INFO - Sync 1 DAGs
[2025-10-18T19:06:27.973+0000] {logging_mixin.py:190} INFO - [2025-10-18T19:06:27.973+0000] {dag.py:4180} INFO - Setting next_dagrun for extract_raw_data_pipeline to 2025-10-18 07:59:00+00:00, run_after=2025-10-19 07:00:00+00:00
[2025-10-18T19:06:27.982+0000] {processor.py:208} INFO - Processing /opt/airflow/dags/driven_data_pipeline.py took 0.140 seconds
[2025-10-18T19:06:58.265+0000] {processor.py:186} INFO - Started process (PID=1863) to work on /opt/airflow/dags/driven_data_pipeline.py
[2025-10-18T19:06:58.266+0000] {processor.py:914} INFO - Processing file /opt/airflow/dags/driven_data_pipeline.py for tasks to queue
[2025-10-18T19:06:58.267+0000] {logging_mixin.py:190} INFO - [2025-10-18T19:06:58.266+0000] {dagbag.py:588} INFO - Filling up the DagBag from /opt/airflow/dags/driven_data_pipeline.py
[2025-10-18T19:06:58.401+0000] {processor.py:925} INFO - DAG(s) 'extract_raw_data_pipeline' retrieved from /opt/airflow/dags/driven_data_pipeline.py
[2025-10-18T19:06:58.423+0000] {logging_mixin.py:190} INFO - [2025-10-18T19:06:58.422+0000] {dag.py:3239} INFO - Sync 1 DAGs
[2025-10-18T19:06:58.436+0000] {logging_mixin.py:190} INFO - [2025-10-18T19:06:58.436+0000] {dag.py:4180} INFO - Setting next_dagrun for extract_raw_data_pipeline to 2025-10-18 07:59:00+00:00, run_after=2025-10-19 07:00:00+00:00
[2025-10-18T19:06:58.444+0000] {processor.py:208} INFO - Processing /opt/airflow/dags/driven_data_pipeline.py took 0.185 seconds
[2025-10-18T19:07:28.588+0000] {processor.py:186} INFO - Started process (PID=1871) to work on /opt/airflow/dags/driven_data_pipeline.py
[2025-10-18T19:07:28.590+0000] {processor.py:914} INFO - Processing file /opt/airflow/dags/driven_data_pipeline.py for tasks to queue
[2025-10-18T19:07:28.591+0000] {logging_mixin.py:190} INFO - [2025-10-18T19:07:28.591+0000] {dagbag.py:588} INFO - Filling up the DagBag from /opt/airflow/dags/driven_data_pipeline.py
[2025-10-18T19:07:28.667+0000] {processor.py:925} INFO - DAG(s) 'extract_raw_data_pipeline' retrieved from /opt/airflow/dags/driven_data_pipeline.py
[2025-10-18T19:07:28.679+0000] {logging_mixin.py:190} INFO - [2025-10-18T19:07:28.679+0000] {dag.py:3239} INFO - Sync 1 DAGs
[2025-10-18T19:07:28.688+0000] {logging_mixin.py:190} INFO - [2025-10-18T19:07:28.688+0000] {dag.py:4180} INFO - Setting next_dagrun for extract_raw_data_pipeline to 2025-10-18 07:59:00+00:00, run_after=2025-10-19 07:00:00+00:00
[2025-10-18T19:07:28.694+0000] {processor.py:208} INFO - Processing /opt/airflow/dags/driven_data_pipeline.py took 0.112 seconds
[2025-10-18T19:07:58.986+0000] {processor.py:186} INFO - Started process (PID=1879) to work on /opt/airflow/dags/driven_data_pipeline.py
[2025-10-18T19:07:58.988+0000] {processor.py:914} INFO - Processing file /opt/airflow/dags/driven_data_pipeline.py for tasks to queue
[2025-10-18T19:07:58.989+0000] {logging_mixin.py:190} INFO - [2025-10-18T19:07:58.988+0000] {dagbag.py:588} INFO - Filling up the DagBag from /opt/airflow/dags/driven_data_pipeline.py
[2025-10-18T19:07:59.063+0000] {processor.py:925} INFO - DAG(s) 'extract_raw_data_pipeline' retrieved from /opt/airflow/dags/driven_data_pipeline.py
[2025-10-18T19:07:59.075+0000] {logging_mixin.py:190} INFO - [2025-10-18T19:07:59.075+0000] {dag.py:3239} INFO - Sync 1 DAGs
[2025-10-18T19:07:59.084+0000] {logging_mixin.py:190} INFO - [2025-10-18T19:07:59.084+0000] {dag.py:4180} INFO - Setting next_dagrun for extract_raw_data_pipeline to 2025-10-18 07:59:00+00:00, run_after=2025-10-19 07:00:00+00:00
[2025-10-18T19:07:59.090+0000] {processor.py:208} INFO - Processing /opt/airflow/dags/driven_data_pipeline.py took 0.109 seconds
[2025-10-18T19:08:29.331+0000] {processor.py:186} INFO - Started process (PID=1887) to work on /opt/airflow/dags/driven_data_pipeline.py
[2025-10-18T19:08:29.333+0000] {processor.py:914} INFO - Processing file /opt/airflow/dags/driven_data_pipeline.py for tasks to queue
[2025-10-18T19:08:29.335+0000] {logging_mixin.py:190} INFO - [2025-10-18T19:08:29.334+0000] {dagbag.py:588} INFO - Filling up the DagBag from /opt/airflow/dags/driven_data_pipeline.py
[2025-10-18T19:08:29.450+0000] {processor.py:925} INFO - DAG(s) 'extract_raw_data_pipeline' retrieved from /opt/airflow/dags/driven_data_pipeline.py
[2025-10-18T19:08:29.465+0000] {logging_mixin.py:190} INFO - [2025-10-18T19:08:29.465+0000] {dag.py:3239} INFO - Sync 1 DAGs
[2025-10-18T19:08:29.483+0000] {logging_mixin.py:190} INFO - [2025-10-18T19:08:29.483+0000] {dag.py:4180} INFO - Setting next_dagrun for extract_raw_data_pipeline to 2025-10-18 07:59:00+00:00, run_after=2025-10-19 07:00:00+00:00
[2025-10-18T19:08:29.491+0000] {processor.py:208} INFO - Processing /opt/airflow/dags/driven_data_pipeline.py took 0.169 seconds
[2025-10-18T19:08:59.813+0000] {processor.py:186} INFO - Started process (PID=1895) to work on /opt/airflow/dags/driven_data_pipeline.py
[2025-10-18T19:08:59.815+0000] {processor.py:914} INFO - Processing file /opt/airflow/dags/driven_data_pipeline.py for tasks to queue
[2025-10-18T19:08:59.816+0000] {logging_mixin.py:190} INFO - [2025-10-18T19:08:59.815+0000] {dagbag.py:588} INFO - Filling up the DagBag from /opt/airflow/dags/driven_data_pipeline.py
[2025-10-18T19:08:59.886+0000] {processor.py:925} INFO - DAG(s) 'extract_raw_data_pipeline' retrieved from /opt/airflow/dags/driven_data_pipeline.py
[2025-10-18T19:08:59.898+0000] {logging_mixin.py:190} INFO - [2025-10-18T19:08:59.898+0000] {dag.py:3239} INFO - Sync 1 DAGs
[2025-10-18T19:08:59.907+0000] {logging_mixin.py:190} INFO - [2025-10-18T19:08:59.907+0000] {dag.py:4180} INFO - Setting next_dagrun for extract_raw_data_pipeline to 2025-10-18 07:59:00+00:00, run_after=2025-10-19 07:00:00+00:00
[2025-10-18T19:08:59.913+0000] {processor.py:208} INFO - Processing /opt/airflow/dags/driven_data_pipeline.py took 0.105 seconds
[2025-10-18T19:09:22.071+0000] {processor.py:186} INFO - Started process (PID=1903) to work on /opt/airflow/dags/driven_data_pipeline.py
[2025-10-18T19:09:22.073+0000] {processor.py:914} INFO - Processing file /opt/airflow/dags/driven_data_pipeline.py for tasks to queue
[2025-10-18T19:09:22.074+0000] {logging_mixin.py:190} INFO - [2025-10-18T19:09:22.073+0000] {dagbag.py:588} INFO - Filling up the DagBag from /opt/airflow/dags/driven_data_pipeline.py
[2025-10-18T19:09:22.187+0000] {processor.py:925} INFO - DAG(s) 'extract_raw_data_pipeline' retrieved from /opt/airflow/dags/driven_data_pipeline.py
[2025-10-18T19:09:22.251+0000] {logging_mixin.py:190} INFO - [2025-10-18T19:09:22.250+0000] {dag.py:3239} INFO - Sync 1 DAGs
[2025-10-18T19:09:22.262+0000] {logging_mixin.py:190} INFO - [2025-10-18T19:09:22.262+0000] {dag.py:4180} INFO - Setting next_dagrun for extract_raw_data_pipeline to 2025-10-18 07:59:00+00:00, run_after=2025-10-19 07:00:00+00:00
[2025-10-18T19:09:22.271+0000] {processor.py:208} INFO - Processing /opt/airflow/dags/driven_data_pipeline.py took 0.204 seconds
[2025-10-18T19:09:52.472+0000] {processor.py:186} INFO - Started process (PID=1911) to work on /opt/airflow/dags/driven_data_pipeline.py
[2025-10-18T19:09:52.474+0000] {processor.py:914} INFO - Processing file /opt/airflow/dags/driven_data_pipeline.py for tasks to queue
[2025-10-18T19:09:52.475+0000] {logging_mixin.py:190} INFO - [2025-10-18T19:09:52.475+0000] {dagbag.py:588} INFO - Filling up the DagBag from /opt/airflow/dags/driven_data_pipeline.py
[2025-10-18T19:09:52.554+0000] {processor.py:925} INFO - DAG(s) 'extract_raw_data_pipeline' retrieved from /opt/airflow/dags/driven_data_pipeline.py
[2025-10-18T19:09:52.568+0000] {logging_mixin.py:190} INFO - [2025-10-18T19:09:52.568+0000] {dag.py:3239} INFO - Sync 1 DAGs
[2025-10-18T19:09:52.579+0000] {logging_mixin.py:190} INFO - [2025-10-18T19:09:52.579+0000] {dag.py:4180} INFO - Setting next_dagrun for extract_raw_data_pipeline to 2025-10-18 07:59:00+00:00, run_after=2025-10-19 07:00:00+00:00
[2025-10-18T19:09:52.586+0000] {processor.py:208} INFO - Processing /opt/airflow/dags/driven_data_pipeline.py took 0.121 seconds
[2025-10-18T19:10:22.817+0000] {processor.py:186} INFO - Started process (PID=1919) to work on /opt/airflow/dags/driven_data_pipeline.py
[2025-10-18T19:10:22.819+0000] {processor.py:914} INFO - Processing file /opt/airflow/dags/driven_data_pipeline.py for tasks to queue
[2025-10-18T19:10:22.820+0000] {logging_mixin.py:190} INFO - [2025-10-18T19:10:22.820+0000] {dagbag.py:588} INFO - Filling up the DagBag from /opt/airflow/dags/driven_data_pipeline.py
[2025-10-18T19:10:22.899+0000] {processor.py:925} INFO - DAG(s) 'extract_raw_data_pipeline' retrieved from /opt/airflow/dags/driven_data_pipeline.py
[2025-10-18T19:10:22.911+0000] {logging_mixin.py:190} INFO - [2025-10-18T19:10:22.911+0000] {dag.py:3239} INFO - Sync 1 DAGs
[2025-10-18T19:10:22.920+0000] {logging_mixin.py:190} INFO - [2025-10-18T19:10:22.920+0000] {dag.py:4180} INFO - Setting next_dagrun for extract_raw_data_pipeline to 2025-10-18 07:59:00+00:00, run_after=2025-10-19 07:00:00+00:00
[2025-10-18T19:10:22.926+0000] {processor.py:208} INFO - Processing /opt/airflow/dags/driven_data_pipeline.py took 0.116 seconds
[2025-10-18T19:10:53.173+0000] {processor.py:186} INFO - Started process (PID=1927) to work on /opt/airflow/dags/driven_data_pipeline.py
[2025-10-18T19:10:53.175+0000] {processor.py:914} INFO - Processing file /opt/airflow/dags/driven_data_pipeline.py for tasks to queue
[2025-10-18T19:10:53.176+0000] {logging_mixin.py:190} INFO - [2025-10-18T19:10:53.176+0000] {dagbag.py:588} INFO - Filling up the DagBag from /opt/airflow/dags/driven_data_pipeline.py
[2025-10-18T19:10:53.284+0000] {processor.py:925} INFO - DAG(s) 'extract_raw_data_pipeline' retrieved from /opt/airflow/dags/driven_data_pipeline.py
[2025-10-18T19:10:53.298+0000] {logging_mixin.py:190} INFO - [2025-10-18T19:10:53.298+0000] {dag.py:3239} INFO - Sync 1 DAGs
[2025-10-18T19:10:53.312+0000] {logging_mixin.py:190} INFO - [2025-10-18T19:10:53.312+0000] {dag.py:4180} INFO - Setting next_dagrun for extract_raw_data_pipeline to 2025-10-18 07:59:00+00:00, run_after=2025-10-19 07:00:00+00:00
[2025-10-18T19:10:53.322+0000] {processor.py:208} INFO - Processing /opt/airflow/dags/driven_data_pipeline.py took 0.159 seconds
[2025-10-18T19:11:23.521+0000] {processor.py:186} INFO - Started process (PID=1939) to work on /opt/airflow/dags/driven_data_pipeline.py
[2025-10-18T19:11:23.523+0000] {processor.py:914} INFO - Processing file /opt/airflow/dags/driven_data_pipeline.py for tasks to queue
[2025-10-18T19:11:23.526+0000] {logging_mixin.py:190} INFO - [2025-10-18T19:11:23.526+0000] {dagbag.py:588} INFO - Filling up the DagBag from /opt/airflow/dags/driven_data_pipeline.py
[2025-10-18T19:11:23.607+0000] {processor.py:925} INFO - DAG(s) 'extract_raw_data_pipeline' retrieved from /opt/airflow/dags/driven_data_pipeline.py
[2025-10-18T19:11:23.619+0000] {logging_mixin.py:190} INFO - [2025-10-18T19:11:23.619+0000] {dag.py:3239} INFO - Sync 1 DAGs
[2025-10-18T19:11:23.629+0000] {logging_mixin.py:190} INFO - [2025-10-18T19:11:23.629+0000] {dag.py:4180} INFO - Setting next_dagrun for extract_raw_data_pipeline to 2025-10-18 07:59:00+00:00, run_after=2025-10-19 07:00:00+00:00
[2025-10-18T19:11:23.637+0000] {processor.py:208} INFO - Processing /opt/airflow/dags/driven_data_pipeline.py took 0.119 seconds
[2025-10-18T19:11:53.833+0000] {processor.py:186} INFO - Started process (PID=1947) to work on /opt/airflow/dags/driven_data_pipeline.py
[2025-10-18T19:11:53.834+0000] {processor.py:914} INFO - Processing file /opt/airflow/dags/driven_data_pipeline.py for tasks to queue
[2025-10-18T19:11:53.836+0000] {logging_mixin.py:190} INFO - [2025-10-18T19:11:53.835+0000] {dagbag.py:588} INFO - Filling up the DagBag from /opt/airflow/dags/driven_data_pipeline.py
[2025-10-18T19:11:53.925+0000] {processor.py:925} INFO - DAG(s) 'extract_raw_data_pipeline' retrieved from /opt/airflow/dags/driven_data_pipeline.py
[2025-10-18T19:11:53.940+0000] {logging_mixin.py:190} INFO - [2025-10-18T19:11:53.940+0000] {dag.py:3239} INFO - Sync 1 DAGs
[2025-10-18T19:11:53.953+0000] {logging_mixin.py:190} INFO - [2025-10-18T19:11:53.953+0000] {dag.py:4180} INFO - Setting next_dagrun for extract_raw_data_pipeline to 2025-10-18 07:59:00+00:00, run_after=2025-10-19 07:00:00+00:00
[2025-10-18T19:11:53.960+0000] {processor.py:208} INFO - Processing /opt/airflow/dags/driven_data_pipeline.py took 0.134 seconds
[2025-10-18T19:12:24.153+0000] {processor.py:186} INFO - Started process (PID=1955) to work on /opt/airflow/dags/driven_data_pipeline.py
[2025-10-18T19:12:24.154+0000] {processor.py:914} INFO - Processing file /opt/airflow/dags/driven_data_pipeline.py for tasks to queue
[2025-10-18T19:12:24.155+0000] {logging_mixin.py:190} INFO - [2025-10-18T19:12:24.155+0000] {dagbag.py:588} INFO - Filling up the DagBag from /opt/airflow/dags/driven_data_pipeline.py
[2025-10-18T19:12:24.228+0000] {processor.py:925} INFO - DAG(s) 'extract_raw_data_pipeline' retrieved from /opt/airflow/dags/driven_data_pipeline.py
[2025-10-18T19:12:24.239+0000] {logging_mixin.py:190} INFO - [2025-10-18T19:12:24.239+0000] {dag.py:3239} INFO - Sync 1 DAGs
[2025-10-18T19:12:24.248+0000] {logging_mixin.py:190} INFO - [2025-10-18T19:12:24.248+0000] {dag.py:4180} INFO - Setting next_dagrun for extract_raw_data_pipeline to 2025-10-18 07:59:00+00:00, run_after=2025-10-19 07:00:00+00:00
[2025-10-18T19:12:24.254+0000] {processor.py:208} INFO - Processing /opt/airflow/dags/driven_data_pipeline.py took 0.108 seconds
[2025-10-18T19:12:54.525+0000] {processor.py:186} INFO - Started process (PID=1963) to work on /opt/airflow/dags/driven_data_pipeline.py
[2025-10-18T19:12:54.526+0000] {processor.py:914} INFO - Processing file /opt/airflow/dags/driven_data_pipeline.py for tasks to queue
[2025-10-18T19:12:54.527+0000] {logging_mixin.py:190} INFO - [2025-10-18T19:12:54.527+0000] {dagbag.py:588} INFO - Filling up the DagBag from /opt/airflow/dags/driven_data_pipeline.py
[2025-10-18T19:12:54.614+0000] {processor.py:925} INFO - DAG(s) 'extract_raw_data_pipeline' retrieved from /opt/airflow/dags/driven_data_pipeline.py
[2025-10-18T19:12:54.626+0000] {logging_mixin.py:190} INFO - [2025-10-18T19:12:54.626+0000] {dag.py:3239} INFO - Sync 1 DAGs
[2025-10-18T19:12:54.641+0000] {logging_mixin.py:190} INFO - [2025-10-18T19:12:54.641+0000] {dag.py:4180} INFO - Setting next_dagrun for extract_raw_data_pipeline to 2025-10-18 07:59:00+00:00, run_after=2025-10-19 07:00:00+00:00
[2025-10-18T19:12:54.649+0000] {processor.py:208} INFO - Processing /opt/airflow/dags/driven_data_pipeline.py took 0.128 seconds
[2025-10-18T19:13:24.816+0000] {processor.py:186} INFO - Started process (PID=1971) to work on /opt/airflow/dags/driven_data_pipeline.py
[2025-10-18T19:13:24.818+0000] {processor.py:914} INFO - Processing file /opt/airflow/dags/driven_data_pipeline.py for tasks to queue
[2025-10-18T19:13:24.819+0000] {logging_mixin.py:190} INFO - [2025-10-18T19:13:24.819+0000] {dagbag.py:588} INFO - Filling up the DagBag from /opt/airflow/dags/driven_data_pipeline.py
[2025-10-18T19:13:24.894+0000] {processor.py:925} INFO - DAG(s) 'extract_raw_data_pipeline' retrieved from /opt/airflow/dags/driven_data_pipeline.py
[2025-10-18T19:13:24.907+0000] {logging_mixin.py:190} INFO - [2025-10-18T19:13:24.907+0000] {dag.py:3239} INFO - Sync 1 DAGs
[2025-10-18T19:13:24.916+0000] {logging_mixin.py:190} INFO - [2025-10-18T19:13:24.916+0000] {dag.py:4180} INFO - Setting next_dagrun for extract_raw_data_pipeline to 2025-10-18 07:59:00+00:00, run_after=2025-10-19 07:00:00+00:00
[2025-10-18T19:13:24.925+0000] {processor.py:208} INFO - Processing /opt/airflow/dags/driven_data_pipeline.py took 0.115 seconds
[2025-10-18T19:13:55.183+0000] {processor.py:186} INFO - Started process (PID=1979) to work on /opt/airflow/dags/driven_data_pipeline.py
[2025-10-18T19:13:55.185+0000] {processor.py:914} INFO - Processing file /opt/airflow/dags/driven_data_pipeline.py for tasks to queue
[2025-10-18T19:13:55.186+0000] {logging_mixin.py:190} INFO - [2025-10-18T19:13:55.186+0000] {dagbag.py:588} INFO - Filling up the DagBag from /opt/airflow/dags/driven_data_pipeline.py
[2025-10-18T19:13:55.261+0000] {processor.py:925} INFO - DAG(s) 'extract_raw_data_pipeline' retrieved from /opt/airflow/dags/driven_data_pipeline.py
[2025-10-18T19:13:55.274+0000] {logging_mixin.py:190} INFO - [2025-10-18T19:13:55.274+0000] {dag.py:3239} INFO - Sync 1 DAGs
[2025-10-18T19:13:55.284+0000] {logging_mixin.py:190} INFO - [2025-10-18T19:13:55.284+0000] {dag.py:4180} INFO - Setting next_dagrun for extract_raw_data_pipeline to 2025-10-18 07:59:00+00:00, run_after=2025-10-19 07:00:00+00:00
[2025-10-18T19:13:55.291+0000] {processor.py:208} INFO - Processing /opt/airflow/dags/driven_data_pipeline.py took 0.112 seconds
[2025-10-18T19:14:25.497+0000] {processor.py:186} INFO - Started process (PID=1987) to work on /opt/airflow/dags/driven_data_pipeline.py
[2025-10-18T19:14:25.499+0000] {processor.py:914} INFO - Processing file /opt/airflow/dags/driven_data_pipeline.py for tasks to queue
[2025-10-18T19:14:25.500+0000] {logging_mixin.py:190} INFO - [2025-10-18T19:14:25.500+0000] {dagbag.py:588} INFO - Filling up the DagBag from /opt/airflow/dags/driven_data_pipeline.py
[2025-10-18T19:14:25.577+0000] {processor.py:925} INFO - DAG(s) 'extract_raw_data_pipeline' retrieved from /opt/airflow/dags/driven_data_pipeline.py
[2025-10-18T19:14:25.589+0000] {logging_mixin.py:190} INFO - [2025-10-18T19:14:25.589+0000] {dag.py:3239} INFO - Sync 1 DAGs
[2025-10-18T19:14:25.598+0000] {logging_mixin.py:190} INFO - [2025-10-18T19:14:25.598+0000] {dag.py:4180} INFO - Setting next_dagrun for extract_raw_data_pipeline to 2025-10-18 07:59:00+00:00, run_after=2025-10-19 07:00:00+00:00
[2025-10-18T19:14:25.606+0000] {processor.py:208} INFO - Processing /opt/airflow/dags/driven_data_pipeline.py took 0.115 seconds
[2025-10-18T19:14:55.957+0000] {processor.py:186} INFO - Started process (PID=1995) to work on /opt/airflow/dags/driven_data_pipeline.py
[2025-10-18T19:14:55.959+0000] {processor.py:914} INFO - Processing file /opt/airflow/dags/driven_data_pipeline.py for tasks to queue
[2025-10-18T19:14:55.960+0000] {logging_mixin.py:190} INFO - [2025-10-18T19:14:55.960+0000] {dagbag.py:588} INFO - Filling up the DagBag from /opt/airflow/dags/driven_data_pipeline.py
[2025-10-18T19:14:56.053+0000] {processor.py:925} INFO - DAG(s) 'extract_raw_data_pipeline' retrieved from /opt/airflow/dags/driven_data_pipeline.py
[2025-10-18T19:14:56.066+0000] {logging_mixin.py:190} INFO - [2025-10-18T19:14:56.066+0000] {dag.py:3239} INFO - Sync 1 DAGs
[2025-10-18T19:14:56.078+0000] {logging_mixin.py:190} INFO - [2025-10-18T19:14:56.078+0000] {dag.py:4180} INFO - Setting next_dagrun for extract_raw_data_pipeline to 2025-10-18 07:59:00+00:00, run_after=2025-10-19 07:00:00+00:00
[2025-10-18T19:14:56.085+0000] {processor.py:208} INFO - Processing /opt/airflow/dags/driven_data_pipeline.py took 0.135 seconds
[2025-10-18T19:15:26.298+0000] {processor.py:186} INFO - Started process (PID=2003) to work on /opt/airflow/dags/driven_data_pipeline.py
[2025-10-18T19:15:26.300+0000] {processor.py:914} INFO - Processing file /opt/airflow/dags/driven_data_pipeline.py for tasks to queue
[2025-10-18T19:15:26.301+0000] {logging_mixin.py:190} INFO - [2025-10-18T19:15:26.300+0000] {dagbag.py:588} INFO - Filling up the DagBag from /opt/airflow/dags/driven_data_pipeline.py
[2025-10-18T19:15:26.377+0000] {processor.py:925} INFO - DAG(s) 'extract_raw_data_pipeline' retrieved from /opt/airflow/dags/driven_data_pipeline.py
[2025-10-18T19:15:26.388+0000] {logging_mixin.py:190} INFO - [2025-10-18T19:15:26.388+0000] {dag.py:3239} INFO - Sync 1 DAGs
[2025-10-18T19:15:26.397+0000] {logging_mixin.py:190} INFO - [2025-10-18T19:15:26.397+0000] {dag.py:4180} INFO - Setting next_dagrun for extract_raw_data_pipeline to 2025-10-18 07:59:00+00:00, run_after=2025-10-19 07:00:00+00:00
[2025-10-18T19:15:26.403+0000] {processor.py:208} INFO - Processing /opt/airflow/dags/driven_data_pipeline.py took 0.110 seconds
[2025-10-18T19:15:40.550+0000] {processor.py:186} INFO - Started process (PID=2011) to work on /opt/airflow/dags/driven_data_pipeline.py
[2025-10-18T19:15:40.552+0000] {processor.py:914} INFO - Processing file /opt/airflow/dags/driven_data_pipeline.py for tasks to queue
[2025-10-18T19:15:40.553+0000] {logging_mixin.py:190} INFO - [2025-10-18T19:15:40.553+0000] {dagbag.py:588} INFO - Filling up the DagBag from /opt/airflow/dags/driven_data_pipeline.py
[2025-10-18T19:15:40.628+0000] {processor.py:925} INFO - DAG(s) 'extract_raw_data_pipeline' retrieved from /opt/airflow/dags/driven_data_pipeline.py
[2025-10-18T19:15:40.641+0000] {logging_mixin.py:190} INFO - [2025-10-18T19:15:40.641+0000] {dag.py:3239} INFO - Sync 1 DAGs
[2025-10-18T19:15:40.650+0000] {logging_mixin.py:190} INFO - [2025-10-18T19:15:40.650+0000] {dag.py:4180} INFO - Setting next_dagrun for extract_raw_data_pipeline to 2025-10-18 07:59:00+00:00, run_after=2025-10-19 07:00:00+00:00
[2025-10-18T19:15:40.659+0000] {processor.py:208} INFO - Processing /opt/airflow/dags/driven_data_pipeline.py took 0.114 seconds
[2025-10-18T19:16:10.763+0000] {processor.py:186} INFO - Started process (PID=2023) to work on /opt/airflow/dags/driven_data_pipeline.py
[2025-10-18T19:16:10.765+0000] {processor.py:914} INFO - Processing file /opt/airflow/dags/driven_data_pipeline.py for tasks to queue
[2025-10-18T19:16:10.766+0000] {logging_mixin.py:190} INFO - [2025-10-18T19:16:10.766+0000] {dagbag.py:588} INFO - Filling up the DagBag from /opt/airflow/dags/driven_data_pipeline.py
[2025-10-18T19:16:10.839+0000] {processor.py:925} INFO - DAG(s) 'extract_raw_data_pipeline' retrieved from /opt/airflow/dags/driven_data_pipeline.py
[2025-10-18T19:16:10.852+0000] {logging_mixin.py:190} INFO - [2025-10-18T19:16:10.852+0000] {dag.py:3239} INFO - Sync 1 DAGs
[2025-10-18T19:16:10.864+0000] {logging_mixin.py:190} INFO - [2025-10-18T19:16:10.864+0000] {dag.py:4180} INFO - Setting next_dagrun for extract_raw_data_pipeline to 2025-10-18 07:59:00+00:00, run_after=2025-10-19 07:00:00+00:00
[2025-10-18T19:16:10.874+0000] {processor.py:208} INFO - Processing /opt/airflow/dags/driven_data_pipeline.py took 0.114 seconds
[2025-10-18T19:16:41.123+0000] {processor.py:186} INFO - Started process (PID=2031) to work on /opt/airflow/dags/driven_data_pipeline.py
[2025-10-18T19:16:41.125+0000] {processor.py:914} INFO - Processing file /opt/airflow/dags/driven_data_pipeline.py for tasks to queue
[2025-10-18T19:16:41.126+0000] {logging_mixin.py:190} INFO - [2025-10-18T19:16:41.126+0000] {dagbag.py:588} INFO - Filling up the DagBag from /opt/airflow/dags/driven_data_pipeline.py
[2025-10-18T19:16:41.211+0000] {processor.py:925} INFO - DAG(s) 'extract_raw_data_pipeline' retrieved from /opt/airflow/dags/driven_data_pipeline.py
[2025-10-18T19:16:41.226+0000] {logging_mixin.py:190} INFO - [2025-10-18T19:16:41.226+0000] {dag.py:3239} INFO - Sync 1 DAGs
[2025-10-18T19:16:41.238+0000] {logging_mixin.py:190} INFO - [2025-10-18T19:16:41.238+0000] {dag.py:4180} INFO - Setting next_dagrun for extract_raw_data_pipeline to 2025-10-18 07:59:00+00:00, run_after=2025-10-19 07:00:00+00:00
[2025-10-18T19:16:41.245+0000] {processor.py:208} INFO - Processing /opt/airflow/dags/driven_data_pipeline.py took 0.125 seconds
[2025-10-18T19:17:11.460+0000] {processor.py:186} INFO - Started process (PID=2039) to work on /opt/airflow/dags/driven_data_pipeline.py
[2025-10-18T19:17:11.462+0000] {processor.py:914} INFO - Processing file /opt/airflow/dags/driven_data_pipeline.py for tasks to queue
[2025-10-18T19:17:11.463+0000] {logging_mixin.py:190} INFO - [2025-10-18T19:17:11.463+0000] {dagbag.py:588} INFO - Filling up the DagBag from /opt/airflow/dags/driven_data_pipeline.py
[2025-10-18T19:17:11.560+0000] {processor.py:925} INFO - DAG(s) 'extract_raw_data_pipeline' retrieved from /opt/airflow/dags/driven_data_pipeline.py
[2025-10-18T19:17:11.574+0000] {logging_mixin.py:190} INFO - [2025-10-18T19:17:11.574+0000] {dag.py:3239} INFO - Sync 1 DAGs
[2025-10-18T19:17:11.585+0000] {logging_mixin.py:190} INFO - [2025-10-18T19:17:11.585+0000] {dag.py:4180} INFO - Setting next_dagrun for extract_raw_data_pipeline to 2025-10-18 07:59:00+00:00, run_after=2025-10-19 07:00:00+00:00
[2025-10-18T19:17:11.592+0000] {processor.py:208} INFO - Processing /opt/airflow/dags/driven_data_pipeline.py took 0.140 seconds
[2025-10-18T19:17:41.757+0000] {processor.py:186} INFO - Started process (PID=2051) to work on /opt/airflow/dags/driven_data_pipeline.py
[2025-10-18T19:17:41.758+0000] {processor.py:914} INFO - Processing file /opt/airflow/dags/driven_data_pipeline.py for tasks to queue
[2025-10-18T19:17:41.762+0000] {logging_mixin.py:190} INFO - [2025-10-18T19:17:41.762+0000] {dagbag.py:588} INFO - Filling up the DagBag from /opt/airflow/dags/driven_data_pipeline.py
[2025-10-18T19:17:41.856+0000] {processor.py:925} INFO - DAG(s) 'extract_raw_data_pipeline' retrieved from /opt/airflow/dags/driven_data_pipeline.py
[2025-10-18T19:17:41.868+0000] {logging_mixin.py:190} INFO - [2025-10-18T19:17:41.868+0000] {dag.py:3239} INFO - Sync 1 DAGs
[2025-10-18T19:17:41.880+0000] {logging_mixin.py:190} INFO - [2025-10-18T19:17:41.880+0000] {dag.py:4180} INFO - Setting next_dagrun for extract_raw_data_pipeline to 2025-10-18 07:59:00+00:00, run_after=2025-10-19 07:00:00+00:00
[2025-10-18T19:17:41.889+0000] {processor.py:208} INFO - Processing /opt/airflow/dags/driven_data_pipeline.py took 0.137 seconds
[2025-10-18T19:18:12.102+0000] {processor.py:186} INFO - Started process (PID=2059) to work on /opt/airflow/dags/driven_data_pipeline.py
[2025-10-18T19:18:12.103+0000] {processor.py:914} INFO - Processing file /opt/airflow/dags/driven_data_pipeline.py for tasks to queue
[2025-10-18T19:18:12.104+0000] {logging_mixin.py:190} INFO - [2025-10-18T19:18:12.104+0000] {dagbag.py:588} INFO - Filling up the DagBag from /opt/airflow/dags/driven_data_pipeline.py
[2025-10-18T19:18:12.185+0000] {processor.py:925} INFO - DAG(s) 'extract_raw_data_pipeline' retrieved from /opt/airflow/dags/driven_data_pipeline.py
[2025-10-18T19:18:12.196+0000] {logging_mixin.py:190} INFO - [2025-10-18T19:18:12.196+0000] {dag.py:3239} INFO - Sync 1 DAGs
[2025-10-18T19:18:12.206+0000] {logging_mixin.py:190} INFO - [2025-10-18T19:18:12.206+0000] {dag.py:4180} INFO - Setting next_dagrun for extract_raw_data_pipeline to 2025-10-18 07:59:00+00:00, run_after=2025-10-19 07:00:00+00:00
[2025-10-18T19:18:12.213+0000] {processor.py:208} INFO - Processing /opt/airflow/dags/driven_data_pipeline.py took 0.115 seconds
[2025-10-18T19:18:42.384+0000] {processor.py:186} INFO - Started process (PID=2067) to work on /opt/airflow/dags/driven_data_pipeline.py
[2025-10-18T19:18:42.396+0000] {processor.py:914} INFO - Processing file /opt/airflow/dags/driven_data_pipeline.py for tasks to queue
[2025-10-18T19:18:42.401+0000] {logging_mixin.py:190} INFO - [2025-10-18T19:18:42.401+0000] {dagbag.py:588} INFO - Filling up the DagBag from /opt/airflow/dags/driven_data_pipeline.py
[2025-10-18T19:18:42.490+0000] {processor.py:925} INFO - DAG(s) 'extract_raw_data_pipeline' retrieved from /opt/airflow/dags/driven_data_pipeline.py
[2025-10-18T19:18:42.500+0000] {logging_mixin.py:190} INFO - [2025-10-18T19:18:42.500+0000] {dag.py:3239} INFO - Sync 1 DAGs
[2025-10-18T19:18:42.510+0000] {logging_mixin.py:190} INFO - [2025-10-18T19:18:42.510+0000] {dag.py:4180} INFO - Setting next_dagrun for extract_raw_data_pipeline to 2025-10-18 07:59:00+00:00, run_after=2025-10-19 07:00:00+00:00
[2025-10-18T19:18:42.516+0000] {processor.py:208} INFO - Processing /opt/airflow/dags/driven_data_pipeline.py took 0.144 seconds
[2025-10-18T19:19:12.728+0000] {processor.py:186} INFO - Started process (PID=2075) to work on /opt/airflow/dags/driven_data_pipeline.py
[2025-10-18T19:19:12.731+0000] {processor.py:914} INFO - Processing file /opt/airflow/dags/driven_data_pipeline.py for tasks to queue
[2025-10-18T19:19:12.732+0000] {logging_mixin.py:190} INFO - [2025-10-18T19:19:12.732+0000] {dagbag.py:588} INFO - Filling up the DagBag from /opt/airflow/dags/driven_data_pipeline.py
[2025-10-18T19:19:12.805+0000] {processor.py:925} INFO - DAG(s) 'extract_raw_data_pipeline' retrieved from /opt/airflow/dags/driven_data_pipeline.py
[2025-10-18T19:19:12.816+0000] {logging_mixin.py:190} INFO - [2025-10-18T19:19:12.816+0000] {dag.py:3239} INFO - Sync 1 DAGs
[2025-10-18T19:19:12.824+0000] {logging_mixin.py:190} INFO - [2025-10-18T19:19:12.824+0000] {dag.py:4180} INFO - Setting next_dagrun for extract_raw_data_pipeline to 2025-10-18 07:59:00+00:00, run_after=2025-10-19 07:00:00+00:00
[2025-10-18T19:19:12.831+0000] {processor.py:208} INFO - Processing /opt/airflow/dags/driven_data_pipeline.py took 0.109 seconds
[2025-10-18T19:19:43.033+0000] {processor.py:186} INFO - Started process (PID=2083) to work on /opt/airflow/dags/driven_data_pipeline.py
[2025-10-18T19:19:43.034+0000] {processor.py:914} INFO - Processing file /opt/airflow/dags/driven_data_pipeline.py for tasks to queue
[2025-10-18T19:19:43.036+0000] {logging_mixin.py:190} INFO - [2025-10-18T19:19:43.035+0000] {dagbag.py:588} INFO - Filling up the DagBag from /opt/airflow/dags/driven_data_pipeline.py
[2025-10-18T19:19:43.136+0000] {processor.py:925} INFO - DAG(s) 'extract_raw_data_pipeline' retrieved from /opt/airflow/dags/driven_data_pipeline.py
[2025-10-18T19:19:43.150+0000] {logging_mixin.py:190} INFO - [2025-10-18T19:19:43.150+0000] {dag.py:3239} INFO - Sync 1 DAGs
[2025-10-18T19:19:43.161+0000] {logging_mixin.py:190} INFO - [2025-10-18T19:19:43.161+0000] {dag.py:4180} INFO - Setting next_dagrun for extract_raw_data_pipeline to 2025-10-18 07:59:00+00:00, run_after=2025-10-19 07:00:00+00:00
[2025-10-18T19:19:43.167+0000] {processor.py:208} INFO - Processing /opt/airflow/dags/driven_data_pipeline.py took 0.142 seconds
[2025-10-18T19:20:10.418+0000] {processor.py:186} INFO - Started process (PID=2091) to work on /opt/airflow/dags/driven_data_pipeline.py
[2025-10-18T19:20:10.420+0000] {processor.py:914} INFO - Processing file /opt/airflow/dags/driven_data_pipeline.py for tasks to queue
[2025-10-18T19:20:10.421+0000] {logging_mixin.py:190} INFO - [2025-10-18T19:20:10.421+0000] {dagbag.py:588} INFO - Filling up the DagBag from /opt/airflow/dags/driven_data_pipeline.py
[2025-10-18T19:20:10.502+0000] {processor.py:925} INFO - DAG(s) 'extract_raw_data_pipeline' retrieved from /opt/airflow/dags/driven_data_pipeline.py
[2025-10-18T19:20:10.546+0000] {logging_mixin.py:190} INFO - [2025-10-18T19:20:10.546+0000] {dag.py:3239} INFO - Sync 1 DAGs
[2025-10-18T19:20:10.554+0000] {logging_mixin.py:190} INFO - [2025-10-18T19:20:10.553+0000] {dag.py:4180} INFO - Setting next_dagrun for extract_raw_data_pipeline to 2025-10-18 07:59:00+00:00, run_after=2025-10-19 07:00:00+00:00
[2025-10-18T19:20:10.562+0000] {processor.py:208} INFO - Processing /opt/airflow/dags/driven_data_pipeline.py took 0.151 seconds
[2025-10-18T19:20:40.756+0000] {processor.py:186} INFO - Started process (PID=2099) to work on /opt/airflow/dags/driven_data_pipeline.py
[2025-10-18T19:20:40.757+0000] {processor.py:914} INFO - Processing file /opt/airflow/dags/driven_data_pipeline.py for tasks to queue
[2025-10-18T19:20:40.758+0000] {logging_mixin.py:190} INFO - [2025-10-18T19:20:40.758+0000] {dagbag.py:588} INFO - Filling up the DagBag from /opt/airflow/dags/driven_data_pipeline.py
[2025-10-18T19:20:40.882+0000] {processor.py:925} INFO - DAG(s) 'extract_raw_data_pipeline' retrieved from /opt/airflow/dags/driven_data_pipeline.py
[2025-10-18T19:20:40.940+0000] {logging_mixin.py:190} INFO - [2025-10-18T19:20:40.940+0000] {dag.py:3239} INFO - Sync 1 DAGs
[2025-10-18T19:20:40.963+0000] {logging_mixin.py:190} INFO - [2025-10-18T19:20:40.963+0000] {dag.py:4180} INFO - Setting next_dagrun for extract_raw_data_pipeline to 2025-10-18 07:59:00+00:00, run_after=2025-10-19 07:00:00+00:00
[2025-10-18T19:20:40.972+0000] {processor.py:208} INFO - Processing /opt/airflow/dags/driven_data_pipeline.py took 0.220 seconds
[2025-10-18T19:21:11.214+0000] {processor.py:186} INFO - Started process (PID=2107) to work on /opt/airflow/dags/driven_data_pipeline.py
[2025-10-18T19:21:11.215+0000] {processor.py:914} INFO - Processing file /opt/airflow/dags/driven_data_pipeline.py for tasks to queue
[2025-10-18T19:21:11.217+0000] {logging_mixin.py:190} INFO - [2025-10-18T19:21:11.216+0000] {dagbag.py:588} INFO - Filling up the DagBag from /opt/airflow/dags/driven_data_pipeline.py
[2025-10-18T19:21:11.299+0000] {processor.py:925} INFO - DAG(s) 'extract_raw_data_pipeline' retrieved from /opt/airflow/dags/driven_data_pipeline.py
[2025-10-18T19:21:11.313+0000] {logging_mixin.py:190} INFO - [2025-10-18T19:21:11.313+0000] {dag.py:3239} INFO - Sync 1 DAGs
[2025-10-18T19:21:11.324+0000] {logging_mixin.py:190} INFO - [2025-10-18T19:21:11.324+0000] {dag.py:4180} INFO - Setting next_dagrun for extract_raw_data_pipeline to 2025-10-18 07:59:00+00:00, run_after=2025-10-19 07:00:00+00:00
[2025-10-18T19:21:11.332+0000] {processor.py:208} INFO - Processing /opt/airflow/dags/driven_data_pipeline.py took 0.128 seconds
[2025-10-18T19:21:41.607+0000] {processor.py:186} INFO - Started process (PID=2115) to work on /opt/airflow/dags/driven_data_pipeline.py
[2025-10-18T19:21:41.609+0000] {processor.py:914} INFO - Processing file /opt/airflow/dags/driven_data_pipeline.py for tasks to queue
[2025-10-18T19:21:41.610+0000] {logging_mixin.py:190} INFO - [2025-10-18T19:21:41.610+0000] {dagbag.py:588} INFO - Filling up the DagBag from /opt/airflow/dags/driven_data_pipeline.py
[2025-10-18T19:21:41.690+0000] {processor.py:925} INFO - DAG(s) 'extract_raw_data_pipeline' retrieved from /opt/airflow/dags/driven_data_pipeline.py
[2025-10-18T19:21:41.700+0000] {logging_mixin.py:190} INFO - [2025-10-18T19:21:41.700+0000] {dag.py:3239} INFO - Sync 1 DAGs
[2025-10-18T19:21:41.709+0000] {logging_mixin.py:190} INFO - [2025-10-18T19:21:41.709+0000] {dag.py:4180} INFO - Setting next_dagrun for extract_raw_data_pipeline to 2025-10-18 07:59:00+00:00, run_after=2025-10-19 07:00:00+00:00
[2025-10-18T19:21:41.714+0000] {processor.py:208} INFO - Processing /opt/airflow/dags/driven_data_pipeline.py took 0.114 seconds
[2025-10-18T19:22:11.948+0000] {processor.py:186} INFO - Started process (PID=2123) to work on /opt/airflow/dags/driven_data_pipeline.py
[2025-10-18T19:22:11.950+0000] {processor.py:914} INFO - Processing file /opt/airflow/dags/driven_data_pipeline.py for tasks to queue
[2025-10-18T19:22:11.951+0000] {logging_mixin.py:190} INFO - [2025-10-18T19:22:11.951+0000] {dagbag.py:588} INFO - Filling up the DagBag from /opt/airflow/dags/driven_data_pipeline.py
[2025-10-18T19:22:12.035+0000] {processor.py:925} INFO - DAG(s) 'extract_raw_data_pipeline' retrieved from /opt/airflow/dags/driven_data_pipeline.py
[2025-10-18T19:22:12.046+0000] {logging_mixin.py:190} INFO - [2025-10-18T19:22:12.046+0000] {dag.py:3239} INFO - Sync 1 DAGs
[2025-10-18T19:22:12.057+0000] {logging_mixin.py:190} INFO - [2025-10-18T19:22:12.057+0000] {dag.py:4180} INFO - Setting next_dagrun for extract_raw_data_pipeline to 2025-10-18 07:59:00+00:00, run_after=2025-10-19 07:00:00+00:00
[2025-10-18T19:22:12.064+0000] {processor.py:208} INFO - Processing /opt/airflow/dags/driven_data_pipeline.py took 0.122 seconds
[2025-10-18T19:22:42.346+0000] {processor.py:186} INFO - Started process (PID=2131) to work on /opt/airflow/dags/driven_data_pipeline.py
[2025-10-18T19:22:42.348+0000] {processor.py:914} INFO - Processing file /opt/airflow/dags/driven_data_pipeline.py for tasks to queue
[2025-10-18T19:22:42.349+0000] {logging_mixin.py:190} INFO - [2025-10-18T19:22:42.349+0000] {dagbag.py:588} INFO - Filling up the DagBag from /opt/airflow/dags/driven_data_pipeline.py
[2025-10-18T19:22:42.423+0000] {processor.py:925} INFO - DAG(s) 'extract_raw_data_pipeline' retrieved from /opt/airflow/dags/driven_data_pipeline.py
[2025-10-18T19:22:42.434+0000] {logging_mixin.py:190} INFO - [2025-10-18T19:22:42.434+0000] {dag.py:3239} INFO - Sync 1 DAGs
[2025-10-18T19:22:42.443+0000] {logging_mixin.py:190} INFO - [2025-10-18T19:22:42.443+0000] {dag.py:4180} INFO - Setting next_dagrun for extract_raw_data_pipeline to 2025-10-18 07:59:00+00:00, run_after=2025-10-19 07:00:00+00:00
[2025-10-18T19:22:42.449+0000] {processor.py:208} INFO - Processing /opt/airflow/dags/driven_data_pipeline.py took 0.109 seconds
[2025-10-18T19:23:12.666+0000] {processor.py:186} INFO - Started process (PID=2139) to work on /opt/airflow/dags/driven_data_pipeline.py
[2025-10-18T19:23:12.667+0000] {processor.py:914} INFO - Processing file /opt/airflow/dags/driven_data_pipeline.py for tasks to queue
[2025-10-18T19:23:12.667+0000] {logging_mixin.py:190} INFO - [2025-10-18T19:23:12.667+0000] {dagbag.py:588} INFO - Filling up the DagBag from /opt/airflow/dags/driven_data_pipeline.py
[2025-10-18T19:23:12.727+0000] {processor.py:925} INFO - DAG(s) 'extract_raw_data_pipeline' retrieved from /opt/airflow/dags/driven_data_pipeline.py
[2025-10-18T19:23:12.738+0000] {logging_mixin.py:190} INFO - [2025-10-18T19:23:12.738+0000] {dag.py:3239} INFO - Sync 1 DAGs
[2025-10-18T19:23:12.746+0000] {logging_mixin.py:190} INFO - [2025-10-18T19:23:12.746+0000] {dag.py:4180} INFO - Setting next_dagrun for extract_raw_data_pipeline to 2025-10-18 07:59:00+00:00, run_after=2025-10-19 07:00:00+00:00
[2025-10-18T19:23:12.752+0000] {processor.py:208} INFO - Processing /opt/airflow/dags/driven_data_pipeline.py took 0.089 seconds
[2025-10-18T19:23:43.037+0000] {processor.py:186} INFO - Started process (PID=2147) to work on /opt/airflow/dags/driven_data_pipeline.py
[2025-10-18T19:23:43.039+0000] {processor.py:914} INFO - Processing file /opt/airflow/dags/driven_data_pipeline.py for tasks to queue
[2025-10-18T19:23:43.040+0000] {logging_mixin.py:190} INFO - [2025-10-18T19:23:43.040+0000] {dagbag.py:588} INFO - Filling up the DagBag from /opt/airflow/dags/driven_data_pipeline.py
[2025-10-18T19:23:43.135+0000] {processor.py:925} INFO - DAG(s) 'extract_raw_data_pipeline' retrieved from /opt/airflow/dags/driven_data_pipeline.py
[2025-10-18T19:23:43.152+0000] {logging_mixin.py:190} INFO - [2025-10-18T19:23:43.152+0000] {dag.py:3239} INFO - Sync 1 DAGs
[2025-10-18T19:23:43.164+0000] {logging_mixin.py:190} INFO - [2025-10-18T19:23:43.164+0000] {dag.py:4180} INFO - Setting next_dagrun for extract_raw_data_pipeline to 2025-10-18 07:59:00+00:00, run_after=2025-10-19 07:00:00+00:00
[2025-10-18T19:23:43.171+0000] {processor.py:208} INFO - Processing /opt/airflow/dags/driven_data_pipeline.py took 0.140 seconds
[2025-10-18T19:24:13.362+0000] {processor.py:186} INFO - Started process (PID=2155) to work on /opt/airflow/dags/driven_data_pipeline.py
[2025-10-18T19:24:13.364+0000] {processor.py:914} INFO - Processing file /opt/airflow/dags/driven_data_pipeline.py for tasks to queue
[2025-10-18T19:24:13.365+0000] {logging_mixin.py:190} INFO - [2025-10-18T19:24:13.365+0000] {dagbag.py:588} INFO - Filling up the DagBag from /opt/airflow/dags/driven_data_pipeline.py
[2025-10-18T19:24:13.433+0000] {processor.py:925} INFO - DAG(s) 'extract_raw_data_pipeline' retrieved from /opt/airflow/dags/driven_data_pipeline.py
[2025-10-18T19:24:13.445+0000] {logging_mixin.py:190} INFO - [2025-10-18T19:24:13.445+0000] {dag.py:3239} INFO - Sync 1 DAGs
[2025-10-18T19:24:13.454+0000] {logging_mixin.py:190} INFO - [2025-10-18T19:24:13.454+0000] {dag.py:4180} INFO - Setting next_dagrun for extract_raw_data_pipeline to 2025-10-18 07:59:00+00:00, run_after=2025-10-19 07:00:00+00:00
[2025-10-18T19:24:13.460+0000] {processor.py:208} INFO - Processing /opt/airflow/dags/driven_data_pipeline.py took 0.102 seconds
[2025-10-18T19:24:43.784+0000] {processor.py:186} INFO - Started process (PID=2163) to work on /opt/airflow/dags/driven_data_pipeline.py
[2025-10-18T19:24:43.786+0000] {processor.py:914} INFO - Processing file /opt/airflow/dags/driven_data_pipeline.py for tasks to queue
[2025-10-18T19:24:43.787+0000] {logging_mixin.py:190} INFO - [2025-10-18T19:24:43.787+0000] {dagbag.py:588} INFO - Filling up the DagBag from /opt/airflow/dags/driven_data_pipeline.py
[2025-10-18T19:24:43.862+0000] {processor.py:925} INFO - DAG(s) 'extract_raw_data_pipeline' retrieved from /opt/airflow/dags/driven_data_pipeline.py
[2025-10-18T19:24:43.873+0000] {logging_mixin.py:190} INFO - [2025-10-18T19:24:43.873+0000] {dag.py:3239} INFO - Sync 1 DAGs
[2025-10-18T19:24:43.882+0000] {logging_mixin.py:190} INFO - [2025-10-18T19:24:43.882+0000] {dag.py:4180} INFO - Setting next_dagrun for extract_raw_data_pipeline to 2025-10-18 07:59:00+00:00, run_after=2025-10-19 07:00:00+00:00
[2025-10-18T19:24:43.888+0000] {processor.py:208} INFO - Processing /opt/airflow/dags/driven_data_pipeline.py took 0.109 seconds
[2025-10-18T19:25:14.098+0000] {processor.py:186} INFO - Started process (PID=2171) to work on /opt/airflow/dags/driven_data_pipeline.py
[2025-10-18T19:25:14.099+0000] {processor.py:914} INFO - Processing file /opt/airflow/dags/driven_data_pipeline.py for tasks to queue
[2025-10-18T19:25:14.100+0000] {logging_mixin.py:190} INFO - [2025-10-18T19:25:14.100+0000] {dagbag.py:588} INFO - Filling up the DagBag from /opt/airflow/dags/driven_data_pipeline.py
[2025-10-18T19:25:14.178+0000] {processor.py:925} INFO - DAG(s) 'extract_raw_data_pipeline' retrieved from /opt/airflow/dags/driven_data_pipeline.py
[2025-10-18T19:25:14.189+0000] {logging_mixin.py:190} INFO - [2025-10-18T19:25:14.189+0000] {dag.py:3239} INFO - Sync 1 DAGs
[2025-10-18T19:25:14.197+0000] {logging_mixin.py:190} INFO - [2025-10-18T19:25:14.197+0000] {dag.py:4180} INFO - Setting next_dagrun for extract_raw_data_pipeline to 2025-10-18 07:59:00+00:00, run_after=2025-10-19 07:00:00+00:00
[2025-10-18T19:25:14.203+0000] {processor.py:208} INFO - Processing /opt/airflow/dags/driven_data_pipeline.py took 0.112 seconds
[2025-10-18T19:25:44.568+0000] {processor.py:186} INFO - Started process (PID=2179) to work on /opt/airflow/dags/driven_data_pipeline.py
[2025-10-18T19:25:44.570+0000] {processor.py:914} INFO - Processing file /opt/airflow/dags/driven_data_pipeline.py for tasks to queue
[2025-10-18T19:25:44.571+0000] {logging_mixin.py:190} INFO - [2025-10-18T19:25:44.571+0000] {dagbag.py:588} INFO - Filling up the DagBag from /opt/airflow/dags/driven_data_pipeline.py
[2025-10-18T19:25:44.649+0000] {processor.py:925} INFO - DAG(s) 'extract_raw_data_pipeline' retrieved from /opt/airflow/dags/driven_data_pipeline.py
[2025-10-18T19:25:44.660+0000] {logging_mixin.py:190} INFO - [2025-10-18T19:25:44.660+0000] {dag.py:3239} INFO - Sync 1 DAGs
[2025-10-18T19:25:44.670+0000] {logging_mixin.py:190} INFO - [2025-10-18T19:25:44.670+0000] {dag.py:4180} INFO - Setting next_dagrun for extract_raw_data_pipeline to 2025-10-18 07:59:00+00:00, run_after=2025-10-19 07:00:00+00:00
[2025-10-18T19:25:44.676+0000] {processor.py:208} INFO - Processing /opt/airflow/dags/driven_data_pipeline.py took 0.114 seconds
[2025-10-18T19:26:14.875+0000] {processor.py:186} INFO - Started process (PID=2187) to work on /opt/airflow/dags/driven_data_pipeline.py
[2025-10-18T19:26:14.877+0000] {processor.py:914} INFO - Processing file /opt/airflow/dags/driven_data_pipeline.py for tasks to queue
[2025-10-18T19:26:14.878+0000] {logging_mixin.py:190} INFO - [2025-10-18T19:26:14.878+0000] {dagbag.py:588} INFO - Filling up the DagBag from /opt/airflow/dags/driven_data_pipeline.py
[2025-10-18T19:26:14.955+0000] {processor.py:925} INFO - DAG(s) 'extract_raw_data_pipeline' retrieved from /opt/airflow/dags/driven_data_pipeline.py
[2025-10-18T19:26:14.966+0000] {logging_mixin.py:190} INFO - [2025-10-18T19:26:14.966+0000] {dag.py:3239} INFO - Sync 1 DAGs
[2025-10-18T19:26:14.975+0000] {logging_mixin.py:190} INFO - [2025-10-18T19:26:14.975+0000] {dag.py:4180} INFO - Setting next_dagrun for extract_raw_data_pipeline to 2025-10-18 07:59:00+00:00, run_after=2025-10-19 07:00:00+00:00
[2025-10-18T19:26:14.981+0000] {processor.py:208} INFO - Processing /opt/airflow/dags/driven_data_pipeline.py took 0.112 seconds
[2025-10-18T19:26:45.290+0000] {processor.py:186} INFO - Started process (PID=2195) to work on /opt/airflow/dags/driven_data_pipeline.py
[2025-10-18T19:26:45.292+0000] {processor.py:914} INFO - Processing file /opt/airflow/dags/driven_data_pipeline.py for tasks to queue
[2025-10-18T19:26:45.293+0000] {logging_mixin.py:190} INFO - [2025-10-18T19:26:45.292+0000] {dagbag.py:588} INFO - Filling up the DagBag from /opt/airflow/dags/driven_data_pipeline.py
[2025-10-18T19:26:45.379+0000] {processor.py:925} INFO - DAG(s) 'extract_raw_data_pipeline' retrieved from /opt/airflow/dags/driven_data_pipeline.py
[2025-10-18T19:26:45.394+0000] {logging_mixin.py:190} INFO - [2025-10-18T19:26:45.394+0000] {dag.py:3239} INFO - Sync 1 DAGs
[2025-10-18T19:26:45.410+0000] {logging_mixin.py:190} INFO - [2025-10-18T19:26:45.409+0000] {dag.py:4180} INFO - Setting next_dagrun for extract_raw_data_pipeline to 2025-10-18 07:59:00+00:00, run_after=2025-10-19 07:00:00+00:00
[2025-10-18T19:26:45.417+0000] {processor.py:208} INFO - Processing /opt/airflow/dags/driven_data_pipeline.py took 0.133 seconds
[2025-10-18T19:27:15.631+0000] {processor.py:186} INFO - Started process (PID=2203) to work on /opt/airflow/dags/driven_data_pipeline.py
[2025-10-18T19:27:15.633+0000] {processor.py:914} INFO - Processing file /opt/airflow/dags/driven_data_pipeline.py for tasks to queue
[2025-10-18T19:27:15.634+0000] {logging_mixin.py:190} INFO - [2025-10-18T19:27:15.634+0000] {dagbag.py:588} INFO - Filling up the DagBag from /opt/airflow/dags/driven_data_pipeline.py
[2025-10-18T19:27:15.709+0000] {processor.py:925} INFO - DAG(s) 'extract_raw_data_pipeline' retrieved from /opt/airflow/dags/driven_data_pipeline.py
[2025-10-18T19:27:15.720+0000] {logging_mixin.py:190} INFO - [2025-10-18T19:27:15.720+0000] {dag.py:3239} INFO - Sync 1 DAGs
[2025-10-18T19:27:15.729+0000] {logging_mixin.py:190} INFO - [2025-10-18T19:27:15.728+0000] {dag.py:4180} INFO - Setting next_dagrun for extract_raw_data_pipeline to 2025-10-18 07:59:00+00:00, run_after=2025-10-19 07:00:00+00:00
[2025-10-18T19:27:15.734+0000] {processor.py:208} INFO - Processing /opt/airflow/dags/driven_data_pipeline.py took 0.109 seconds
[2025-10-18T19:27:45.960+0000] {processor.py:186} INFO - Started process (PID=2211) to work on /opt/airflow/dags/driven_data_pipeline.py
[2025-10-18T19:27:45.962+0000] {processor.py:914} INFO - Processing file /opt/airflow/dags/driven_data_pipeline.py for tasks to queue
[2025-10-18T19:27:45.962+0000] {logging_mixin.py:190} INFO - [2025-10-18T19:27:45.962+0000] {dagbag.py:588} INFO - Filling up the DagBag from /opt/airflow/dags/driven_data_pipeline.py
[2025-10-18T19:27:46.033+0000] {processor.py:925} INFO - DAG(s) 'extract_raw_data_pipeline' retrieved from /opt/airflow/dags/driven_data_pipeline.py
[2025-10-18T19:27:46.043+0000] {logging_mixin.py:190} INFO - [2025-10-18T19:27:46.043+0000] {dag.py:3239} INFO - Sync 1 DAGs
[2025-10-18T19:27:46.052+0000] {logging_mixin.py:190} INFO - [2025-10-18T19:27:46.052+0000] {dag.py:4180} INFO - Setting next_dagrun for extract_raw_data_pipeline to 2025-10-18 07:59:00+00:00, run_after=2025-10-19 07:00:00+00:00
[2025-10-18T19:27:46.058+0000] {processor.py:208} INFO - Processing /opt/airflow/dags/driven_data_pipeline.py took 0.102 seconds
[2025-10-18T19:28:16.253+0000] {processor.py:186} INFO - Started process (PID=2219) to work on /opt/airflow/dags/driven_data_pipeline.py
[2025-10-18T19:28:16.255+0000] {processor.py:914} INFO - Processing file /opt/airflow/dags/driven_data_pipeline.py for tasks to queue
[2025-10-18T19:28:16.256+0000] {logging_mixin.py:190} INFO - [2025-10-18T19:28:16.255+0000] {dagbag.py:588} INFO - Filling up the DagBag from /opt/airflow/dags/driven_data_pipeline.py
[2025-10-18T19:28:16.328+0000] {processor.py:925} INFO - DAG(s) 'extract_raw_data_pipeline' retrieved from /opt/airflow/dags/driven_data_pipeline.py
[2025-10-18T19:28:16.340+0000] {logging_mixin.py:190} INFO - [2025-10-18T19:28:16.340+0000] {dag.py:3239} INFO - Sync 1 DAGs
[2025-10-18T19:28:16.350+0000] {logging_mixin.py:190} INFO - [2025-10-18T19:28:16.350+0000] {dag.py:4180} INFO - Setting next_dagrun for extract_raw_data_pipeline to 2025-10-18 07:59:00+00:00, run_after=2025-10-19 07:00:00+00:00
[2025-10-18T19:28:16.357+0000] {processor.py:208} INFO - Processing /opt/airflow/dags/driven_data_pipeline.py took 0.108 seconds
[2025-10-18T19:28:46.659+0000] {processor.py:186} INFO - Started process (PID=2227) to work on /opt/airflow/dags/driven_data_pipeline.py
[2025-10-18T19:28:46.660+0000] {processor.py:914} INFO - Processing file /opt/airflow/dags/driven_data_pipeline.py for tasks to queue
[2025-10-18T19:28:46.660+0000] {logging_mixin.py:190} INFO - [2025-10-18T19:28:46.660+0000] {dagbag.py:588} INFO - Filling up the DagBag from /opt/airflow/dags/driven_data_pipeline.py
[2025-10-18T19:28:46.728+0000] {processor.py:925} INFO - DAG(s) 'extract_raw_data_pipeline' retrieved from /opt/airflow/dags/driven_data_pipeline.py
[2025-10-18T19:28:46.739+0000] {logging_mixin.py:190} INFO - [2025-10-18T19:28:46.739+0000] {dag.py:3239} INFO - Sync 1 DAGs
[2025-10-18T19:28:46.749+0000] {logging_mixin.py:190} INFO - [2025-10-18T19:28:46.749+0000] {dag.py:4180} INFO - Setting next_dagrun for extract_raw_data_pipeline to 2025-10-18 07:59:00+00:00, run_after=2025-10-19 07:00:00+00:00
[2025-10-18T19:28:46.756+0000] {processor.py:208} INFO - Processing /opt/airflow/dags/driven_data_pipeline.py took 0.100 seconds
[2025-10-18T19:29:17.012+0000] {processor.py:186} INFO - Started process (PID=2235) to work on /opt/airflow/dags/driven_data_pipeline.py
[2025-10-18T19:29:17.014+0000] {processor.py:914} INFO - Processing file /opt/airflow/dags/driven_data_pipeline.py for tasks to queue
[2025-10-18T19:29:17.015+0000] {logging_mixin.py:190} INFO - [2025-10-18T19:29:17.015+0000] {dagbag.py:588} INFO - Filling up the DagBag from /opt/airflow/dags/driven_data_pipeline.py
[2025-10-18T19:29:17.096+0000] {processor.py:925} INFO - DAG(s) 'extract_raw_data_pipeline' retrieved from /opt/airflow/dags/driven_data_pipeline.py
[2025-10-18T19:29:17.108+0000] {logging_mixin.py:190} INFO - [2025-10-18T19:29:17.108+0000] {dag.py:3239} INFO - Sync 1 DAGs
[2025-10-18T19:29:17.116+0000] {logging_mixin.py:190} INFO - [2025-10-18T19:29:17.116+0000] {dag.py:4180} INFO - Setting next_dagrun for extract_raw_data_pipeline to 2025-10-18 07:59:00+00:00, run_after=2025-10-19 07:00:00+00:00
[2025-10-18T19:29:17.122+0000] {processor.py:208} INFO - Processing /opt/airflow/dags/driven_data_pipeline.py took 0.116 seconds
[2025-10-18T19:29:47.365+0000] {processor.py:186} INFO - Started process (PID=2243) to work on /opt/airflow/dags/driven_data_pipeline.py
[2025-10-18T19:29:47.368+0000] {processor.py:914} INFO - Processing file /opt/airflow/dags/driven_data_pipeline.py for tasks to queue
[2025-10-18T19:29:47.369+0000] {logging_mixin.py:190} INFO - [2025-10-18T19:29:47.369+0000] {dagbag.py:588} INFO - Filling up the DagBag from /opt/airflow/dags/driven_data_pipeline.py
[2025-10-18T19:29:47.455+0000] {processor.py:925} INFO - DAG(s) 'extract_raw_data_pipeline' retrieved from /opt/airflow/dags/driven_data_pipeline.py
[2025-10-18T19:29:47.467+0000] {logging_mixin.py:190} INFO - [2025-10-18T19:29:47.467+0000] {dag.py:3239} INFO - Sync 1 DAGs
[2025-10-18T19:29:47.479+0000] {logging_mixin.py:190} INFO - [2025-10-18T19:29:47.478+0000] {dag.py:4180} INFO - Setting next_dagrun for extract_raw_data_pipeline to 2025-10-18 07:59:00+00:00, run_after=2025-10-19 07:00:00+00:00
[2025-10-18T19:29:47.485+0000] {processor.py:208} INFO - Processing /opt/airflow/dags/driven_data_pipeline.py took 0.127 seconds
[2025-10-18T19:30:17.714+0000] {processor.py:186} INFO - Started process (PID=2251) to work on /opt/airflow/dags/driven_data_pipeline.py
[2025-10-18T19:30:17.716+0000] {processor.py:914} INFO - Processing file /opt/airflow/dags/driven_data_pipeline.py for tasks to queue
[2025-10-18T19:30:17.717+0000] {logging_mixin.py:190} INFO - [2025-10-18T19:30:17.717+0000] {dagbag.py:588} INFO - Filling up the DagBag from /opt/airflow/dags/driven_data_pipeline.py
[2025-10-18T19:30:17.793+0000] {processor.py:925} INFO - DAG(s) 'extract_raw_data_pipeline' retrieved from /opt/airflow/dags/driven_data_pipeline.py
[2025-10-18T19:30:17.804+0000] {logging_mixin.py:190} INFO - [2025-10-18T19:30:17.804+0000] {dag.py:3239} INFO - Sync 1 DAGs
[2025-10-18T19:30:17.812+0000] {logging_mixin.py:190} INFO - [2025-10-18T19:30:17.812+0000] {dag.py:4180} INFO - Setting next_dagrun for extract_raw_data_pipeline to 2025-10-18 07:59:00+00:00, run_after=2025-10-19 07:00:00+00:00
[2025-10-18T19:30:17.818+0000] {processor.py:208} INFO - Processing /opt/airflow/dags/driven_data_pipeline.py took 0.110 seconds
[2025-10-18T19:30:22.868+0000] {processor.py:186} INFO - Started process (PID=2253) to work on /opt/airflow/dags/driven_data_pipeline.py
[2025-10-18T19:30:22.870+0000] {processor.py:914} INFO - Processing file /opt/airflow/dags/driven_data_pipeline.py for tasks to queue
[2025-10-18T19:30:22.871+0000] {logging_mixin.py:190} INFO - [2025-10-18T19:30:22.870+0000] {dagbag.py:588} INFO - Filling up the DagBag from /opt/airflow/dags/driven_data_pipeline.py
[2025-10-18T19:30:22.945+0000] {processor.py:925} INFO - DAG(s) 'extract_raw_data_pipeline' retrieved from /opt/airflow/dags/driven_data_pipeline.py
[2025-10-18T19:30:22.956+0000] {logging_mixin.py:190} INFO - [2025-10-18T19:30:22.956+0000] {dag.py:3239} INFO - Sync 1 DAGs
[2025-10-18T19:30:22.967+0000] {logging_mixin.py:190} INFO - [2025-10-18T19:30:22.967+0000] {dag.py:4180} INFO - Setting next_dagrun for extract_raw_data_pipeline to 2025-10-18 07:59:00+00:00, run_after=2025-10-19 07:00:00+00:00
[2025-10-18T19:30:22.975+0000] {processor.py:208} INFO - Processing /opt/airflow/dags/driven_data_pipeline.py took 0.113 seconds
[2025-10-18T19:30:53.194+0000] {processor.py:186} INFO - Started process (PID=2261) to work on /opt/airflow/dags/driven_data_pipeline.py
[2025-10-18T19:30:53.196+0000] {processor.py:914} INFO - Processing file /opt/airflow/dags/driven_data_pipeline.py for tasks to queue
[2025-10-18T19:30:53.197+0000] {logging_mixin.py:190} INFO - [2025-10-18T19:30:53.197+0000] {dagbag.py:588} INFO - Filling up the DagBag from /opt/airflow/dags/driven_data_pipeline.py
[2025-10-18T19:30:53.272+0000] {processor.py:925} INFO - DAG(s) 'extract_raw_data_pipeline' retrieved from /opt/airflow/dags/driven_data_pipeline.py
[2025-10-18T19:30:53.284+0000] {logging_mixin.py:190} INFO - [2025-10-18T19:30:53.284+0000] {dag.py:3239} INFO - Sync 1 DAGs
[2025-10-18T19:30:53.294+0000] {logging_mixin.py:190} INFO - [2025-10-18T19:30:53.294+0000] {dag.py:4180} INFO - Setting next_dagrun for extract_raw_data_pipeline to 2025-10-18 07:59:00+00:00, run_after=2025-10-19 07:00:00+00:00
[2025-10-18T19:30:53.300+0000] {processor.py:208} INFO - Processing /opt/airflow/dags/driven_data_pipeline.py took 0.112 seconds
[2025-10-18T19:31:23.546+0000] {processor.py:186} INFO - Started process (PID=2273) to work on /opt/airflow/dags/driven_data_pipeline.py
[2025-10-18T19:31:23.547+0000] {processor.py:914} INFO - Processing file /opt/airflow/dags/driven_data_pipeline.py for tasks to queue
[2025-10-18T19:31:23.549+0000] {logging_mixin.py:190} INFO - [2025-10-18T19:31:23.549+0000] {dagbag.py:588} INFO - Filling up the DagBag from /opt/airflow/dags/driven_data_pipeline.py
[2025-10-18T19:31:23.627+0000] {processor.py:925} INFO - DAG(s) 'extract_raw_data_pipeline' retrieved from /opt/airflow/dags/driven_data_pipeline.py
[2025-10-18T19:31:23.641+0000] {logging_mixin.py:190} INFO - [2025-10-18T19:31:23.641+0000] {dag.py:3239} INFO - Sync 1 DAGs
[2025-10-18T19:31:23.653+0000] {logging_mixin.py:190} INFO - [2025-10-18T19:31:23.652+0000] {dag.py:4180} INFO - Setting next_dagrun for extract_raw_data_pipeline to 2025-10-18 07:59:00+00:00, run_after=2025-10-19 07:00:00+00:00
[2025-10-18T19:31:23.660+0000] {processor.py:208} INFO - Processing /opt/airflow/dags/driven_data_pipeline.py took 0.117 seconds
[2025-10-18T19:31:53.761+0000] {processor.py:186} INFO - Started process (PID=2281) to work on /opt/airflow/dags/driven_data_pipeline.py
[2025-10-18T19:31:53.765+0000] {processor.py:914} INFO - Processing file /opt/airflow/dags/driven_data_pipeline.py for tasks to queue
[2025-10-18T19:31:53.766+0000] {logging_mixin.py:190} INFO - [2025-10-18T19:31:53.766+0000] {dagbag.py:588} INFO - Filling up the DagBag from /opt/airflow/dags/driven_data_pipeline.py
[2025-10-18T19:31:53.857+0000] {processor.py:925} INFO - DAG(s) 'extract_raw_data_pipeline' retrieved from /opt/airflow/dags/driven_data_pipeline.py
[2025-10-18T19:31:53.869+0000] {logging_mixin.py:190} INFO - [2025-10-18T19:31:53.869+0000] {dag.py:3239} INFO - Sync 1 DAGs
[2025-10-18T19:31:53.884+0000] {logging_mixin.py:190} INFO - [2025-10-18T19:31:53.883+0000] {dag.py:4180} INFO - Setting next_dagrun for extract_raw_data_pipeline to 2025-10-18 07:59:00+00:00, run_after=2025-10-19 07:00:00+00:00
[2025-10-18T19:31:53.891+0000] {processor.py:208} INFO - Processing /opt/airflow/dags/driven_data_pipeline.py took 0.134 seconds
[2025-10-18T19:32:24.019+0000] {processor.py:186} INFO - Started process (PID=2289) to work on /opt/airflow/dags/driven_data_pipeline.py
[2025-10-18T19:32:24.022+0000] {processor.py:914} INFO - Processing file /opt/airflow/dags/driven_data_pipeline.py for tasks to queue
[2025-10-18T19:32:24.024+0000] {logging_mixin.py:190} INFO - [2025-10-18T19:32:24.023+0000] {dagbag.py:588} INFO - Filling up the DagBag from /opt/airflow/dags/driven_data_pipeline.py
[2025-10-18T19:32:24.223+0000] {processor.py:925} INFO - DAG(s) 'extract_raw_data_pipeline' retrieved from /opt/airflow/dags/driven_data_pipeline.py
[2025-10-18T19:32:24.236+0000] {logging_mixin.py:190} INFO - [2025-10-18T19:32:24.236+0000] {dag.py:3239} INFO - Sync 1 DAGs
[2025-10-18T19:32:24.246+0000] {logging_mixin.py:190} INFO - [2025-10-18T19:32:24.246+0000] {dag.py:4180} INFO - Setting next_dagrun for extract_raw_data_pipeline to 2025-10-18 07:59:00+00:00, run_after=2025-10-19 07:00:00+00:00
[2025-10-18T19:32:24.254+0000] {processor.py:208} INFO - Processing /opt/airflow/dags/driven_data_pipeline.py took 0.242 seconds
[2025-10-18T19:32:54.398+0000] {processor.py:186} INFO - Started process (PID=2297) to work on /opt/airflow/dags/driven_data_pipeline.py
[2025-10-18T19:32:54.399+0000] {processor.py:914} INFO - Processing file /opt/airflow/dags/driven_data_pipeline.py for tasks to queue
[2025-10-18T19:32:54.400+0000] {logging_mixin.py:190} INFO - [2025-10-18T19:32:54.400+0000] {dagbag.py:588} INFO - Filling up the DagBag from /opt/airflow/dags/driven_data_pipeline.py
[2025-10-18T19:32:54.481+0000] {processor.py:925} INFO - DAG(s) 'extract_raw_data_pipeline' retrieved from /opt/airflow/dags/driven_data_pipeline.py
[2025-10-18T19:32:54.493+0000] {logging_mixin.py:190} INFO - [2025-10-18T19:32:54.493+0000] {dag.py:3239} INFO - Sync 1 DAGs
[2025-10-18T19:32:54.504+0000] {logging_mixin.py:190} INFO - [2025-10-18T19:32:54.504+0000] {dag.py:4180} INFO - Setting next_dagrun for extract_raw_data_pipeline to 2025-10-18 07:59:00+00:00, run_after=2025-10-19 07:00:00+00:00
[2025-10-18T19:32:54.511+0000] {processor.py:208} INFO - Processing /opt/airflow/dags/driven_data_pipeline.py took 0.120 seconds
[2025-10-18T19:33:24.747+0000] {processor.py:186} INFO - Started process (PID=2305) to work on /opt/airflow/dags/driven_data_pipeline.py
[2025-10-18T19:33:24.749+0000] {processor.py:914} INFO - Processing file /opt/airflow/dags/driven_data_pipeline.py for tasks to queue
[2025-10-18T19:33:24.750+0000] {logging_mixin.py:190} INFO - [2025-10-18T19:33:24.749+0000] {dagbag.py:588} INFO - Filling up the DagBag from /opt/airflow/dags/driven_data_pipeline.py
[2025-10-18T19:33:24.817+0000] {processor.py:925} INFO - DAG(s) 'extract_raw_data_pipeline' retrieved from /opt/airflow/dags/driven_data_pipeline.py
[2025-10-18T19:33:24.828+0000] {logging_mixin.py:190} INFO - [2025-10-18T19:33:24.828+0000] {dag.py:3239} INFO - Sync 1 DAGs
[2025-10-18T19:33:24.837+0000] {logging_mixin.py:190} INFO - [2025-10-18T19:33:24.837+0000] {dag.py:4180} INFO - Setting next_dagrun for extract_raw_data_pipeline to 2025-10-18 07:59:00+00:00, run_after=2025-10-19 07:00:00+00:00
[2025-10-18T19:33:24.843+0000] {processor.py:208} INFO - Processing /opt/airflow/dags/driven_data_pipeline.py took 0.100 seconds
[2025-10-18T19:33:55.034+0000] {processor.py:186} INFO - Started process (PID=2313) to work on /opt/airflow/dags/driven_data_pipeline.py
[2025-10-18T19:33:55.035+0000] {processor.py:914} INFO - Processing file /opt/airflow/dags/driven_data_pipeline.py for tasks to queue
[2025-10-18T19:33:55.036+0000] {logging_mixin.py:190} INFO - [2025-10-18T19:33:55.036+0000] {dagbag.py:588} INFO - Filling up the DagBag from /opt/airflow/dags/driven_data_pipeline.py
[2025-10-18T19:33:55.134+0000] {processor.py:925} INFO - DAG(s) 'extract_raw_data_pipeline' retrieved from /opt/airflow/dags/driven_data_pipeline.py
[2025-10-18T19:33:55.148+0000] {logging_mixin.py:190} INFO - [2025-10-18T19:33:55.147+0000] {dag.py:3239} INFO - Sync 1 DAGs
[2025-10-18T19:33:55.159+0000] {logging_mixin.py:190} INFO - [2025-10-18T19:33:55.159+0000] {dag.py:4180} INFO - Setting next_dagrun for extract_raw_data_pipeline to 2025-10-18 07:59:00+00:00, run_after=2025-10-19 07:00:00+00:00
[2025-10-18T19:33:55.165+0000] {processor.py:208} INFO - Processing /opt/airflow/dags/driven_data_pipeline.py took 0.136 seconds
[2025-10-18T19:34:25.400+0000] {processor.py:186} INFO - Started process (PID=2321) to work on /opt/airflow/dags/driven_data_pipeline.py
[2025-10-18T19:34:25.402+0000] {processor.py:914} INFO - Processing file /opt/airflow/dags/driven_data_pipeline.py for tasks to queue
[2025-10-18T19:34:25.403+0000] {logging_mixin.py:190} INFO - [2025-10-18T19:34:25.403+0000] {dagbag.py:588} INFO - Filling up the DagBag from /opt/airflow/dags/driven_data_pipeline.py
[2025-10-18T19:34:25.485+0000] {processor.py:925} INFO - DAG(s) 'extract_raw_data_pipeline' retrieved from /opt/airflow/dags/driven_data_pipeline.py
[2025-10-18T19:34:25.495+0000] {logging_mixin.py:190} INFO - [2025-10-18T19:34:25.495+0000] {dag.py:3239} INFO - Sync 1 DAGs
[2025-10-18T19:34:25.505+0000] {logging_mixin.py:190} INFO - [2025-10-18T19:34:25.504+0000] {dag.py:4180} INFO - Setting next_dagrun for extract_raw_data_pipeline to 2025-10-18 07:59:00+00:00, run_after=2025-10-19 07:00:00+00:00
[2025-10-18T19:34:25.512+0000] {processor.py:208} INFO - Processing /opt/airflow/dags/driven_data_pipeline.py took 0.118 seconds
[2025-10-18T19:34:55.693+0000] {processor.py:186} INFO - Started process (PID=2329) to work on /opt/airflow/dags/driven_data_pipeline.py
[2025-10-18T19:34:55.694+0000] {processor.py:914} INFO - Processing file /opt/airflow/dags/driven_data_pipeline.py for tasks to queue
[2025-10-18T19:34:55.696+0000] {logging_mixin.py:190} INFO - [2025-10-18T19:34:55.695+0000] {dagbag.py:588} INFO - Filling up the DagBag from /opt/airflow/dags/driven_data_pipeline.py
[2025-10-18T19:34:55.771+0000] {processor.py:925} INFO - DAG(s) 'extract_raw_data_pipeline' retrieved from /opt/airflow/dags/driven_data_pipeline.py
[2025-10-18T19:34:55.782+0000] {logging_mixin.py:190} INFO - [2025-10-18T19:34:55.782+0000] {dag.py:3239} INFO - Sync 1 DAGs
[2025-10-18T19:34:55.791+0000] {logging_mixin.py:190} INFO - [2025-10-18T19:34:55.791+0000] {dag.py:4180} INFO - Setting next_dagrun for extract_raw_data_pipeline to 2025-10-18 07:59:00+00:00, run_after=2025-10-19 07:00:00+00:00
[2025-10-18T19:34:55.797+0000] {processor.py:208} INFO - Processing /opt/airflow/dags/driven_data_pipeline.py took 0.109 seconds
[2025-10-18T19:35:26.101+0000] {processor.py:186} INFO - Started process (PID=2337) to work on /opt/airflow/dags/driven_data_pipeline.py
[2025-10-18T19:35:26.104+0000] {processor.py:914} INFO - Processing file /opt/airflow/dags/driven_data_pipeline.py for tasks to queue
[2025-10-18T19:35:26.105+0000] {logging_mixin.py:190} INFO - [2025-10-18T19:35:26.104+0000] {dagbag.py:588} INFO - Filling up the DagBag from /opt/airflow/dags/driven_data_pipeline.py
[2025-10-18T19:35:26.176+0000] {processor.py:925} INFO - DAG(s) 'extract_raw_data_pipeline' retrieved from /opt/airflow/dags/driven_data_pipeline.py
[2025-10-18T19:35:26.188+0000] {logging_mixin.py:190} INFO - [2025-10-18T19:35:26.188+0000] {dag.py:3239} INFO - Sync 1 DAGs
[2025-10-18T19:35:26.197+0000] {logging_mixin.py:190} INFO - [2025-10-18T19:35:26.197+0000] {dag.py:4180} INFO - Setting next_dagrun for extract_raw_data_pipeline to 2025-10-18 07:59:00+00:00, run_after=2025-10-19 07:00:00+00:00
[2025-10-18T19:35:26.202+0000] {processor.py:208} INFO - Processing /opt/airflow/dags/driven_data_pipeline.py took 0.107 seconds
[2025-10-18T19:35:56.433+0000] {processor.py:186} INFO - Started process (PID=2345) to work on /opt/airflow/dags/driven_data_pipeline.py
[2025-10-18T19:35:56.435+0000] {processor.py:914} INFO - Processing file /opt/airflow/dags/driven_data_pipeline.py for tasks to queue
[2025-10-18T19:35:56.436+0000] {logging_mixin.py:190} INFO - [2025-10-18T19:35:56.436+0000] {dagbag.py:588} INFO - Filling up the DagBag from /opt/airflow/dags/driven_data_pipeline.py
[2025-10-18T19:35:56.529+0000] {processor.py:925} INFO - DAG(s) 'extract_raw_data_pipeline' retrieved from /opt/airflow/dags/driven_data_pipeline.py
[2025-10-18T19:35:56.542+0000] {logging_mixin.py:190} INFO - [2025-10-18T19:35:56.542+0000] {dag.py:3239} INFO - Sync 1 DAGs
[2025-10-18T19:35:56.552+0000] {logging_mixin.py:190} INFO - [2025-10-18T19:35:56.552+0000] {dag.py:4180} INFO - Setting next_dagrun for extract_raw_data_pipeline to 2025-10-18 07:59:00+00:00, run_after=2025-10-19 07:00:00+00:00
[2025-10-18T19:35:56.558+0000] {processor.py:208} INFO - Processing /opt/airflow/dags/driven_data_pipeline.py took 0.132 seconds
[2025-10-18T19:36:26.852+0000] {processor.py:186} INFO - Started process (PID=2353) to work on /opt/airflow/dags/driven_data_pipeline.py
[2025-10-18T19:36:26.854+0000] {processor.py:914} INFO - Processing file /opt/airflow/dags/driven_data_pipeline.py for tasks to queue
[2025-10-18T19:36:26.856+0000] {logging_mixin.py:190} INFO - [2025-10-18T19:36:26.855+0000] {dagbag.py:588} INFO - Filling up the DagBag from /opt/airflow/dags/driven_data_pipeline.py
[2025-10-18T19:36:26.932+0000] {processor.py:925} INFO - DAG(s) 'extract_raw_data_pipeline' retrieved from /opt/airflow/dags/driven_data_pipeline.py
[2025-10-18T19:36:26.943+0000] {logging_mixin.py:190} INFO - [2025-10-18T19:36:26.943+0000] {dag.py:3239} INFO - Sync 1 DAGs
[2025-10-18T19:36:26.952+0000] {logging_mixin.py:190} INFO - [2025-10-18T19:36:26.952+0000] {dag.py:4180} INFO - Setting next_dagrun for extract_raw_data_pipeline to 2025-10-18 07:59:00+00:00, run_after=2025-10-19 07:00:00+00:00
[2025-10-18T19:36:26.958+0000] {processor.py:208} INFO - Processing /opt/airflow/dags/driven_data_pipeline.py took 0.112 seconds
[2025-10-18T19:36:57.183+0000] {processor.py:186} INFO - Started process (PID=2361) to work on /opt/airflow/dags/driven_data_pipeline.py
[2025-10-18T19:36:57.185+0000] {processor.py:914} INFO - Processing file /opt/airflow/dags/driven_data_pipeline.py for tasks to queue
[2025-10-18T19:36:57.186+0000] {logging_mixin.py:190} INFO - [2025-10-18T19:36:57.186+0000] {dagbag.py:588} INFO - Filling up the DagBag from /opt/airflow/dags/driven_data_pipeline.py
[2025-10-18T19:36:57.277+0000] {processor.py:925} INFO - DAG(s) 'extract_raw_data_pipeline' retrieved from /opt/airflow/dags/driven_data_pipeline.py
[2025-10-18T19:36:57.289+0000] {logging_mixin.py:190} INFO - [2025-10-18T19:36:57.289+0000] {dag.py:3239} INFO - Sync 1 DAGs
[2025-10-18T19:36:57.301+0000] {logging_mixin.py:190} INFO - [2025-10-18T19:36:57.301+0000] {dag.py:4180} INFO - Setting next_dagrun for extract_raw_data_pipeline to 2025-10-18 07:59:00+00:00, run_after=2025-10-19 07:00:00+00:00
[2025-10-18T19:36:57.307+0000] {processor.py:208} INFO - Processing /opt/airflow/dags/driven_data_pipeline.py took 0.132 seconds
[2025-10-18T19:37:27.549+0000] {processor.py:186} INFO - Started process (PID=2369) to work on /opt/airflow/dags/driven_data_pipeline.py
[2025-10-18T19:37:27.552+0000] {processor.py:914} INFO - Processing file /opt/airflow/dags/driven_data_pipeline.py for tasks to queue
[2025-10-18T19:37:27.553+0000] {logging_mixin.py:190} INFO - [2025-10-18T19:37:27.553+0000] {dagbag.py:588} INFO - Filling up the DagBag from /opt/airflow/dags/driven_data_pipeline.py
[2025-10-18T19:37:27.623+0000] {processor.py:925} INFO - DAG(s) 'extract_raw_data_pipeline' retrieved from /opt/airflow/dags/driven_data_pipeline.py
[2025-10-18T19:37:27.634+0000] {logging_mixin.py:190} INFO - [2025-10-18T19:37:27.634+0000] {dag.py:3239} INFO - Sync 1 DAGs
[2025-10-18T19:37:27.644+0000] {logging_mixin.py:190} INFO - [2025-10-18T19:37:27.644+0000] {dag.py:4180} INFO - Setting next_dagrun for extract_raw_data_pipeline to 2025-10-18 07:59:00+00:00, run_after=2025-10-19 07:00:00+00:00
[2025-10-18T19:37:27.651+0000] {processor.py:208} INFO - Processing /opt/airflow/dags/driven_data_pipeline.py took 0.106 seconds
[2025-10-18T19:37:57.899+0000] {processor.py:186} INFO - Started process (PID=2377) to work on /opt/airflow/dags/driven_data_pipeline.py
[2025-10-18T19:37:57.901+0000] {processor.py:914} INFO - Processing file /opt/airflow/dags/driven_data_pipeline.py for tasks to queue
[2025-10-18T19:37:57.902+0000] {logging_mixin.py:190} INFO - [2025-10-18T19:37:57.902+0000] {dagbag.py:588} INFO - Filling up the DagBag from /opt/airflow/dags/driven_data_pipeline.py
[2025-10-18T19:37:57.979+0000] {processor.py:925} INFO - DAG(s) 'extract_raw_data_pipeline' retrieved from /opt/airflow/dags/driven_data_pipeline.py
[2025-10-18T19:37:57.990+0000] {logging_mixin.py:190} INFO - [2025-10-18T19:37:57.990+0000] {dag.py:3239} INFO - Sync 1 DAGs
[2025-10-18T19:37:57.999+0000] {logging_mixin.py:190} INFO - [2025-10-18T19:37:57.999+0000] {dag.py:4180} INFO - Setting next_dagrun for extract_raw_data_pipeline to 2025-10-18 07:59:00+00:00, run_after=2025-10-19 07:00:00+00:00
[2025-10-18T19:37:58.006+0000] {processor.py:208} INFO - Processing /opt/airflow/dags/driven_data_pipeline.py took 0.113 seconds
[2025-10-18T19:38:28.250+0000] {processor.py:186} INFO - Started process (PID=2385) to work on /opt/airflow/dags/driven_data_pipeline.py
[2025-10-18T19:38:28.251+0000] {processor.py:914} INFO - Processing file /opt/airflow/dags/driven_data_pipeline.py for tasks to queue
[2025-10-18T19:38:28.252+0000] {logging_mixin.py:190} INFO - [2025-10-18T19:38:28.252+0000] {dagbag.py:588} INFO - Filling up the DagBag from /opt/airflow/dags/driven_data_pipeline.py
[2025-10-18T19:38:28.328+0000] {processor.py:925} INFO - DAG(s) 'extract_raw_data_pipeline' retrieved from /opt/airflow/dags/driven_data_pipeline.py
[2025-10-18T19:38:28.339+0000] {logging_mixin.py:190} INFO - [2025-10-18T19:38:28.339+0000] {dag.py:3239} INFO - Sync 1 DAGs
[2025-10-18T19:38:28.347+0000] {logging_mixin.py:190} INFO - [2025-10-18T19:38:28.347+0000] {dag.py:4180} INFO - Setting next_dagrun for extract_raw_data_pipeline to 2025-10-18 07:59:00+00:00, run_after=2025-10-19 07:00:00+00:00
[2025-10-18T19:38:28.354+0000] {processor.py:208} INFO - Processing /opt/airflow/dags/driven_data_pipeline.py took 0.110 seconds
[2025-10-18T19:38:58.585+0000] {processor.py:186} INFO - Started process (PID=2393) to work on /opt/airflow/dags/driven_data_pipeline.py
[2025-10-18T19:38:58.586+0000] {processor.py:914} INFO - Processing file /opt/airflow/dags/driven_data_pipeline.py for tasks to queue
[2025-10-18T19:38:58.587+0000] {logging_mixin.py:190} INFO - [2025-10-18T19:38:58.587+0000] {dagbag.py:588} INFO - Filling up the DagBag from /opt/airflow/dags/driven_data_pipeline.py
[2025-10-18T19:38:58.658+0000] {processor.py:925} INFO - DAG(s) 'extract_raw_data_pipeline' retrieved from /opt/airflow/dags/driven_data_pipeline.py
[2025-10-18T19:38:58.668+0000] {logging_mixin.py:190} INFO - [2025-10-18T19:38:58.668+0000] {dag.py:3239} INFO - Sync 1 DAGs
[2025-10-18T19:38:58.677+0000] {logging_mixin.py:190} INFO - [2025-10-18T19:38:58.677+0000] {dag.py:4180} INFO - Setting next_dagrun for extract_raw_data_pipeline to 2025-10-18 07:59:00+00:00, run_after=2025-10-19 07:00:00+00:00
[2025-10-18T19:38:58.683+0000] {processor.py:208} INFO - Processing /opt/airflow/dags/driven_data_pipeline.py took 0.101 seconds
[2025-10-18T19:39:28.945+0000] {processor.py:186} INFO - Started process (PID=2401) to work on /opt/airflow/dags/driven_data_pipeline.py
[2025-10-18T19:39:28.947+0000] {processor.py:914} INFO - Processing file /opt/airflow/dags/driven_data_pipeline.py for tasks to queue
[2025-10-18T19:39:28.948+0000] {logging_mixin.py:190} INFO - [2025-10-18T19:39:28.948+0000] {dagbag.py:588} INFO - Filling up the DagBag from /opt/airflow/dags/driven_data_pipeline.py
[2025-10-18T19:39:29.026+0000] {processor.py:925} INFO - DAG(s) 'extract_raw_data_pipeline' retrieved from /opt/airflow/dags/driven_data_pipeline.py
[2025-10-18T19:39:29.038+0000] {logging_mixin.py:190} INFO - [2025-10-18T19:39:29.038+0000] {dag.py:3239} INFO - Sync 1 DAGs
[2025-10-18T19:39:29.048+0000] {logging_mixin.py:190} INFO - [2025-10-18T19:39:29.048+0000] {dag.py:4180} INFO - Setting next_dagrun for extract_raw_data_pipeline to 2025-10-18 07:59:00+00:00, run_after=2025-10-19 07:00:00+00:00
[2025-10-18T19:39:29.056+0000] {processor.py:208} INFO - Processing /opt/airflow/dags/driven_data_pipeline.py took 0.117 seconds
[2025-10-18T19:39:59.237+0000] {processor.py:186} INFO - Started process (PID=2409) to work on /opt/airflow/dags/driven_data_pipeline.py
[2025-10-18T19:39:59.238+0000] {processor.py:914} INFO - Processing file /opt/airflow/dags/driven_data_pipeline.py for tasks to queue
[2025-10-18T19:39:59.239+0000] {logging_mixin.py:190} INFO - [2025-10-18T19:39:59.239+0000] {dagbag.py:588} INFO - Filling up the DagBag from /opt/airflow/dags/driven_data_pipeline.py
[2025-10-18T19:39:59.309+0000] {processor.py:925} INFO - DAG(s) 'extract_raw_data_pipeline' retrieved from /opt/airflow/dags/driven_data_pipeline.py
[2025-10-18T19:39:59.320+0000] {logging_mixin.py:190} INFO - [2025-10-18T19:39:59.320+0000] {dag.py:3239} INFO - Sync 1 DAGs
[2025-10-18T19:39:59.329+0000] {logging_mixin.py:190} INFO - [2025-10-18T19:39:59.329+0000] {dag.py:4180} INFO - Setting next_dagrun for extract_raw_data_pipeline to 2025-10-18 07:59:00+00:00, run_after=2025-10-19 07:00:00+00:00
[2025-10-18T19:39:59.334+0000] {processor.py:208} INFO - Processing /opt/airflow/dags/driven_data_pipeline.py took 0.102 seconds
[2025-10-18T19:40:29.565+0000] {processor.py:186} INFO - Started process (PID=2417) to work on /opt/airflow/dags/driven_data_pipeline.py
[2025-10-18T19:40:29.567+0000] {processor.py:914} INFO - Processing file /opt/airflow/dags/driven_data_pipeline.py for tasks to queue
[2025-10-18T19:40:29.568+0000] {logging_mixin.py:190} INFO - [2025-10-18T19:40:29.568+0000] {dagbag.py:588} INFO - Filling up the DagBag from /opt/airflow/dags/driven_data_pipeline.py
[2025-10-18T19:40:29.640+0000] {processor.py:925} INFO - DAG(s) 'extract_raw_data_pipeline' retrieved from /opt/airflow/dags/driven_data_pipeline.py
[2025-10-18T19:40:29.650+0000] {logging_mixin.py:190} INFO - [2025-10-18T19:40:29.650+0000] {dag.py:3239} INFO - Sync 1 DAGs
[2025-10-18T19:40:29.658+0000] {logging_mixin.py:190} INFO - [2025-10-18T19:40:29.658+0000] {dag.py:4180} INFO - Setting next_dagrun for extract_raw_data_pipeline to 2025-10-18 07:59:00+00:00, run_after=2025-10-19 07:00:00+00:00
[2025-10-18T19:40:29.665+0000] {processor.py:208} INFO - Processing /opt/airflow/dags/driven_data_pipeline.py took 0.105 seconds
[2025-10-18T19:40:59.944+0000] {processor.py:186} INFO - Started process (PID=2425) to work on /opt/airflow/dags/driven_data_pipeline.py
[2025-10-18T19:40:59.945+0000] {processor.py:914} INFO - Processing file /opt/airflow/dags/driven_data_pipeline.py for tasks to queue
[2025-10-18T19:40:59.946+0000] {logging_mixin.py:190} INFO - [2025-10-18T19:40:59.946+0000] {dagbag.py:588} INFO - Filling up the DagBag from /opt/airflow/dags/driven_data_pipeline.py
[2025-10-18T19:41:00.023+0000] {processor.py:925} INFO - DAG(s) 'extract_raw_data_pipeline' retrieved from /opt/airflow/dags/driven_data_pipeline.py
[2025-10-18T19:41:00.034+0000] {logging_mixin.py:190} INFO - [2025-10-18T19:41:00.034+0000] {dag.py:3239} INFO - Sync 1 DAGs
[2025-10-18T19:41:00.043+0000] {logging_mixin.py:190} INFO - [2025-10-18T19:41:00.043+0000] {dag.py:4180} INFO - Setting next_dagrun for extract_raw_data_pipeline to 2025-10-18 07:59:00+00:00, run_after=2025-10-19 07:00:00+00:00
[2025-10-18T19:41:00.050+0000] {processor.py:208} INFO - Processing /opt/airflow/dags/driven_data_pipeline.py took 0.111 seconds
[2025-10-18T19:41:30.286+0000] {processor.py:186} INFO - Started process (PID=2433) to work on /opt/airflow/dags/driven_data_pipeline.py
[2025-10-18T19:41:30.288+0000] {processor.py:914} INFO - Processing file /opt/airflow/dags/driven_data_pipeline.py for tasks to queue
[2025-10-18T19:41:30.289+0000] {logging_mixin.py:190} INFO - [2025-10-18T19:41:30.289+0000] {dagbag.py:588} INFO - Filling up the DagBag from /opt/airflow/dags/driven_data_pipeline.py
[2025-10-18T19:41:30.364+0000] {processor.py:925} INFO - DAG(s) 'extract_raw_data_pipeline' retrieved from /opt/airflow/dags/driven_data_pipeline.py
[2025-10-18T19:41:30.375+0000] {logging_mixin.py:190} INFO - [2025-10-18T19:41:30.374+0000] {dag.py:3239} INFO - Sync 1 DAGs
[2025-10-18T19:41:30.383+0000] {logging_mixin.py:190} INFO - [2025-10-18T19:41:30.382+0000] {dag.py:4180} INFO - Setting next_dagrun for extract_raw_data_pipeline to 2025-10-18 07:59:00+00:00, run_after=2025-10-19 07:00:00+00:00
[2025-10-18T19:41:30.388+0000] {processor.py:208} INFO - Processing /opt/airflow/dags/driven_data_pipeline.py took 0.109 seconds
[2025-10-18T19:42:00.656+0000] {processor.py:186} INFO - Started process (PID=2441) to work on /opt/airflow/dags/driven_data_pipeline.py
[2025-10-18T19:42:00.658+0000] {processor.py:914} INFO - Processing file /opt/airflow/dags/driven_data_pipeline.py for tasks to queue
[2025-10-18T19:42:00.659+0000] {logging_mixin.py:190} INFO - [2025-10-18T19:42:00.658+0000] {dagbag.py:588} INFO - Filling up the DagBag from /opt/airflow/dags/driven_data_pipeline.py
[2025-10-18T19:42:00.730+0000] {processor.py:925} INFO - DAG(s) 'extract_raw_data_pipeline' retrieved from /opt/airflow/dags/driven_data_pipeline.py
[2025-10-18T19:42:00.741+0000] {logging_mixin.py:190} INFO - [2025-10-18T19:42:00.741+0000] {dag.py:3239} INFO - Sync 1 DAGs
[2025-10-18T19:42:00.750+0000] {logging_mixin.py:190} INFO - [2025-10-18T19:42:00.750+0000] {dag.py:4180} INFO - Setting next_dagrun for extract_raw_data_pipeline to 2025-10-18 07:59:00+00:00, run_after=2025-10-19 07:00:00+00:00
[2025-10-18T19:42:00.756+0000] {processor.py:208} INFO - Processing /opt/airflow/dags/driven_data_pipeline.py took 0.105 seconds
[2025-10-18T19:42:30.981+0000] {processor.py:186} INFO - Started process (PID=2449) to work on /opt/airflow/dags/driven_data_pipeline.py
[2025-10-18T19:42:30.982+0000] {processor.py:914} INFO - Processing file /opt/airflow/dags/driven_data_pipeline.py for tasks to queue
[2025-10-18T19:42:30.984+0000] {logging_mixin.py:190} INFO - [2025-10-18T19:42:30.983+0000] {dagbag.py:588} INFO - Filling up the DagBag from /opt/airflow/dags/driven_data_pipeline.py
[2025-10-18T19:42:31.056+0000] {processor.py:925} INFO - DAG(s) 'extract_raw_data_pipeline' retrieved from /opt/airflow/dags/driven_data_pipeline.py
[2025-10-18T19:42:31.067+0000] {logging_mixin.py:190} INFO - [2025-10-18T19:42:31.067+0000] {dag.py:3239} INFO - Sync 1 DAGs
[2025-10-18T19:42:31.075+0000] {logging_mixin.py:190} INFO - [2025-10-18T19:42:31.075+0000] {dag.py:4180} INFO - Setting next_dagrun for extract_raw_data_pipeline to 2025-10-18 07:59:00+00:00, run_after=2025-10-19 07:00:00+00:00
[2025-10-18T19:42:31.082+0000] {processor.py:208} INFO - Processing /opt/airflow/dags/driven_data_pipeline.py took 0.107 seconds
[2025-10-18T19:43:01.353+0000] {processor.py:186} INFO - Started process (PID=2457) to work on /opt/airflow/dags/driven_data_pipeline.py
[2025-10-18T19:43:01.355+0000] {processor.py:914} INFO - Processing file /opt/airflow/dags/driven_data_pipeline.py for tasks to queue
[2025-10-18T19:43:01.356+0000] {logging_mixin.py:190} INFO - [2025-10-18T19:43:01.356+0000] {dagbag.py:588} INFO - Filling up the DagBag from /opt/airflow/dags/driven_data_pipeline.py
[2025-10-18T19:43:01.435+0000] {processor.py:925} INFO - DAG(s) 'extract_raw_data_pipeline' retrieved from /opt/airflow/dags/driven_data_pipeline.py
[2025-10-18T19:43:01.448+0000] {logging_mixin.py:190} INFO - [2025-10-18T19:43:01.448+0000] {dag.py:3239} INFO - Sync 1 DAGs
[2025-10-18T19:43:01.458+0000] {logging_mixin.py:190} INFO - [2025-10-18T19:43:01.457+0000] {dag.py:4180} INFO - Setting next_dagrun for extract_raw_data_pipeline to 2025-10-18 07:59:00+00:00, run_after=2025-10-19 07:00:00+00:00
[2025-10-18T19:43:01.463+0000] {processor.py:208} INFO - Processing /opt/airflow/dags/driven_data_pipeline.py took 0.116 seconds
[2025-10-18T19:43:31.729+0000] {processor.py:186} INFO - Started process (PID=2465) to work on /opt/airflow/dags/driven_data_pipeline.py
[2025-10-18T19:43:31.730+0000] {processor.py:914} INFO - Processing file /opt/airflow/dags/driven_data_pipeline.py for tasks to queue
[2025-10-18T19:43:31.732+0000] {logging_mixin.py:190} INFO - [2025-10-18T19:43:31.731+0000] {dagbag.py:588} INFO - Filling up the DagBag from /opt/airflow/dags/driven_data_pipeline.py
[2025-10-18T19:43:31.829+0000] {processor.py:925} INFO - DAG(s) 'extract_raw_data_pipeline' retrieved from /opt/airflow/dags/driven_data_pipeline.py
[2025-10-18T19:43:31.845+0000] {logging_mixin.py:190} INFO - [2025-10-18T19:43:31.844+0000] {dag.py:3239} INFO - Sync 1 DAGs
[2025-10-18T19:43:31.858+0000] {logging_mixin.py:190} INFO - [2025-10-18T19:43:31.857+0000] {dag.py:4180} INFO - Setting next_dagrun for extract_raw_data_pipeline to 2025-10-18 07:59:00+00:00, run_after=2025-10-19 07:00:00+00:00
[2025-10-18T19:43:31.865+0000] {processor.py:208} INFO - Processing /opt/airflow/dags/driven_data_pipeline.py took 0.145 seconds
[2025-10-18T19:44:02.102+0000] {processor.py:186} INFO - Started process (PID=2473) to work on /opt/airflow/dags/driven_data_pipeline.py
[2025-10-18T19:44:02.106+0000] {processor.py:914} INFO - Processing file /opt/airflow/dags/driven_data_pipeline.py for tasks to queue
[2025-10-18T19:44:02.107+0000] {logging_mixin.py:190} INFO - [2025-10-18T19:44:02.106+0000] {dagbag.py:588} INFO - Filling up the DagBag from /opt/airflow/dags/driven_data_pipeline.py
[2025-10-18T19:44:02.196+0000] {processor.py:925} INFO - DAG(s) 'extract_raw_data_pipeline' retrieved from /opt/airflow/dags/driven_data_pipeline.py
[2025-10-18T19:44:02.210+0000] {logging_mixin.py:190} INFO - [2025-10-18T19:44:02.210+0000] {dag.py:3239} INFO - Sync 1 DAGs
[2025-10-18T19:44:02.221+0000] {logging_mixin.py:190} INFO - [2025-10-18T19:44:02.221+0000] {dag.py:4180} INFO - Setting next_dagrun for extract_raw_data_pipeline to 2025-10-18 07:59:00+00:00, run_after=2025-10-19 07:00:00+00:00
[2025-10-18T19:44:02.228+0000] {processor.py:208} INFO - Processing /opt/airflow/dags/driven_data_pipeline.py took 0.133 seconds
[2025-10-18T19:44:32.413+0000] {processor.py:186} INFO - Started process (PID=2481) to work on /opt/airflow/dags/driven_data_pipeline.py
[2025-10-18T19:44:32.416+0000] {processor.py:914} INFO - Processing file /opt/airflow/dags/driven_data_pipeline.py for tasks to queue
[2025-10-18T19:44:32.418+0000] {logging_mixin.py:190} INFO - [2025-10-18T19:44:32.418+0000] {dagbag.py:588} INFO - Filling up the DagBag from /opt/airflow/dags/driven_data_pipeline.py
[2025-10-18T19:44:32.499+0000] {processor.py:925} INFO - DAG(s) 'extract_raw_data_pipeline' retrieved from /opt/airflow/dags/driven_data_pipeline.py
[2025-10-18T19:44:32.511+0000] {logging_mixin.py:190} INFO - [2025-10-18T19:44:32.511+0000] {dag.py:3239} INFO - Sync 1 DAGs
[2025-10-18T19:44:32.520+0000] {logging_mixin.py:190} INFO - [2025-10-18T19:44:32.520+0000] {dag.py:4180} INFO - Setting next_dagrun for extract_raw_data_pipeline to 2025-10-18 07:59:00+00:00, run_after=2025-10-19 07:00:00+00:00
[2025-10-18T19:44:32.528+0000] {processor.py:208} INFO - Processing /opt/airflow/dags/driven_data_pipeline.py took 0.121 seconds
[2025-10-18T19:45:02.683+0000] {processor.py:186} INFO - Started process (PID=2489) to work on /opt/airflow/dags/driven_data_pipeline.py
[2025-10-18T19:45:02.685+0000] {processor.py:914} INFO - Processing file /opt/airflow/dags/driven_data_pipeline.py for tasks to queue
[2025-10-18T19:45:02.686+0000] {logging_mixin.py:190} INFO - [2025-10-18T19:45:02.685+0000] {dagbag.py:588} INFO - Filling up the DagBag from /opt/airflow/dags/driven_data_pipeline.py
[2025-10-18T19:45:02.757+0000] {processor.py:925} INFO - DAG(s) 'extract_raw_data_pipeline' retrieved from /opt/airflow/dags/driven_data_pipeline.py
[2025-10-18T19:45:02.767+0000] {logging_mixin.py:190} INFO - [2025-10-18T19:45:02.767+0000] {dag.py:3239} INFO - Sync 1 DAGs
[2025-10-18T19:45:02.777+0000] {logging_mixin.py:190} INFO - [2025-10-18T19:45:02.777+0000] {dag.py:4180} INFO - Setting next_dagrun for extract_raw_data_pipeline to 2025-10-18 07:59:00+00:00, run_after=2025-10-19 07:00:00+00:00
[2025-10-18T19:45:02.783+0000] {processor.py:208} INFO - Processing /opt/airflow/dags/driven_data_pipeline.py took 0.104 seconds
[2025-10-18T19:45:32.958+0000] {processor.py:186} INFO - Started process (PID=2497) to work on /opt/airflow/dags/driven_data_pipeline.py
[2025-10-18T19:45:32.959+0000] {processor.py:914} INFO - Processing file /opt/airflow/dags/driven_data_pipeline.py for tasks to queue
[2025-10-18T19:45:32.960+0000] {logging_mixin.py:190} INFO - [2025-10-18T19:45:32.960+0000] {dagbag.py:588} INFO - Filling up the DagBag from /opt/airflow/dags/driven_data_pipeline.py
[2025-10-18T19:45:33.029+0000] {processor.py:925} INFO - DAG(s) 'extract_raw_data_pipeline' retrieved from /opt/airflow/dags/driven_data_pipeline.py
[2025-10-18T19:45:33.040+0000] {logging_mixin.py:190} INFO - [2025-10-18T19:45:33.040+0000] {dag.py:3239} INFO - Sync 1 DAGs
[2025-10-18T19:45:33.052+0000] {logging_mixin.py:190} INFO - [2025-10-18T19:45:33.052+0000] {dag.py:4180} INFO - Setting next_dagrun for extract_raw_data_pipeline to 2025-10-18 07:59:00+00:00, run_after=2025-10-19 07:00:00+00:00
[2025-10-18T19:45:33.059+0000] {processor.py:208} INFO - Processing /opt/airflow/dags/driven_data_pipeline.py took 0.105 seconds
[2025-10-18T19:46:03.256+0000] {processor.py:186} INFO - Started process (PID=2505) to work on /opt/airflow/dags/driven_data_pipeline.py
[2025-10-18T19:46:03.257+0000] {processor.py:914} INFO - Processing file /opt/airflow/dags/driven_data_pipeline.py for tasks to queue
[2025-10-18T19:46:03.257+0000] {logging_mixin.py:190} INFO - [2025-10-18T19:46:03.257+0000] {dagbag.py:588} INFO - Filling up the DagBag from /opt/airflow/dags/driven_data_pipeline.py
[2025-10-18T19:46:03.318+0000] {processor.py:925} INFO - DAG(s) 'extract_raw_data_pipeline' retrieved from /opt/airflow/dags/driven_data_pipeline.py
[2025-10-18T19:46:03.328+0000] {logging_mixin.py:190} INFO - [2025-10-18T19:46:03.328+0000] {dag.py:3239} INFO - Sync 1 DAGs
[2025-10-18T19:46:03.337+0000] {logging_mixin.py:190} INFO - [2025-10-18T19:46:03.336+0000] {dag.py:4180} INFO - Setting next_dagrun for extract_raw_data_pipeline to 2025-10-18 07:59:00+00:00, run_after=2025-10-19 07:00:00+00:00
[2025-10-18T19:46:03.343+0000] {processor.py:208} INFO - Processing /opt/airflow/dags/driven_data_pipeline.py took 0.089 seconds
[2025-10-18T19:46:33.708+0000] {processor.py:186} INFO - Started process (PID=2513) to work on /opt/airflow/dags/driven_data_pipeline.py
[2025-10-18T19:46:33.709+0000] {processor.py:914} INFO - Processing file /opt/airflow/dags/driven_data_pipeline.py for tasks to queue
[2025-10-18T19:46:33.710+0000] {logging_mixin.py:190} INFO - [2025-10-18T19:46:33.710+0000] {dagbag.py:588} INFO - Filling up the DagBag from /opt/airflow/dags/driven_data_pipeline.py
[2025-10-18T19:46:33.782+0000] {processor.py:925} INFO - DAG(s) 'extract_raw_data_pipeline' retrieved from /opt/airflow/dags/driven_data_pipeline.py
[2025-10-18T19:46:33.793+0000] {logging_mixin.py:190} INFO - [2025-10-18T19:46:33.793+0000] {dag.py:3239} INFO - Sync 1 DAGs
[2025-10-18T19:46:33.803+0000] {logging_mixin.py:190} INFO - [2025-10-18T19:46:33.803+0000] {dag.py:4180} INFO - Setting next_dagrun for extract_raw_data_pipeline to 2025-10-18 07:59:00+00:00, run_after=2025-10-19 07:00:00+00:00
[2025-10-18T19:46:33.810+0000] {processor.py:208} INFO - Processing /opt/airflow/dags/driven_data_pipeline.py took 0.108 seconds
[2025-10-18T19:47:04.041+0000] {processor.py:186} INFO - Started process (PID=2521) to work on /opt/airflow/dags/driven_data_pipeline.py
[2025-10-18T19:47:04.044+0000] {processor.py:914} INFO - Processing file /opt/airflow/dags/driven_data_pipeline.py for tasks to queue
[2025-10-18T19:47:04.045+0000] {logging_mixin.py:190} INFO - [2025-10-18T19:47:04.044+0000] {dagbag.py:588} INFO - Filling up the DagBag from /opt/airflow/dags/driven_data_pipeline.py
[2025-10-18T19:47:04.122+0000] {processor.py:925} INFO - DAG(s) 'extract_raw_data_pipeline' retrieved from /opt/airflow/dags/driven_data_pipeline.py
[2025-10-18T19:47:04.133+0000] {logging_mixin.py:190} INFO - [2025-10-18T19:47:04.133+0000] {dag.py:3239} INFO - Sync 1 DAGs
[2025-10-18T19:47:04.142+0000] {logging_mixin.py:190} INFO - [2025-10-18T19:47:04.142+0000] {dag.py:4180} INFO - Setting next_dagrun for extract_raw_data_pipeline to 2025-10-18 07:59:00+00:00, run_after=2025-10-19 07:00:00+00:00
[2025-10-18T19:47:04.148+0000] {processor.py:208} INFO - Processing /opt/airflow/dags/driven_data_pipeline.py took 0.112 seconds
[2025-10-18T19:47:34.415+0000] {processor.py:186} INFO - Started process (PID=2529) to work on /opt/airflow/dags/driven_data_pipeline.py
[2025-10-18T19:47:34.418+0000] {processor.py:914} INFO - Processing file /opt/airflow/dags/driven_data_pipeline.py for tasks to queue
[2025-10-18T19:47:34.420+0000] {logging_mixin.py:190} INFO - [2025-10-18T19:47:34.419+0000] {dagbag.py:588} INFO - Filling up the DagBag from /opt/airflow/dags/driven_data_pipeline.py
[2025-10-18T19:47:34.511+0000] {processor.py:925} INFO - DAG(s) 'extract_raw_data_pipeline' retrieved from /opt/airflow/dags/driven_data_pipeline.py
[2025-10-18T19:47:34.524+0000] {logging_mixin.py:190} INFO - [2025-10-18T19:47:34.524+0000] {dag.py:3239} INFO - Sync 1 DAGs
[2025-10-18T19:47:34.535+0000] {logging_mixin.py:190} INFO - [2025-10-18T19:47:34.535+0000] {dag.py:4180} INFO - Setting next_dagrun for extract_raw_data_pipeline to 2025-10-18 07:59:00+00:00, run_after=2025-10-19 07:00:00+00:00
[2025-10-18T19:47:34.541+0000] {processor.py:208} INFO - Processing /opt/airflow/dags/driven_data_pipeline.py took 0.134 seconds
[2025-10-18T19:48:04.719+0000] {processor.py:186} INFO - Started process (PID=2537) to work on /opt/airflow/dags/driven_data_pipeline.py
[2025-10-18T19:48:04.720+0000] {processor.py:914} INFO - Processing file /opt/airflow/dags/driven_data_pipeline.py for tasks to queue
[2025-10-18T19:48:04.721+0000] {logging_mixin.py:190} INFO - [2025-10-18T19:48:04.721+0000] {dagbag.py:588} INFO - Filling up the DagBag from /opt/airflow/dags/driven_data_pipeline.py
[2025-10-18T19:48:04.784+0000] {processor.py:925} INFO - DAG(s) 'extract_raw_data_pipeline' retrieved from /opt/airflow/dags/driven_data_pipeline.py
[2025-10-18T19:48:04.795+0000] {logging_mixin.py:190} INFO - [2025-10-18T19:48:04.795+0000] {dag.py:3239} INFO - Sync 1 DAGs
[2025-10-18T19:48:04.805+0000] {logging_mixin.py:190} INFO - [2025-10-18T19:48:04.804+0000] {dag.py:4180} INFO - Setting next_dagrun for extract_raw_data_pipeline to 2025-10-18 07:59:00+00:00, run_after=2025-10-19 07:00:00+00:00
[2025-10-18T19:48:04.811+0000] {processor.py:208} INFO - Processing /opt/airflow/dags/driven_data_pipeline.py took 0.094 seconds
[2025-10-18T19:48:35.040+0000] {processor.py:186} INFO - Started process (PID=2545) to work on /opt/airflow/dags/driven_data_pipeline.py
[2025-10-18T19:48:35.042+0000] {processor.py:914} INFO - Processing file /opt/airflow/dags/driven_data_pipeline.py for tasks to queue
[2025-10-18T19:48:35.043+0000] {logging_mixin.py:190} INFO - [2025-10-18T19:48:35.042+0000] {dagbag.py:588} INFO - Filling up the DagBag from /opt/airflow/dags/driven_data_pipeline.py
[2025-10-18T19:48:35.112+0000] {processor.py:925} INFO - DAG(s) 'extract_raw_data_pipeline' retrieved from /opt/airflow/dags/driven_data_pipeline.py
[2025-10-18T19:48:35.123+0000] {logging_mixin.py:190} INFO - [2025-10-18T19:48:35.123+0000] {dag.py:3239} INFO - Sync 1 DAGs
[2025-10-18T19:48:35.132+0000] {logging_mixin.py:190} INFO - [2025-10-18T19:48:35.132+0000] {dag.py:4180} INFO - Setting next_dagrun for extract_raw_data_pipeline to 2025-10-18 07:59:00+00:00, run_after=2025-10-19 07:00:00+00:00
[2025-10-18T19:48:35.139+0000] {processor.py:208} INFO - Processing /opt/airflow/dags/driven_data_pipeline.py took 0.103 seconds
[2025-10-18T19:49:05.436+0000] {processor.py:186} INFO - Started process (PID=2553) to work on /opt/airflow/dags/driven_data_pipeline.py
[2025-10-18T19:49:05.438+0000] {processor.py:914} INFO - Processing file /opt/airflow/dags/driven_data_pipeline.py for tasks to queue
[2025-10-18T19:49:05.439+0000] {logging_mixin.py:190} INFO - [2025-10-18T19:49:05.439+0000] {dagbag.py:588} INFO - Filling up the DagBag from /opt/airflow/dags/driven_data_pipeline.py
[2025-10-18T19:49:05.514+0000] {processor.py:925} INFO - DAG(s) 'extract_raw_data_pipeline' retrieved from /opt/airflow/dags/driven_data_pipeline.py
[2025-10-18T19:49:05.525+0000] {logging_mixin.py:190} INFO - [2025-10-18T19:49:05.525+0000] {dag.py:3239} INFO - Sync 1 DAGs
[2025-10-18T19:49:05.534+0000] {logging_mixin.py:190} INFO - [2025-10-18T19:49:05.534+0000] {dag.py:4180} INFO - Setting next_dagrun for extract_raw_data_pipeline to 2025-10-18 07:59:00+00:00, run_after=2025-10-19 07:00:00+00:00
[2025-10-18T19:49:05.541+0000] {processor.py:208} INFO - Processing /opt/airflow/dags/driven_data_pipeline.py took 0.110 seconds
[2025-10-18T19:49:35.776+0000] {processor.py:186} INFO - Started process (PID=2561) to work on /opt/airflow/dags/driven_data_pipeline.py
[2025-10-18T19:49:35.779+0000] {processor.py:914} INFO - Processing file /opt/airflow/dags/driven_data_pipeline.py for tasks to queue
[2025-10-18T19:49:35.780+0000] {logging_mixin.py:190} INFO - [2025-10-18T19:49:35.779+0000] {dagbag.py:588} INFO - Filling up the DagBag from /opt/airflow/dags/driven_data_pipeline.py
[2025-10-18T19:49:35.856+0000] {processor.py:925} INFO - DAG(s) 'extract_raw_data_pipeline' retrieved from /opt/airflow/dags/driven_data_pipeline.py
[2025-10-18T19:49:35.867+0000] {logging_mixin.py:190} INFO - [2025-10-18T19:49:35.867+0000] {dag.py:3239} INFO - Sync 1 DAGs
[2025-10-18T19:49:35.876+0000] {logging_mixin.py:190} INFO - [2025-10-18T19:49:35.876+0000] {dag.py:4180} INFO - Setting next_dagrun for extract_raw_data_pipeline to 2025-10-18 07:59:00+00:00, run_after=2025-10-19 07:00:00+00:00
[2025-10-18T19:49:35.882+0000] {processor.py:208} INFO - Processing /opt/airflow/dags/driven_data_pipeline.py took 0.112 seconds
[2025-10-18T19:50:06.201+0000] {processor.py:186} INFO - Started process (PID=2569) to work on /opt/airflow/dags/driven_data_pipeline.py
[2025-10-18T19:50:06.203+0000] {processor.py:914} INFO - Processing file /opt/airflow/dags/driven_data_pipeline.py for tasks to queue
[2025-10-18T19:50:06.205+0000] {logging_mixin.py:190} INFO - [2025-10-18T19:50:06.204+0000] {dagbag.py:588} INFO - Filling up the DagBag from /opt/airflow/dags/driven_data_pipeline.py
[2025-10-18T19:50:06.276+0000] {processor.py:925} INFO - DAG(s) 'extract_raw_data_pipeline' retrieved from /opt/airflow/dags/driven_data_pipeline.py
[2025-10-18T19:50:06.287+0000] {logging_mixin.py:190} INFO - [2025-10-18T19:50:06.287+0000] {dag.py:3239} INFO - Sync 1 DAGs
[2025-10-18T19:50:06.296+0000] {logging_mixin.py:190} INFO - [2025-10-18T19:50:06.295+0000] {dag.py:4180} INFO - Setting next_dagrun for extract_raw_data_pipeline to 2025-10-18 07:59:00+00:00, run_after=2025-10-19 07:00:00+00:00
[2025-10-18T19:50:06.301+0000] {processor.py:208} INFO - Processing /opt/airflow/dags/driven_data_pipeline.py took 0.105 seconds
[2025-10-18T19:50:36.470+0000] {processor.py:186} INFO - Started process (PID=2577) to work on /opt/airflow/dags/driven_data_pipeline.py
[2025-10-18T19:50:36.473+0000] {processor.py:914} INFO - Processing file /opt/airflow/dags/driven_data_pipeline.py for tasks to queue
[2025-10-18T19:50:36.474+0000] {logging_mixin.py:190} INFO - [2025-10-18T19:50:36.474+0000] {dagbag.py:588} INFO - Filling up the DagBag from /opt/airflow/dags/driven_data_pipeline.py
[2025-10-18T19:50:36.555+0000] {processor.py:925} INFO - DAG(s) 'extract_raw_data_pipeline' retrieved from /opt/airflow/dags/driven_data_pipeline.py
[2025-10-18T19:50:36.567+0000] {logging_mixin.py:190} INFO - [2025-10-18T19:50:36.567+0000] {dag.py:3239} INFO - Sync 1 DAGs
[2025-10-18T19:50:36.576+0000] {logging_mixin.py:190} INFO - [2025-10-18T19:50:36.576+0000] {dag.py:4180} INFO - Setting next_dagrun for extract_raw_data_pipeline to 2025-10-18 07:59:00+00:00, run_after=2025-10-19 07:00:00+00:00
[2025-10-18T19:50:36.583+0000] {processor.py:208} INFO - Processing /opt/airflow/dags/driven_data_pipeline.py took 0.119 seconds
[2025-10-18T19:51:06.882+0000] {processor.py:186} INFO - Started process (PID=2585) to work on /opt/airflow/dags/driven_data_pipeline.py
[2025-10-18T19:51:06.884+0000] {processor.py:914} INFO - Processing file /opt/airflow/dags/driven_data_pipeline.py for tasks to queue
[2025-10-18T19:51:06.885+0000] {logging_mixin.py:190} INFO - [2025-10-18T19:51:06.885+0000] {dagbag.py:588} INFO - Filling up the DagBag from /opt/airflow/dags/driven_data_pipeline.py
[2025-10-18T19:51:06.954+0000] {processor.py:925} INFO - DAG(s) 'extract_raw_data_pipeline' retrieved from /opt/airflow/dags/driven_data_pipeline.py
[2025-10-18T19:51:06.967+0000] {logging_mixin.py:190} INFO - [2025-10-18T19:51:06.966+0000] {dag.py:3239} INFO - Sync 1 DAGs
[2025-10-18T19:51:06.975+0000] {logging_mixin.py:190} INFO - [2025-10-18T19:51:06.975+0000] {dag.py:4180} INFO - Setting next_dagrun for extract_raw_data_pipeline to 2025-10-18 07:59:00+00:00, run_after=2025-10-19 07:00:00+00:00
[2025-10-18T19:51:06.981+0000] {processor.py:208} INFO - Processing /opt/airflow/dags/driven_data_pipeline.py took 0.104 seconds
[2025-10-18T19:51:37.240+0000] {processor.py:186} INFO - Started process (PID=2599) to work on /opt/airflow/dags/driven_data_pipeline.py
[2025-10-18T19:51:37.242+0000] {processor.py:914} INFO - Processing file /opt/airflow/dags/driven_data_pipeline.py for tasks to queue
[2025-10-18T19:51:37.243+0000] {logging_mixin.py:190} INFO - [2025-10-18T19:51:37.243+0000] {dagbag.py:588} INFO - Filling up the DagBag from /opt/airflow/dags/driven_data_pipeline.py
[2025-10-18T19:51:37.323+0000] {processor.py:925} INFO - DAG(s) 'extract_raw_data_pipeline' retrieved from /opt/airflow/dags/driven_data_pipeline.py
[2025-10-18T19:51:37.336+0000] {logging_mixin.py:190} INFO - [2025-10-18T19:51:37.335+0000] {dag.py:3239} INFO - Sync 1 DAGs
[2025-10-18T19:51:37.346+0000] {logging_mixin.py:190} INFO - [2025-10-18T19:51:37.346+0000] {dag.py:4180} INFO - Setting next_dagrun for extract_raw_data_pipeline to 2025-10-18 07:59:00+00:00, run_after=2025-10-19 07:00:00+00:00
[2025-10-18T19:51:37.352+0000] {processor.py:208} INFO - Processing /opt/airflow/dags/driven_data_pipeline.py took 0.117 seconds
[2025-10-18T19:52:07.557+0000] {processor.py:186} INFO - Started process (PID=2607) to work on /opt/airflow/dags/driven_data_pipeline.py
[2025-10-18T19:52:07.560+0000] {processor.py:914} INFO - Processing file /opt/airflow/dags/driven_data_pipeline.py for tasks to queue
[2025-10-18T19:52:07.561+0000] {logging_mixin.py:190} INFO - [2025-10-18T19:52:07.561+0000] {dagbag.py:588} INFO - Filling up the DagBag from /opt/airflow/dags/driven_data_pipeline.py
[2025-10-18T19:52:07.639+0000] {processor.py:925} INFO - DAG(s) 'extract_raw_data_pipeline' retrieved from /opt/airflow/dags/driven_data_pipeline.py
[2025-10-18T19:52:07.651+0000] {logging_mixin.py:190} INFO - [2025-10-18T19:52:07.651+0000] {dag.py:3239} INFO - Sync 1 DAGs
[2025-10-18T19:52:07.660+0000] {logging_mixin.py:190} INFO - [2025-10-18T19:52:07.660+0000] {dag.py:4180} INFO - Setting next_dagrun for extract_raw_data_pipeline to 2025-10-18 07:59:00+00:00, run_after=2025-10-19 07:00:00+00:00
[2025-10-18T19:52:07.667+0000] {processor.py:208} INFO - Processing /opt/airflow/dags/driven_data_pipeline.py took 0.116 seconds
[2025-10-18T19:52:37.826+0000] {processor.py:186} INFO - Started process (PID=2615) to work on /opt/airflow/dags/driven_data_pipeline.py
[2025-10-18T19:52:37.829+0000] {processor.py:914} INFO - Processing file /opt/airflow/dags/driven_data_pipeline.py for tasks to queue
[2025-10-18T19:52:37.830+0000] {logging_mixin.py:190} INFO - [2025-10-18T19:52:37.830+0000] {dagbag.py:588} INFO - Filling up the DagBag from /opt/airflow/dags/driven_data_pipeline.py
[2025-10-18T19:52:37.910+0000] {processor.py:925} INFO - DAG(s) 'extract_raw_data_pipeline' retrieved from /opt/airflow/dags/driven_data_pipeline.py
[2025-10-18T19:52:37.921+0000] {logging_mixin.py:190} INFO - [2025-10-18T19:52:37.921+0000] {dag.py:3239} INFO - Sync 1 DAGs
[2025-10-18T19:52:37.930+0000] {logging_mixin.py:190} INFO - [2025-10-18T19:52:37.930+0000] {dag.py:4180} INFO - Setting next_dagrun for extract_raw_data_pipeline to 2025-10-18 07:59:00+00:00, run_after=2025-10-19 07:00:00+00:00
[2025-10-18T19:52:37.937+0000] {processor.py:208} INFO - Processing /opt/airflow/dags/driven_data_pipeline.py took 0.116 seconds
[2025-10-18T19:53:08.230+0000] {processor.py:186} INFO - Started process (PID=2623) to work on /opt/airflow/dags/driven_data_pipeline.py
[2025-10-18T19:53:08.232+0000] {processor.py:914} INFO - Processing file /opt/airflow/dags/driven_data_pipeline.py for tasks to queue
[2025-10-18T19:53:08.234+0000] {logging_mixin.py:190} INFO - [2025-10-18T19:53:08.233+0000] {dagbag.py:588} INFO - Filling up the DagBag from /opt/airflow/dags/driven_data_pipeline.py
[2025-10-18T19:53:08.318+0000] {processor.py:925} INFO - DAG(s) 'extract_raw_data_pipeline' retrieved from /opt/airflow/dags/driven_data_pipeline.py
[2025-10-18T19:53:08.330+0000] {logging_mixin.py:190} INFO - [2025-10-18T19:53:08.330+0000] {dag.py:3239} INFO - Sync 1 DAGs
[2025-10-18T19:53:08.339+0000] {logging_mixin.py:190} INFO - [2025-10-18T19:53:08.339+0000] {dag.py:4180} INFO - Setting next_dagrun for extract_raw_data_pipeline to 2025-10-18 07:59:00+00:00, run_after=2025-10-19 07:00:00+00:00
[2025-10-18T19:53:08.345+0000] {processor.py:208} INFO - Processing /opt/airflow/dags/driven_data_pipeline.py took 0.121 seconds
[2025-10-18T19:53:38.478+0000] {processor.py:186} INFO - Started process (PID=2631) to work on /opt/airflow/dags/driven_data_pipeline.py
[2025-10-18T19:53:38.481+0000] {processor.py:914} INFO - Processing file /opt/airflow/dags/driven_data_pipeline.py for tasks to queue
[2025-10-18T19:53:38.482+0000] {logging_mixin.py:190} INFO - [2025-10-18T19:53:38.482+0000] {dagbag.py:588} INFO - Filling up the DagBag from /opt/airflow/dags/driven_data_pipeline.py
[2025-10-18T19:53:38.572+0000] {processor.py:925} INFO - DAG(s) 'extract_raw_data_pipeline' retrieved from /opt/airflow/dags/driven_data_pipeline.py
[2025-10-18T19:53:38.585+0000] {logging_mixin.py:190} INFO - [2025-10-18T19:53:38.585+0000] {dag.py:3239} INFO - Sync 1 DAGs
[2025-10-18T19:53:38.595+0000] {logging_mixin.py:190} INFO - [2025-10-18T19:53:38.595+0000] {dag.py:4180} INFO - Setting next_dagrun for extract_raw_data_pipeline to 2025-10-18 07:59:00+00:00, run_after=2025-10-19 07:00:00+00:00
[2025-10-18T19:53:38.605+0000] {processor.py:208} INFO - Processing /opt/airflow/dags/driven_data_pipeline.py took 0.134 seconds
[2025-10-18T19:54:08.936+0000] {processor.py:186} INFO - Started process (PID=2639) to work on /opt/airflow/dags/driven_data_pipeline.py
[2025-10-18T19:54:08.938+0000] {processor.py:914} INFO - Processing file /opt/airflow/dags/driven_data_pipeline.py for tasks to queue
[2025-10-18T19:54:08.939+0000] {logging_mixin.py:190} INFO - [2025-10-18T19:54:08.938+0000] {dagbag.py:588} INFO - Filling up the DagBag from /opt/airflow/dags/driven_data_pipeline.py
[2025-10-18T19:54:09.026+0000] {processor.py:925} INFO - DAG(s) 'extract_raw_data_pipeline' retrieved from /opt/airflow/dags/driven_data_pipeline.py
[2025-10-18T19:54:09.038+0000] {logging_mixin.py:190} INFO - [2025-10-18T19:54:09.038+0000] {dag.py:3239} INFO - Sync 1 DAGs
[2025-10-18T19:54:09.049+0000] {logging_mixin.py:190} INFO - [2025-10-18T19:54:09.049+0000] {dag.py:4180} INFO - Setting next_dagrun for extract_raw_data_pipeline to 2025-10-18 07:59:00+00:00, run_after=2025-10-19 07:00:00+00:00
[2025-10-18T19:54:09.057+0000] {processor.py:208} INFO - Processing /opt/airflow/dags/driven_data_pipeline.py took 0.125 seconds
[2025-10-18T19:54:39.218+0000] {processor.py:186} INFO - Started process (PID=2647) to work on /opt/airflow/dags/driven_data_pipeline.py
[2025-10-18T19:54:39.220+0000] {processor.py:914} INFO - Processing file /opt/airflow/dags/driven_data_pipeline.py for tasks to queue
[2025-10-18T19:54:39.221+0000] {logging_mixin.py:190} INFO - [2025-10-18T19:54:39.221+0000] {dagbag.py:588} INFO - Filling up the DagBag from /opt/airflow/dags/driven_data_pipeline.py
[2025-10-18T19:54:39.307+0000] {processor.py:925} INFO - DAG(s) 'extract_raw_data_pipeline' retrieved from /opt/airflow/dags/driven_data_pipeline.py
[2025-10-18T19:54:39.320+0000] {logging_mixin.py:190} INFO - [2025-10-18T19:54:39.320+0000] {dag.py:3239} INFO - Sync 1 DAGs
[2025-10-18T19:54:39.336+0000] {logging_mixin.py:190} INFO - [2025-10-18T19:54:39.336+0000] {dag.py:4180} INFO - Setting next_dagrun for extract_raw_data_pipeline to 2025-10-18 07:59:00+00:00, run_after=2025-10-19 07:00:00+00:00
[2025-10-18T19:54:39.346+0000] {processor.py:208} INFO - Processing /opt/airflow/dags/driven_data_pipeline.py took 0.134 seconds
[2025-10-18T19:55:09.591+0000] {processor.py:186} INFO - Started process (PID=2655) to work on /opt/airflow/dags/driven_data_pipeline.py
[2025-10-18T19:55:09.593+0000] {processor.py:914} INFO - Processing file /opt/airflow/dags/driven_data_pipeline.py for tasks to queue
[2025-10-18T19:55:09.594+0000] {logging_mixin.py:190} INFO - [2025-10-18T19:55:09.594+0000] {dagbag.py:588} INFO - Filling up the DagBag from /opt/airflow/dags/driven_data_pipeline.py
[2025-10-18T19:55:09.673+0000] {processor.py:925} INFO - DAG(s) 'extract_raw_data_pipeline' retrieved from /opt/airflow/dags/driven_data_pipeline.py
[2025-10-18T19:55:09.683+0000] {logging_mixin.py:190} INFO - [2025-10-18T19:55:09.683+0000] {dag.py:3239} INFO - Sync 1 DAGs
[2025-10-18T19:55:09.692+0000] {logging_mixin.py:190} INFO - [2025-10-18T19:55:09.692+0000] {dag.py:4180} INFO - Setting next_dagrun for extract_raw_data_pipeline to 2025-10-18 07:59:00+00:00, run_after=2025-10-19 07:00:00+00:00
[2025-10-18T19:55:09.698+0000] {processor.py:208} INFO - Processing /opt/airflow/dags/driven_data_pipeline.py took 0.112 seconds
[2025-10-18T19:55:39.870+0000] {processor.py:186} INFO - Started process (PID=2663) to work on /opt/airflow/dags/driven_data_pipeline.py
[2025-10-18T19:55:39.873+0000] {processor.py:914} INFO - Processing file /opt/airflow/dags/driven_data_pipeline.py for tasks to queue
[2025-10-18T19:55:39.874+0000] {logging_mixin.py:190} INFO - [2025-10-18T19:55:39.873+0000] {dagbag.py:588} INFO - Filling up the DagBag from /opt/airflow/dags/driven_data_pipeline.py
[2025-10-18T19:55:39.954+0000] {processor.py:925} INFO - DAG(s) 'extract_raw_data_pipeline' retrieved from /opt/airflow/dags/driven_data_pipeline.py
[2025-10-18T19:55:39.967+0000] {logging_mixin.py:190} INFO - [2025-10-18T19:55:39.966+0000] {dag.py:3239} INFO - Sync 1 DAGs
[2025-10-18T19:55:39.976+0000] {logging_mixin.py:190} INFO - [2025-10-18T19:55:39.976+0000] {dag.py:4180} INFO - Setting next_dagrun for extract_raw_data_pipeline to 2025-10-18 07:59:00+00:00, run_after=2025-10-19 07:00:00+00:00
[2025-10-18T19:55:39.981+0000] {processor.py:208} INFO - Processing /opt/airflow/dags/driven_data_pipeline.py took 0.117 seconds
[2025-10-18T19:56:10.211+0000] {processor.py:186} INFO - Started process (PID=2671) to work on /opt/airflow/dags/driven_data_pipeline.py
[2025-10-18T19:56:10.213+0000] {processor.py:914} INFO - Processing file /opt/airflow/dags/driven_data_pipeline.py for tasks to queue
[2025-10-18T19:56:10.213+0000] {logging_mixin.py:190} INFO - [2025-10-18T19:56:10.213+0000] {dagbag.py:588} INFO - Filling up the DagBag from /opt/airflow/dags/driven_data_pipeline.py
[2025-10-18T19:56:10.286+0000] {processor.py:925} INFO - DAG(s) 'extract_raw_data_pipeline' retrieved from /opt/airflow/dags/driven_data_pipeline.py
[2025-10-18T19:56:10.297+0000] {logging_mixin.py:190} INFO - [2025-10-18T19:56:10.297+0000] {dag.py:3239} INFO - Sync 1 DAGs
[2025-10-18T19:56:10.306+0000] {logging_mixin.py:190} INFO - [2025-10-18T19:56:10.306+0000] {dag.py:4180} INFO - Setting next_dagrun for extract_raw_data_pipeline to 2025-10-18 07:59:00+00:00, run_after=2025-10-19 07:00:00+00:00
[2025-10-18T19:56:10.312+0000] {processor.py:208} INFO - Processing /opt/airflow/dags/driven_data_pipeline.py took 0.105 seconds
[2025-10-18T19:56:40.483+0000] {processor.py:186} INFO - Started process (PID=2679) to work on /opt/airflow/dags/driven_data_pipeline.py
[2025-10-18T19:56:40.485+0000] {processor.py:914} INFO - Processing file /opt/airflow/dags/driven_data_pipeline.py for tasks to queue
[2025-10-18T19:56:40.486+0000] {logging_mixin.py:190} INFO - [2025-10-18T19:56:40.486+0000] {dagbag.py:588} INFO - Filling up the DagBag from /opt/airflow/dags/driven_data_pipeline.py
[2025-10-18T19:56:40.560+0000] {processor.py:925} INFO - DAG(s) 'extract_raw_data_pipeline' retrieved from /opt/airflow/dags/driven_data_pipeline.py
[2025-10-18T19:56:40.571+0000] {logging_mixin.py:190} INFO - [2025-10-18T19:56:40.571+0000] {dag.py:3239} INFO - Sync 1 DAGs
[2025-10-18T19:56:40.580+0000] {logging_mixin.py:190} INFO - [2025-10-18T19:56:40.580+0000] {dag.py:4180} INFO - Setting next_dagrun for extract_raw_data_pipeline to 2025-10-18 07:59:00+00:00, run_after=2025-10-19 07:00:00+00:00
[2025-10-18T19:56:40.588+0000] {processor.py:208} INFO - Processing /opt/airflow/dags/driven_data_pipeline.py took 0.110 seconds
[2025-10-18T19:57:10.827+0000] {processor.py:186} INFO - Started process (PID=2687) to work on /opt/airflow/dags/driven_data_pipeline.py
[2025-10-18T19:57:10.829+0000] {processor.py:914} INFO - Processing file /opt/airflow/dags/driven_data_pipeline.py for tasks to queue
[2025-10-18T19:57:10.830+0000] {logging_mixin.py:190} INFO - [2025-10-18T19:57:10.829+0000] {dagbag.py:588} INFO - Filling up the DagBag from /opt/airflow/dags/driven_data_pipeline.py
[2025-10-18T19:57:10.944+0000] {processor.py:925} INFO - DAG(s) 'extract_raw_data_pipeline' retrieved from /opt/airflow/dags/driven_data_pipeline.py
[2025-10-18T19:57:10.959+0000] {logging_mixin.py:190} INFO - [2025-10-18T19:57:10.959+0000] {dag.py:3239} INFO - Sync 1 DAGs
[2025-10-18T19:57:10.974+0000] {logging_mixin.py:190} INFO - [2025-10-18T19:57:10.974+0000] {dag.py:4180} INFO - Setting next_dagrun for extract_raw_data_pipeline to 2025-10-18 07:59:00+00:00, run_after=2025-10-19 07:00:00+00:00
[2025-10-18T19:57:10.983+0000] {processor.py:208} INFO - Processing /opt/airflow/dags/driven_data_pipeline.py took 0.162 seconds
[2025-10-18T19:57:41.107+0000] {processor.py:186} INFO - Started process (PID=2695) to work on /opt/airflow/dags/driven_data_pipeline.py
[2025-10-18T19:57:41.109+0000] {processor.py:914} INFO - Processing file /opt/airflow/dags/driven_data_pipeline.py for tasks to queue
[2025-10-18T19:57:41.110+0000] {logging_mixin.py:190} INFO - [2025-10-18T19:57:41.109+0000] {dagbag.py:588} INFO - Filling up the DagBag from /opt/airflow/dags/driven_data_pipeline.py
[2025-10-18T19:57:41.188+0000] {processor.py:925} INFO - DAG(s) 'extract_raw_data_pipeline' retrieved from /opt/airflow/dags/driven_data_pipeline.py
[2025-10-18T19:57:41.200+0000] {logging_mixin.py:190} INFO - [2025-10-18T19:57:41.200+0000] {dag.py:3239} INFO - Sync 1 DAGs
[2025-10-18T19:57:41.209+0000] {logging_mixin.py:190} INFO - [2025-10-18T19:57:41.209+0000] {dag.py:4180} INFO - Setting next_dagrun for extract_raw_data_pipeline to 2025-10-18 07:59:00+00:00, run_after=2025-10-19 07:00:00+00:00
[2025-10-18T19:57:41.216+0000] {processor.py:208} INFO - Processing /opt/airflow/dags/driven_data_pipeline.py took 0.115 seconds
[2025-10-18T19:58:11.384+0000] {processor.py:186} INFO - Started process (PID=2703) to work on /opt/airflow/dags/driven_data_pipeline.py
[2025-10-18T19:58:11.386+0000] {processor.py:914} INFO - Processing file /opt/airflow/dags/driven_data_pipeline.py for tasks to queue
[2025-10-18T19:58:11.387+0000] {logging_mixin.py:190} INFO - [2025-10-18T19:58:11.386+0000] {dagbag.py:588} INFO - Filling up the DagBag from /opt/airflow/dags/driven_data_pipeline.py
[2025-10-18T19:58:11.468+0000] {processor.py:925} INFO - DAG(s) 'extract_raw_data_pipeline' retrieved from /opt/airflow/dags/driven_data_pipeline.py
[2025-10-18T19:58:11.486+0000] {logging_mixin.py:190} INFO - [2025-10-18T19:58:11.486+0000] {dag.py:3239} INFO - Sync 1 DAGs
[2025-10-18T19:58:11.497+0000] {logging_mixin.py:190} INFO - [2025-10-18T19:58:11.496+0000] {dag.py:4180} INFO - Setting next_dagrun for extract_raw_data_pipeline to 2025-10-18 07:59:00+00:00, run_after=2025-10-19 07:00:00+00:00
[2025-10-18T19:58:11.504+0000] {processor.py:208} INFO - Processing /opt/airflow/dags/driven_data_pipeline.py took 0.126 seconds
[2025-10-18T19:58:41.763+0000] {processor.py:186} INFO - Started process (PID=2711) to work on /opt/airflow/dags/driven_data_pipeline.py
[2025-10-18T19:58:41.765+0000] {processor.py:914} INFO - Processing file /opt/airflow/dags/driven_data_pipeline.py for tasks to queue
[2025-10-18T19:58:41.766+0000] {logging_mixin.py:190} INFO - [2025-10-18T19:58:41.766+0000] {dagbag.py:588} INFO - Filling up the DagBag from /opt/airflow/dags/driven_data_pipeline.py
[2025-10-18T19:58:41.844+0000] {processor.py:925} INFO - DAG(s) 'extract_raw_data_pipeline' retrieved from /opt/airflow/dags/driven_data_pipeline.py
[2025-10-18T19:58:41.854+0000] {logging_mixin.py:190} INFO - [2025-10-18T19:58:41.854+0000] {dag.py:3239} INFO - Sync 1 DAGs
[2025-10-18T19:58:41.864+0000] {logging_mixin.py:190} INFO - [2025-10-18T19:58:41.863+0000] {dag.py:4180} INFO - Setting next_dagrun for extract_raw_data_pipeline to 2025-10-18 07:59:00+00:00, run_after=2025-10-19 07:00:00+00:00
[2025-10-18T19:58:41.870+0000] {processor.py:208} INFO - Processing /opt/airflow/dags/driven_data_pipeline.py took 0.112 seconds
[2025-10-18T19:59:12.029+0000] {processor.py:186} INFO - Started process (PID=2719) to work on /opt/airflow/dags/driven_data_pipeline.py
[2025-10-18T19:59:12.031+0000] {processor.py:914} INFO - Processing file /opt/airflow/dags/driven_data_pipeline.py for tasks to queue
[2025-10-18T19:59:12.031+0000] {logging_mixin.py:190} INFO - [2025-10-18T19:59:12.031+0000] {dagbag.py:588} INFO - Filling up the DagBag from /opt/airflow/dags/driven_data_pipeline.py
[2025-10-18T19:59:12.115+0000] {processor.py:925} INFO - DAG(s) 'extract_raw_data_pipeline' retrieved from /opt/airflow/dags/driven_data_pipeline.py
[2025-10-18T19:59:12.128+0000] {logging_mixin.py:190} INFO - [2025-10-18T19:59:12.128+0000] {dag.py:3239} INFO - Sync 1 DAGs
[2025-10-18T19:59:12.141+0000] {logging_mixin.py:190} INFO - [2025-10-18T19:59:12.141+0000] {dag.py:4180} INFO - Setting next_dagrun for extract_raw_data_pipeline to 2025-10-18 07:59:00+00:00, run_after=2025-10-19 07:00:00+00:00
[2025-10-18T19:59:12.148+0000] {processor.py:208} INFO - Processing /opt/airflow/dags/driven_data_pipeline.py took 0.123 seconds
[2025-10-18T19:59:42.410+0000] {processor.py:186} INFO - Started process (PID=2727) to work on /opt/airflow/dags/driven_data_pipeline.py
[2025-10-18T19:59:42.414+0000] {processor.py:914} INFO - Processing file /opt/airflow/dags/driven_data_pipeline.py for tasks to queue
[2025-10-18T19:59:42.415+0000] {logging_mixin.py:190} INFO - [2025-10-18T19:59:42.414+0000] {dagbag.py:588} INFO - Filling up the DagBag from /opt/airflow/dags/driven_data_pipeline.py
[2025-10-18T19:59:42.513+0000] {processor.py:925} INFO - DAG(s) 'extract_raw_data_pipeline' retrieved from /opt/airflow/dags/driven_data_pipeline.py
[2025-10-18T19:59:42.530+0000] {logging_mixin.py:190} INFO - [2025-10-18T19:59:42.530+0000] {dag.py:3239} INFO - Sync 1 DAGs
[2025-10-18T19:59:42.543+0000] {logging_mixin.py:190} INFO - [2025-10-18T19:59:42.542+0000] {dag.py:4180} INFO - Setting next_dagrun for extract_raw_data_pipeline to 2025-10-18 07:59:00+00:00, run_after=2025-10-19 07:00:00+00:00
[2025-10-18T19:59:42.550+0000] {processor.py:208} INFO - Processing /opt/airflow/dags/driven_data_pipeline.py took 0.148 seconds
[2025-10-18T20:00:12.704+0000] {processor.py:186} INFO - Started process (PID=2734) to work on /opt/airflow/dags/driven_data_pipeline.py
[2025-10-18T20:00:12.707+0000] {processor.py:914} INFO - Processing file /opt/airflow/dags/driven_data_pipeline.py for tasks to queue
[2025-10-18T20:00:12.709+0000] {logging_mixin.py:190} INFO - [2025-10-18T20:00:12.708+0000] {dagbag.py:588} INFO - Filling up the DagBag from /opt/airflow/dags/driven_data_pipeline.py
[2025-10-18T20:00:12.811+0000] {processor.py:925} INFO - DAG(s) 'extract_raw_data_pipeline' retrieved from /opt/airflow/dags/driven_data_pipeline.py
[2025-10-18T20:00:12.828+0000] {logging_mixin.py:190} INFO - [2025-10-18T20:00:12.828+0000] {dag.py:3239} INFO - Sync 1 DAGs
[2025-10-18T20:00:12.840+0000] {logging_mixin.py:190} INFO - [2025-10-18T20:00:12.840+0000] {dag.py:4180} INFO - Setting next_dagrun for extract_raw_data_pipeline to 2025-10-18 07:59:00+00:00, run_after=2025-10-19 07:00:00+00:00
[2025-10-18T20:00:12.847+0000] {processor.py:208} INFO - Processing /opt/airflow/dags/driven_data_pipeline.py took 0.151 seconds
[2025-10-18T20:00:43.134+0000] {processor.py:186} INFO - Started process (PID=2742) to work on /opt/airflow/dags/driven_data_pipeline.py
[2025-10-18T20:00:43.136+0000] {processor.py:914} INFO - Processing file /opt/airflow/dags/driven_data_pipeline.py for tasks to queue
[2025-10-18T20:00:43.138+0000] {logging_mixin.py:190} INFO - [2025-10-18T20:00:43.138+0000] {dagbag.py:588} INFO - Filling up the DagBag from /opt/airflow/dags/driven_data_pipeline.py
[2025-10-18T20:00:43.220+0000] {processor.py:925} INFO - DAG(s) 'extract_raw_data_pipeline' retrieved from /opt/airflow/dags/driven_data_pipeline.py
[2025-10-18T20:00:43.233+0000] {logging_mixin.py:190} INFO - [2025-10-18T20:00:43.232+0000] {dag.py:3239} INFO - Sync 1 DAGs
[2025-10-18T20:00:43.244+0000] {logging_mixin.py:190} INFO - [2025-10-18T20:00:43.244+0000] {dag.py:4180} INFO - Setting next_dagrun for extract_raw_data_pipeline to 2025-10-18 07:59:00+00:00, run_after=2025-10-19 07:00:00+00:00
[2025-10-18T20:00:43.252+0000] {processor.py:208} INFO - Processing /opt/airflow/dags/driven_data_pipeline.py took 0.124 seconds
[2025-10-18T20:01:13.475+0000] {processor.py:186} INFO - Started process (PID=2750) to work on /opt/airflow/dags/driven_data_pipeline.py
[2025-10-18T20:01:13.477+0000] {processor.py:914} INFO - Processing file /opt/airflow/dags/driven_data_pipeline.py for tasks to queue
[2025-10-18T20:01:13.479+0000] {logging_mixin.py:190} INFO - [2025-10-18T20:01:13.479+0000] {dagbag.py:588} INFO - Filling up the DagBag from /opt/airflow/dags/driven_data_pipeline.py
[2025-10-18T20:01:13.563+0000] {processor.py:925} INFO - DAG(s) 'extract_raw_data_pipeline' retrieved from /opt/airflow/dags/driven_data_pipeline.py
[2025-10-18T20:01:13.574+0000] {logging_mixin.py:190} INFO - [2025-10-18T20:01:13.574+0000] {dag.py:3239} INFO - Sync 1 DAGs
[2025-10-18T20:01:13.586+0000] {logging_mixin.py:190} INFO - [2025-10-18T20:01:13.586+0000] {dag.py:4180} INFO - Setting next_dagrun for extract_raw_data_pipeline to 2025-10-18 07:59:00+00:00, run_after=2025-10-19 07:00:00+00:00
[2025-10-18T20:01:13.593+0000] {processor.py:208} INFO - Processing /opt/airflow/dags/driven_data_pipeline.py took 0.125 seconds
[2025-10-18T20:01:43.818+0000] {processor.py:186} INFO - Started process (PID=2758) to work on /opt/airflow/dags/driven_data_pipeline.py
[2025-10-18T20:01:43.820+0000] {processor.py:914} INFO - Processing file /opt/airflow/dags/driven_data_pipeline.py for tasks to queue
[2025-10-18T20:01:43.821+0000] {logging_mixin.py:190} INFO - [2025-10-18T20:01:43.821+0000] {dagbag.py:588} INFO - Filling up the DagBag from /opt/airflow/dags/driven_data_pipeline.py
[2025-10-18T20:01:43.895+0000] {processor.py:925} INFO - DAG(s) 'extract_raw_data_pipeline' retrieved from /opt/airflow/dags/driven_data_pipeline.py
[2025-10-18T20:01:43.908+0000] {logging_mixin.py:190} INFO - [2025-10-18T20:01:43.908+0000] {dag.py:3239} INFO - Sync 1 DAGs
[2025-10-18T20:01:43.918+0000] {logging_mixin.py:190} INFO - [2025-10-18T20:01:43.918+0000] {dag.py:4180} INFO - Setting next_dagrun for extract_raw_data_pipeline to 2025-10-18 07:59:00+00:00, run_after=2025-10-19 07:00:00+00:00
[2025-10-18T20:01:43.924+0000] {processor.py:208} INFO - Processing /opt/airflow/dags/driven_data_pipeline.py took 0.112 seconds
[2025-10-18T20:02:14.226+0000] {processor.py:186} INFO - Started process (PID=2766) to work on /opt/airflow/dags/driven_data_pipeline.py
[2025-10-18T20:02:14.229+0000] {processor.py:914} INFO - Processing file /opt/airflow/dags/driven_data_pipeline.py for tasks to queue
[2025-10-18T20:02:14.230+0000] {logging_mixin.py:190} INFO - [2025-10-18T20:02:14.230+0000] {dagbag.py:588} INFO - Filling up the DagBag from /opt/airflow/dags/driven_data_pipeline.py
[2025-10-18T20:02:14.354+0000] {processor.py:925} INFO - DAG(s) 'extract_raw_data_pipeline' retrieved from /opt/airflow/dags/driven_data_pipeline.py
[2025-10-18T20:02:14.375+0000] {logging_mixin.py:190} INFO - [2025-10-18T20:02:14.375+0000] {dag.py:3239} INFO - Sync 1 DAGs
[2025-10-18T20:02:14.394+0000] {logging_mixin.py:190} INFO - [2025-10-18T20:02:14.393+0000] {dag.py:4180} INFO - Setting next_dagrun for extract_raw_data_pipeline to 2025-10-18 07:59:00+00:00, run_after=2025-10-19 07:00:00+00:00
[2025-10-18T20:02:14.403+0000] {processor.py:208} INFO - Processing /opt/airflow/dags/driven_data_pipeline.py took 0.184 seconds
[2025-10-18T20:02:44.489+0000] {processor.py:186} INFO - Started process (PID=2774) to work on /opt/airflow/dags/driven_data_pipeline.py
[2025-10-18T20:02:44.492+0000] {processor.py:914} INFO - Processing file /opt/airflow/dags/driven_data_pipeline.py for tasks to queue
[2025-10-18T20:02:44.493+0000] {logging_mixin.py:190} INFO - [2025-10-18T20:02:44.493+0000] {dagbag.py:588} INFO - Filling up the DagBag from /opt/airflow/dags/driven_data_pipeline.py
[2025-10-18T20:02:44.586+0000] {processor.py:925} INFO - DAG(s) 'extract_raw_data_pipeline' retrieved from /opt/airflow/dags/driven_data_pipeline.py
[2025-10-18T20:02:44.600+0000] {logging_mixin.py:190} INFO - [2025-10-18T20:02:44.600+0000] {dag.py:3239} INFO - Sync 1 DAGs
[2025-10-18T20:02:44.613+0000] {logging_mixin.py:190} INFO - [2025-10-18T20:02:44.612+0000] {dag.py:4180} INFO - Setting next_dagrun for extract_raw_data_pipeline to 2025-10-18 07:59:00+00:00, run_after=2025-10-19 07:00:00+00:00
[2025-10-18T20:02:44.622+0000] {processor.py:208} INFO - Processing /opt/airflow/dags/driven_data_pipeline.py took 0.138 seconds
[2025-10-18T20:03:14.741+0000] {processor.py:186} INFO - Started process (PID=2782) to work on /opt/airflow/dags/driven_data_pipeline.py
[2025-10-18T20:03:14.743+0000] {processor.py:914} INFO - Processing file /opt/airflow/dags/driven_data_pipeline.py for tasks to queue
[2025-10-18T20:03:14.743+0000] {logging_mixin.py:190} INFO - [2025-10-18T20:03:14.743+0000] {dagbag.py:588} INFO - Filling up the DagBag from /opt/airflow/dags/driven_data_pipeline.py
[2025-10-18T20:03:14.842+0000] {processor.py:925} INFO - DAG(s) 'extract_raw_data_pipeline' retrieved from /opt/airflow/dags/driven_data_pipeline.py
[2025-10-18T20:03:14.856+0000] {logging_mixin.py:190} INFO - [2025-10-18T20:03:14.856+0000] {dag.py:3239} INFO - Sync 1 DAGs
[2025-10-18T20:03:14.868+0000] {logging_mixin.py:190} INFO - [2025-10-18T20:03:14.868+0000] {dag.py:4180} INFO - Setting next_dagrun for extract_raw_data_pipeline to 2025-10-18 07:59:00+00:00, run_after=2025-10-19 07:00:00+00:00
[2025-10-18T20:03:14.875+0000] {processor.py:208} INFO - Processing /opt/airflow/dags/driven_data_pipeline.py took 0.139 seconds
[2025-10-18T20:03:37.102+0000] {processor.py:186} INFO - Started process (PID=2784) to work on /opt/airflow/dags/driven_data_pipeline.py
[2025-10-18T20:03:37.104+0000] {processor.py:914} INFO - Processing file /opt/airflow/dags/driven_data_pipeline.py for tasks to queue
[2025-10-18T20:03:37.105+0000] {logging_mixin.py:190} INFO - [2025-10-18T20:03:37.105+0000] {dagbag.py:588} INFO - Filling up the DagBag from /opt/airflow/dags/driven_data_pipeline.py
[2025-10-18T20:03:37.208+0000] {processor.py:925} INFO - DAG(s) 'extract_raw_data_pipeline' retrieved from /opt/airflow/dags/driven_data_pipeline.py
[2025-10-18T20:03:37.222+0000] {logging_mixin.py:190} INFO - [2025-10-18T20:03:37.222+0000] {dag.py:3239} INFO - Sync 1 DAGs
[2025-10-18T20:03:37.233+0000] {logging_mixin.py:190} INFO - [2025-10-18T20:03:37.233+0000] {dag.py:4180} INFO - Setting next_dagrun for extract_raw_data_pipeline to 2025-10-18 07:59:00+00:00, run_after=2025-10-19 07:00:00+00:00
[2025-10-18T20:03:37.242+0000] {processor.py:208} INFO - Processing /opt/airflow/dags/driven_data_pipeline.py took 0.148 seconds
[2025-10-18T20:04:07.400+0000] {processor.py:186} INFO - Started process (PID=2792) to work on /opt/airflow/dags/driven_data_pipeline.py
[2025-10-18T20:04:07.401+0000] {processor.py:914} INFO - Processing file /opt/airflow/dags/driven_data_pipeline.py for tasks to queue
[2025-10-18T20:04:07.402+0000] {logging_mixin.py:190} INFO - [2025-10-18T20:04:07.402+0000] {dagbag.py:588} INFO - Filling up the DagBag from /opt/airflow/dags/driven_data_pipeline.py
[2025-10-18T20:04:07.483+0000] {processor.py:925} INFO - DAG(s) 'extract_raw_data_pipeline' retrieved from /opt/airflow/dags/driven_data_pipeline.py
[2025-10-18T20:04:07.494+0000] {logging_mixin.py:190} INFO - [2025-10-18T20:04:07.494+0000] {dag.py:3239} INFO - Sync 1 DAGs
[2025-10-18T20:04:07.503+0000] {logging_mixin.py:190} INFO - [2025-10-18T20:04:07.503+0000] {dag.py:4180} INFO - Setting next_dagrun for extract_raw_data_pipeline to 2025-10-18 07:59:00+00:00, run_after=2025-10-19 07:00:00+00:00
[2025-10-18T20:04:07.509+0000] {processor.py:208} INFO - Processing /opt/airflow/dags/driven_data_pipeline.py took 0.116 seconds
[2025-10-18T20:04:37.786+0000] {processor.py:186} INFO - Started process (PID=2800) to work on /opt/airflow/dags/driven_data_pipeline.py
[2025-10-18T20:04:37.788+0000] {processor.py:914} INFO - Processing file /opt/airflow/dags/driven_data_pipeline.py for tasks to queue
[2025-10-18T20:04:37.789+0000] {logging_mixin.py:190} INFO - [2025-10-18T20:04:37.788+0000] {dagbag.py:588} INFO - Filling up the DagBag from /opt/airflow/dags/driven_data_pipeline.py
[2025-10-18T20:04:37.858+0000] {processor.py:925} INFO - DAG(s) 'extract_raw_data_pipeline' retrieved from /opt/airflow/dags/driven_data_pipeline.py
[2025-10-18T20:04:37.867+0000] {logging_mixin.py:190} INFO - [2025-10-18T20:04:37.867+0000] {dag.py:3239} INFO - Sync 1 DAGs
[2025-10-18T20:04:37.875+0000] {logging_mixin.py:190} INFO - [2025-10-18T20:04:37.875+0000] {dag.py:4180} INFO - Setting next_dagrun for extract_raw_data_pipeline to 2025-10-18 07:59:00+00:00, run_after=2025-10-19 07:00:00+00:00
[2025-10-18T20:04:37.880+0000] {processor.py:208} INFO - Processing /opt/airflow/dags/driven_data_pipeline.py took 0.099 seconds
[2025-10-18T20:05:08.091+0000] {processor.py:186} INFO - Started process (PID=2808) to work on /opt/airflow/dags/driven_data_pipeline.py
[2025-10-18T20:05:08.092+0000] {processor.py:914} INFO - Processing file /opt/airflow/dags/driven_data_pipeline.py for tasks to queue
[2025-10-18T20:05:08.093+0000] {logging_mixin.py:190} INFO - [2025-10-18T20:05:08.093+0000] {dagbag.py:588} INFO - Filling up the DagBag from /opt/airflow/dags/driven_data_pipeline.py
[2025-10-18T20:05:08.163+0000] {processor.py:925} INFO - DAG(s) 'extract_raw_data_pipeline' retrieved from /opt/airflow/dags/driven_data_pipeline.py
[2025-10-18T20:05:08.173+0000] {logging_mixin.py:190} INFO - [2025-10-18T20:05:08.173+0000] {dag.py:3239} INFO - Sync 1 DAGs
[2025-10-18T20:05:08.181+0000] {logging_mixin.py:190} INFO - [2025-10-18T20:05:08.181+0000] {dag.py:4180} INFO - Setting next_dagrun for extract_raw_data_pipeline to 2025-10-18 07:59:00+00:00, run_after=2025-10-19 07:00:00+00:00
[2025-10-18T20:05:08.186+0000] {processor.py:208} INFO - Processing /opt/airflow/dags/driven_data_pipeline.py took 0.102 seconds
[2025-10-18T20:05:38.422+0000] {processor.py:186} INFO - Started process (PID=2816) to work on /opt/airflow/dags/driven_data_pipeline.py
[2025-10-18T20:05:38.423+0000] {processor.py:914} INFO - Processing file /opt/airflow/dags/driven_data_pipeline.py for tasks to queue
[2025-10-18T20:05:38.424+0000] {logging_mixin.py:190} INFO - [2025-10-18T20:05:38.424+0000] {dagbag.py:588} INFO - Filling up the DagBag from /opt/airflow/dags/driven_data_pipeline.py
[2025-10-18T20:05:38.493+0000] {processor.py:925} INFO - DAG(s) 'extract_raw_data_pipeline' retrieved from /opt/airflow/dags/driven_data_pipeline.py
[2025-10-18T20:05:38.503+0000] {logging_mixin.py:190} INFO - [2025-10-18T20:05:38.503+0000] {dag.py:3239} INFO - Sync 1 DAGs
[2025-10-18T20:05:38.511+0000] {logging_mixin.py:190} INFO - [2025-10-18T20:05:38.511+0000] {dag.py:4180} INFO - Setting next_dagrun for extract_raw_data_pipeline to 2025-10-18 07:59:00+00:00, run_after=2025-10-19 07:00:00+00:00
[2025-10-18T20:05:38.516+0000] {processor.py:208} INFO - Processing /opt/airflow/dags/driven_data_pipeline.py took 0.099 seconds
[2025-10-18T20:06:08.748+0000] {processor.py:186} INFO - Started process (PID=2824) to work on /opt/airflow/dags/driven_data_pipeline.py
[2025-10-18T20:06:08.749+0000] {processor.py:914} INFO - Processing file /opt/airflow/dags/driven_data_pipeline.py for tasks to queue
[2025-10-18T20:06:08.750+0000] {logging_mixin.py:190} INFO - [2025-10-18T20:06:08.750+0000] {dagbag.py:588} INFO - Filling up the DagBag from /opt/airflow/dags/driven_data_pipeline.py
[2025-10-18T20:06:08.822+0000] {processor.py:925} INFO - DAG(s) 'extract_raw_data_pipeline' retrieved from /opt/airflow/dags/driven_data_pipeline.py
[2025-10-18T20:06:08.832+0000] {logging_mixin.py:190} INFO - [2025-10-18T20:06:08.832+0000] {dag.py:3239} INFO - Sync 1 DAGs
[2025-10-18T20:06:08.839+0000] {logging_mixin.py:190} INFO - [2025-10-18T20:06:08.839+0000] {dag.py:4180} INFO - Setting next_dagrun for extract_raw_data_pipeline to 2025-10-18 07:59:00+00:00, run_after=2025-10-19 07:00:00+00:00
[2025-10-18T20:06:08.845+0000] {processor.py:208} INFO - Processing /opt/airflow/dags/driven_data_pipeline.py took 0.104 seconds
[2025-10-18T20:06:39.099+0000] {processor.py:186} INFO - Started process (PID=2838) to work on /opt/airflow/dags/driven_data_pipeline.py
[2025-10-18T20:06:39.101+0000] {processor.py:914} INFO - Processing file /opt/airflow/dags/driven_data_pipeline.py for tasks to queue
[2025-10-18T20:06:39.102+0000] {logging_mixin.py:190} INFO - [2025-10-18T20:06:39.101+0000] {dagbag.py:588} INFO - Filling up the DagBag from /opt/airflow/dags/driven_data_pipeline.py
[2025-10-18T20:06:39.172+0000] {processor.py:925} INFO - DAG(s) 'extract_raw_data_pipeline' retrieved from /opt/airflow/dags/driven_data_pipeline.py
[2025-10-18T20:06:39.181+0000] {logging_mixin.py:190} INFO - [2025-10-18T20:06:39.181+0000] {dag.py:3239} INFO - Sync 1 DAGs
[2025-10-18T20:06:39.189+0000] {logging_mixin.py:190} INFO - [2025-10-18T20:06:39.189+0000] {dag.py:4180} INFO - Setting next_dagrun for extract_raw_data_pipeline to 2025-10-18 07:59:00+00:00, run_after=2025-10-19 07:00:00+00:00
[2025-10-18T20:06:39.194+0000] {processor.py:208} INFO - Processing /opt/airflow/dags/driven_data_pipeline.py took 0.101 seconds
[2025-10-18T20:07:09.437+0000] {processor.py:186} INFO - Started process (PID=2846) to work on /opt/airflow/dags/driven_data_pipeline.py
[2025-10-18T20:07:09.438+0000] {processor.py:914} INFO - Processing file /opt/airflow/dags/driven_data_pipeline.py for tasks to queue
[2025-10-18T20:07:09.439+0000] {logging_mixin.py:190} INFO - [2025-10-18T20:07:09.439+0000] {dagbag.py:588} INFO - Filling up the DagBag from /opt/airflow/dags/driven_data_pipeline.py
[2025-10-18T20:07:09.508+0000] {processor.py:925} INFO - DAG(s) 'extract_raw_data_pipeline' retrieved from /opt/airflow/dags/driven_data_pipeline.py
[2025-10-18T20:07:09.518+0000] {logging_mixin.py:190} INFO - [2025-10-18T20:07:09.518+0000] {dag.py:3239} INFO - Sync 1 DAGs
[2025-10-18T20:07:09.526+0000] {logging_mixin.py:190} INFO - [2025-10-18T20:07:09.526+0000] {dag.py:4180} INFO - Setting next_dagrun for extract_raw_data_pipeline to 2025-10-18 07:59:00+00:00, run_after=2025-10-19 07:00:00+00:00
[2025-10-18T20:07:09.532+0000] {processor.py:208} INFO - Processing /opt/airflow/dags/driven_data_pipeline.py took 0.100 seconds
[2025-10-18T20:07:39.728+0000] {processor.py:186} INFO - Started process (PID=2854) to work on /opt/airflow/dags/driven_data_pipeline.py
[2025-10-18T20:07:39.729+0000] {processor.py:914} INFO - Processing file /opt/airflow/dags/driven_data_pipeline.py for tasks to queue
[2025-10-18T20:07:39.730+0000] {logging_mixin.py:190} INFO - [2025-10-18T20:07:39.730+0000] {dagbag.py:588} INFO - Filling up the DagBag from /opt/airflow/dags/driven_data_pipeline.py
[2025-10-18T20:07:39.796+0000] {processor.py:925} INFO - DAG(s) 'extract_raw_data_pipeline' retrieved from /opt/airflow/dags/driven_data_pipeline.py
[2025-10-18T20:07:39.807+0000] {logging_mixin.py:190} INFO - [2025-10-18T20:07:39.806+0000] {dag.py:3239} INFO - Sync 1 DAGs
[2025-10-18T20:07:39.815+0000] {logging_mixin.py:190} INFO - [2025-10-18T20:07:39.814+0000] {dag.py:4180} INFO - Setting next_dagrun for extract_raw_data_pipeline to 2025-10-18 07:59:00+00:00, run_after=2025-10-19 07:00:00+00:00
[2025-10-18T20:07:39.820+0000] {processor.py:208} INFO - Processing /opt/airflow/dags/driven_data_pipeline.py took 0.096 seconds
[2025-10-18T20:08:10.063+0000] {processor.py:186} INFO - Started process (PID=2862) to work on /opt/airflow/dags/driven_data_pipeline.py
[2025-10-18T20:08:10.064+0000] {processor.py:914} INFO - Processing file /opt/airflow/dags/driven_data_pipeline.py for tasks to queue
[2025-10-18T20:08:10.065+0000] {logging_mixin.py:190} INFO - [2025-10-18T20:08:10.065+0000] {dagbag.py:588} INFO - Filling up the DagBag from /opt/airflow/dags/driven_data_pipeline.py
[2025-10-18T20:08:10.136+0000] {processor.py:925} INFO - DAG(s) 'extract_raw_data_pipeline' retrieved from /opt/airflow/dags/driven_data_pipeline.py
[2025-10-18T20:08:10.146+0000] {logging_mixin.py:190} INFO - [2025-10-18T20:08:10.146+0000] {dag.py:3239} INFO - Sync 1 DAGs
[2025-10-18T20:08:10.154+0000] {logging_mixin.py:190} INFO - [2025-10-18T20:08:10.154+0000] {dag.py:4180} INFO - Setting next_dagrun for extract_raw_data_pipeline to 2025-10-18 07:59:00+00:00, run_after=2025-10-19 07:00:00+00:00
[2025-10-18T20:08:10.159+0000] {processor.py:208} INFO - Processing /opt/airflow/dags/driven_data_pipeline.py took 0.099 seconds
[2025-10-18T20:08:40.335+0000] {processor.py:186} INFO - Started process (PID=2870) to work on /opt/airflow/dags/driven_data_pipeline.py
[2025-10-18T20:08:40.336+0000] {processor.py:914} INFO - Processing file /opt/airflow/dags/driven_data_pipeline.py for tasks to queue
[2025-10-18T20:08:40.337+0000] {logging_mixin.py:190} INFO - [2025-10-18T20:08:40.337+0000] {dagbag.py:588} INFO - Filling up the DagBag from /opt/airflow/dags/driven_data_pipeline.py
[2025-10-18T20:08:40.408+0000] {processor.py:925} INFO - DAG(s) 'extract_raw_data_pipeline' retrieved from /opt/airflow/dags/driven_data_pipeline.py
[2025-10-18T20:08:40.417+0000] {logging_mixin.py:190} INFO - [2025-10-18T20:08:40.417+0000] {dag.py:3239} INFO - Sync 1 DAGs
[2025-10-18T20:08:40.425+0000] {logging_mixin.py:190} INFO - [2025-10-18T20:08:40.424+0000] {dag.py:4180} INFO - Setting next_dagrun for extract_raw_data_pipeline to 2025-10-18 07:59:00+00:00, run_after=2025-10-19 07:00:00+00:00
[2025-10-18T20:08:40.430+0000] {processor.py:208} INFO - Processing /opt/airflow/dags/driven_data_pipeline.py took 0.102 seconds
[2025-10-18T20:09:10.661+0000] {processor.py:186} INFO - Started process (PID=2878) to work on /opt/airflow/dags/driven_data_pipeline.py
[2025-10-18T20:09:10.662+0000] {processor.py:914} INFO - Processing file /opt/airflow/dags/driven_data_pipeline.py for tasks to queue
[2025-10-18T20:09:10.664+0000] {logging_mixin.py:190} INFO - [2025-10-18T20:09:10.663+0000] {dagbag.py:588} INFO - Filling up the DagBag from /opt/airflow/dags/driven_data_pipeline.py
[2025-10-18T20:09:10.734+0000] {processor.py:925} INFO - DAG(s) 'extract_raw_data_pipeline' retrieved from /opt/airflow/dags/driven_data_pipeline.py
[2025-10-18T20:09:10.743+0000] {logging_mixin.py:190} INFO - [2025-10-18T20:09:10.743+0000] {dag.py:3239} INFO - Sync 1 DAGs
[2025-10-18T20:09:10.752+0000] {logging_mixin.py:190} INFO - [2025-10-18T20:09:10.752+0000] {dag.py:4180} INFO - Setting next_dagrun for extract_raw_data_pipeline to 2025-10-18 07:59:00+00:00, run_after=2025-10-19 07:00:00+00:00
[2025-10-18T20:09:10.757+0000] {processor.py:208} INFO - Processing /opt/airflow/dags/driven_data_pipeline.py took 0.101 seconds
[2025-10-18T20:09:40.897+0000] {processor.py:186} INFO - Started process (PID=2886) to work on /opt/airflow/dags/driven_data_pipeline.py
[2025-10-18T20:09:40.898+0000] {processor.py:914} INFO - Processing file /opt/airflow/dags/driven_data_pipeline.py for tasks to queue
[2025-10-18T20:09:40.899+0000] {logging_mixin.py:190} INFO - [2025-10-18T20:09:40.899+0000] {dagbag.py:588} INFO - Filling up the DagBag from /opt/airflow/dags/driven_data_pipeline.py
[2025-10-18T20:09:40.970+0000] {processor.py:925} INFO - DAG(s) 'extract_raw_data_pipeline' retrieved from /opt/airflow/dags/driven_data_pipeline.py
[2025-10-18T20:09:40.981+0000] {logging_mixin.py:190} INFO - [2025-10-18T20:09:40.980+0000] {dag.py:3239} INFO - Sync 1 DAGs
[2025-10-18T20:09:40.990+0000] {logging_mixin.py:190} INFO - [2025-10-18T20:09:40.989+0000] {dag.py:4180} INFO - Setting next_dagrun for extract_raw_data_pipeline to 2025-10-18 07:59:00+00:00, run_after=2025-10-19 07:00:00+00:00
[2025-10-18T20:09:40.995+0000] {processor.py:208} INFO - Processing /opt/airflow/dags/driven_data_pipeline.py took 0.104 seconds
[2025-10-18T20:10:11.212+0000] {processor.py:186} INFO - Started process (PID=2894) to work on /opt/airflow/dags/driven_data_pipeline.py
[2025-10-18T20:10:11.213+0000] {processor.py:914} INFO - Processing file /opt/airflow/dags/driven_data_pipeline.py for tasks to queue
[2025-10-18T20:10:11.214+0000] {logging_mixin.py:190} INFO - [2025-10-18T20:10:11.214+0000] {dagbag.py:588} INFO - Filling up the DagBag from /opt/airflow/dags/driven_data_pipeline.py
[2025-10-18T20:10:11.286+0000] {processor.py:925} INFO - DAG(s) 'extract_raw_data_pipeline' retrieved from /opt/airflow/dags/driven_data_pipeline.py
[2025-10-18T20:10:11.296+0000] {logging_mixin.py:190} INFO - [2025-10-18T20:10:11.296+0000] {dag.py:3239} INFO - Sync 1 DAGs
[2025-10-18T20:10:11.304+0000] {logging_mixin.py:190} INFO - [2025-10-18T20:10:11.304+0000] {dag.py:4180} INFO - Setting next_dagrun for extract_raw_data_pipeline to 2025-10-18 07:59:00+00:00, run_after=2025-10-19 07:00:00+00:00
[2025-10-18T20:10:11.311+0000] {processor.py:208} INFO - Processing /opt/airflow/dags/driven_data_pipeline.py took 0.106 seconds
[2025-10-18T20:10:41.609+0000] {processor.py:186} INFO - Started process (PID=2902) to work on /opt/airflow/dags/driven_data_pipeline.py
[2025-10-18T20:10:41.611+0000] {processor.py:914} INFO - Processing file /opt/airflow/dags/driven_data_pipeline.py for tasks to queue
[2025-10-18T20:10:41.612+0000] {logging_mixin.py:190} INFO - [2025-10-18T20:10:41.612+0000] {dagbag.py:588} INFO - Filling up the DagBag from /opt/airflow/dags/driven_data_pipeline.py
[2025-10-18T20:10:41.684+0000] {processor.py:925} INFO - DAG(s) 'extract_raw_data_pipeline' retrieved from /opt/airflow/dags/driven_data_pipeline.py
[2025-10-18T20:10:41.693+0000] {logging_mixin.py:190} INFO - [2025-10-18T20:10:41.693+0000] {dag.py:3239} INFO - Sync 1 DAGs
[2025-10-18T20:10:41.701+0000] {logging_mixin.py:190} INFO - [2025-10-18T20:10:41.701+0000] {dag.py:4180} INFO - Setting next_dagrun for extract_raw_data_pipeline to 2025-10-18 07:59:00+00:00, run_after=2025-10-19 07:00:00+00:00
[2025-10-18T20:10:41.706+0000] {processor.py:208} INFO - Processing /opt/airflow/dags/driven_data_pipeline.py took 0.102 seconds
[2025-10-18T20:11:11.915+0000] {processor.py:186} INFO - Started process (PID=2910) to work on /opt/airflow/dags/driven_data_pipeline.py
[2025-10-18T20:11:11.921+0000] {processor.py:914} INFO - Processing file /opt/airflow/dags/driven_data_pipeline.py for tasks to queue
[2025-10-18T20:11:11.922+0000] {logging_mixin.py:190} INFO - [2025-10-18T20:11:11.921+0000] {dagbag.py:588} INFO - Filling up the DagBag from /opt/airflow/dags/driven_data_pipeline.py
[2025-10-18T20:11:12.003+0000] {processor.py:925} INFO - DAG(s) 'extract_raw_data_pipeline' retrieved from /opt/airflow/dags/driven_data_pipeline.py
[2025-10-18T20:11:12.014+0000] {logging_mixin.py:190} INFO - [2025-10-18T20:11:12.014+0000] {dag.py:3239} INFO - Sync 1 DAGs
[2025-10-18T20:11:12.023+0000] {logging_mixin.py:190} INFO - [2025-10-18T20:11:12.023+0000] {dag.py:4180} INFO - Setting next_dagrun for extract_raw_data_pipeline to 2025-10-18 07:59:00+00:00, run_after=2025-10-19 07:00:00+00:00
[2025-10-18T20:11:12.029+0000] {processor.py:208} INFO - Processing /opt/airflow/dags/driven_data_pipeline.py took 0.119 seconds
[2025-10-18T20:11:42.346+0000] {processor.py:186} INFO - Started process (PID=2918) to work on /opt/airflow/dags/driven_data_pipeline.py
[2025-10-18T20:11:42.348+0000] {processor.py:914} INFO - Processing file /opt/airflow/dags/driven_data_pipeline.py for tasks to queue
[2025-10-18T20:11:42.349+0000] {logging_mixin.py:190} INFO - [2025-10-18T20:11:42.349+0000] {dagbag.py:588} INFO - Filling up the DagBag from /opt/airflow/dags/driven_data_pipeline.py
[2025-10-18T20:11:42.417+0000] {processor.py:925} INFO - DAG(s) 'extract_raw_data_pipeline' retrieved from /opt/airflow/dags/driven_data_pipeline.py
[2025-10-18T20:11:42.427+0000] {logging_mixin.py:190} INFO - [2025-10-18T20:11:42.427+0000] {dag.py:3239} INFO - Sync 1 DAGs
[2025-10-18T20:11:42.435+0000] {logging_mixin.py:190} INFO - [2025-10-18T20:11:42.435+0000] {dag.py:4180} INFO - Setting next_dagrun for extract_raw_data_pipeline to 2025-10-18 07:59:00+00:00, run_after=2025-10-19 07:00:00+00:00
[2025-10-18T20:11:42.440+0000] {processor.py:208} INFO - Processing /opt/airflow/dags/driven_data_pipeline.py took 0.099 seconds
[2025-10-18T20:12:12.727+0000] {processor.py:186} INFO - Started process (PID=2926) to work on /opt/airflow/dags/driven_data_pipeline.py
[2025-10-18T20:12:12.728+0000] {processor.py:914} INFO - Processing file /opt/airflow/dags/driven_data_pipeline.py for tasks to queue
[2025-10-18T20:12:12.729+0000] {logging_mixin.py:190} INFO - [2025-10-18T20:12:12.729+0000] {dagbag.py:588} INFO - Filling up the DagBag from /opt/airflow/dags/driven_data_pipeline.py
[2025-10-18T20:12:12.803+0000] {processor.py:925} INFO - DAG(s) 'extract_raw_data_pipeline' retrieved from /opt/airflow/dags/driven_data_pipeline.py
[2025-10-18T20:12:12.812+0000] {logging_mixin.py:190} INFO - [2025-10-18T20:12:12.812+0000] {dag.py:3239} INFO - Sync 1 DAGs
[2025-10-18T20:12:12.820+0000] {logging_mixin.py:190} INFO - [2025-10-18T20:12:12.820+0000] {dag.py:4180} INFO - Setting next_dagrun for extract_raw_data_pipeline to 2025-10-18 07:59:00+00:00, run_after=2025-10-19 07:00:00+00:00
[2025-10-18T20:12:12.826+0000] {processor.py:208} INFO - Processing /opt/airflow/dags/driven_data_pipeline.py took 0.105 seconds
[2025-10-18T20:12:43.102+0000] {processor.py:186} INFO - Started process (PID=2934) to work on /opt/airflow/dags/driven_data_pipeline.py
[2025-10-18T20:12:43.104+0000] {processor.py:914} INFO - Processing file /opt/airflow/dags/driven_data_pipeline.py for tasks to queue
[2025-10-18T20:12:43.105+0000] {logging_mixin.py:190} INFO - [2025-10-18T20:12:43.105+0000] {dagbag.py:588} INFO - Filling up the DagBag from /opt/airflow/dags/driven_data_pipeline.py
[2025-10-18T20:12:43.175+0000] {processor.py:925} INFO - DAG(s) 'extract_raw_data_pipeline' retrieved from /opt/airflow/dags/driven_data_pipeline.py
[2025-10-18T20:12:43.185+0000] {logging_mixin.py:190} INFO - [2025-10-18T20:12:43.185+0000] {dag.py:3239} INFO - Sync 1 DAGs
[2025-10-18T20:12:43.193+0000] {logging_mixin.py:190} INFO - [2025-10-18T20:12:43.193+0000] {dag.py:4180} INFO - Setting next_dagrun for extract_raw_data_pipeline to 2025-10-18 07:59:00+00:00, run_after=2025-10-19 07:00:00+00:00
[2025-10-18T20:12:43.198+0000] {processor.py:208} INFO - Processing /opt/airflow/dags/driven_data_pipeline.py took 0.101 seconds
[2025-10-18T20:13:13.438+0000] {processor.py:186} INFO - Started process (PID=2942) to work on /opt/airflow/dags/driven_data_pipeline.py
[2025-10-18T20:13:13.439+0000] {processor.py:914} INFO - Processing file /opt/airflow/dags/driven_data_pipeline.py for tasks to queue
[2025-10-18T20:13:13.440+0000] {logging_mixin.py:190} INFO - [2025-10-18T20:13:13.440+0000] {dagbag.py:588} INFO - Filling up the DagBag from /opt/airflow/dags/driven_data_pipeline.py
[2025-10-18T20:13:13.512+0000] {processor.py:925} INFO - DAG(s) 'extract_raw_data_pipeline' retrieved from /opt/airflow/dags/driven_data_pipeline.py
[2025-10-18T20:13:13.521+0000] {logging_mixin.py:190} INFO - [2025-10-18T20:13:13.521+0000] {dag.py:3239} INFO - Sync 1 DAGs
[2025-10-18T20:13:13.529+0000] {logging_mixin.py:190} INFO - [2025-10-18T20:13:13.529+0000] {dag.py:4180} INFO - Setting next_dagrun for extract_raw_data_pipeline to 2025-10-18 07:59:00+00:00, run_after=2025-10-19 07:00:00+00:00
[2025-10-18T20:13:13.535+0000] {processor.py:208} INFO - Processing /opt/airflow/dags/driven_data_pipeline.py took 0.103 seconds
[2025-10-18T20:13:43.846+0000] {processor.py:186} INFO - Started process (PID=2950) to work on /opt/airflow/dags/driven_data_pipeline.py
[2025-10-18T20:13:43.848+0000] {processor.py:914} INFO - Processing file /opt/airflow/dags/driven_data_pipeline.py for tasks to queue
[2025-10-18T20:13:43.849+0000] {logging_mixin.py:190} INFO - [2025-10-18T20:13:43.848+0000] {dagbag.py:588} INFO - Filling up the DagBag from /opt/airflow/dags/driven_data_pipeline.py
[2025-10-18T20:13:43.918+0000] {processor.py:925} INFO - DAG(s) 'extract_raw_data_pipeline' retrieved from /opt/airflow/dags/driven_data_pipeline.py
[2025-10-18T20:13:43.928+0000] {logging_mixin.py:190} INFO - [2025-10-18T20:13:43.928+0000] {dag.py:3239} INFO - Sync 1 DAGs
[2025-10-18T20:13:43.936+0000] {logging_mixin.py:190} INFO - [2025-10-18T20:13:43.935+0000] {dag.py:4180} INFO - Setting next_dagrun for extract_raw_data_pipeline to 2025-10-18 07:59:00+00:00, run_after=2025-10-19 07:00:00+00:00
[2025-10-18T20:13:43.941+0000] {processor.py:208} INFO - Processing /opt/airflow/dags/driven_data_pipeline.py took 0.100 seconds
[2025-10-18T20:14:14.125+0000] {processor.py:186} INFO - Started process (PID=2958) to work on /opt/airflow/dags/driven_data_pipeline.py
[2025-10-18T20:14:14.126+0000] {processor.py:914} INFO - Processing file /opt/airflow/dags/driven_data_pipeline.py for tasks to queue
[2025-10-18T20:14:14.127+0000] {logging_mixin.py:190} INFO - [2025-10-18T20:14:14.126+0000] {dagbag.py:588} INFO - Filling up the DagBag from /opt/airflow/dags/driven_data_pipeline.py
[2025-10-18T20:14:14.193+0000] {processor.py:925} INFO - DAG(s) 'extract_raw_data_pipeline' retrieved from /opt/airflow/dags/driven_data_pipeline.py
[2025-10-18T20:14:14.203+0000] {logging_mixin.py:190} INFO - [2025-10-18T20:14:14.203+0000] {dag.py:3239} INFO - Sync 1 DAGs
[2025-10-18T20:14:14.211+0000] {logging_mixin.py:190} INFO - [2025-10-18T20:14:14.211+0000] {dag.py:4180} INFO - Setting next_dagrun for extract_raw_data_pipeline to 2025-10-18 07:59:00+00:00, run_after=2025-10-19 07:00:00+00:00
[2025-10-18T20:14:14.217+0000] {processor.py:208} INFO - Processing /opt/airflow/dags/driven_data_pipeline.py took 0.097 seconds
[2025-10-18T20:14:44.569+0000] {processor.py:186} INFO - Started process (PID=2966) to work on /opt/airflow/dags/driven_data_pipeline.py
[2025-10-18T20:14:44.571+0000] {processor.py:914} INFO - Processing file /opt/airflow/dags/driven_data_pipeline.py for tasks to queue
[2025-10-18T20:14:44.572+0000] {logging_mixin.py:190} INFO - [2025-10-18T20:14:44.572+0000] {dagbag.py:588} INFO - Filling up the DagBag from /opt/airflow/dags/driven_data_pipeline.py
[2025-10-18T20:14:44.642+0000] {processor.py:925} INFO - DAG(s) 'extract_raw_data_pipeline' retrieved from /opt/airflow/dags/driven_data_pipeline.py
[2025-10-18T20:14:44.652+0000] {logging_mixin.py:190} INFO - [2025-10-18T20:14:44.652+0000] {dag.py:3239} INFO - Sync 1 DAGs
[2025-10-18T20:14:44.660+0000] {logging_mixin.py:190} INFO - [2025-10-18T20:14:44.660+0000] {dag.py:4180} INFO - Setting next_dagrun for extract_raw_data_pipeline to 2025-10-18 07:59:00+00:00, run_after=2025-10-19 07:00:00+00:00
[2025-10-18T20:14:44.665+0000] {processor.py:208} INFO - Processing /opt/airflow/dags/driven_data_pipeline.py took 0.101 seconds
[2025-10-18T20:15:14.897+0000] {processor.py:186} INFO - Started process (PID=2974) to work on /opt/airflow/dags/driven_data_pipeline.py
[2025-10-18T20:15:14.898+0000] {processor.py:914} INFO - Processing file /opt/airflow/dags/driven_data_pipeline.py for tasks to queue
[2025-10-18T20:15:14.899+0000] {logging_mixin.py:190} INFO - [2025-10-18T20:15:14.899+0000] {dagbag.py:588} INFO - Filling up the DagBag from /opt/airflow/dags/driven_data_pipeline.py
[2025-10-18T20:15:14.965+0000] {processor.py:925} INFO - DAG(s) 'extract_raw_data_pipeline' retrieved from /opt/airflow/dags/driven_data_pipeline.py
[2025-10-18T20:15:14.975+0000] {logging_mixin.py:190} INFO - [2025-10-18T20:15:14.975+0000] {dag.py:3239} INFO - Sync 1 DAGs
[2025-10-18T20:15:14.983+0000] {logging_mixin.py:190} INFO - [2025-10-18T20:15:14.983+0000] {dag.py:4180} INFO - Setting next_dagrun for extract_raw_data_pipeline to 2025-10-18 07:59:00+00:00, run_after=2025-10-19 07:00:00+00:00
[2025-10-18T20:15:14.989+0000] {processor.py:208} INFO - Processing /opt/airflow/dags/driven_data_pipeline.py took 0.097 seconds
[2025-10-18T20:15:45.677+0000] {processor.py:186} INFO - Started process (PID=2982) to work on /opt/airflow/dags/driven_data_pipeline.py
[2025-10-18T20:15:45.679+0000] {processor.py:914} INFO - Processing file /opt/airflow/dags/driven_data_pipeline.py for tasks to queue
[2025-10-18T20:15:45.680+0000] {logging_mixin.py:190} INFO - [2025-10-18T20:15:45.679+0000] {dagbag.py:588} INFO - Filling up the DagBag from /opt/airflow/dags/driven_data_pipeline.py
[2025-10-18T20:15:45.750+0000] {processor.py:925} INFO - DAG(s) 'extract_raw_data_pipeline' retrieved from /opt/airflow/dags/driven_data_pipeline.py
[2025-10-18T20:15:45.759+0000] {logging_mixin.py:190} INFO - [2025-10-18T20:15:45.759+0000] {dag.py:3239} INFO - Sync 1 DAGs
[2025-10-18T20:15:45.767+0000] {logging_mixin.py:190} INFO - [2025-10-18T20:15:45.767+0000] {dag.py:4180} INFO - Setting next_dagrun for extract_raw_data_pipeline to 2025-10-18 07:59:00+00:00, run_after=2025-10-19 07:00:00+00:00
[2025-10-18T20:15:45.772+0000] {processor.py:208} INFO - Processing /opt/airflow/dags/driven_data_pipeline.py took 0.099 seconds
[2025-10-18T20:16:16.003+0000] {processor.py:186} INFO - Started process (PID=2990) to work on /opt/airflow/dags/driven_data_pipeline.py
[2025-10-18T20:16:16.004+0000] {processor.py:914} INFO - Processing file /opt/airflow/dags/driven_data_pipeline.py for tasks to queue
[2025-10-18T20:16:16.005+0000] {logging_mixin.py:190} INFO - [2025-10-18T20:16:16.005+0000] {dagbag.py:588} INFO - Filling up the DagBag from /opt/airflow/dags/driven_data_pipeline.py
[2025-10-18T20:16:16.069+0000] {processor.py:925} INFO - DAG(s) 'extract_raw_data_pipeline' retrieved from /opt/airflow/dags/driven_data_pipeline.py
[2025-10-18T20:16:16.079+0000] {logging_mixin.py:190} INFO - [2025-10-18T20:16:16.079+0000] {dag.py:3239} INFO - Sync 1 DAGs
[2025-10-18T20:16:16.086+0000] {logging_mixin.py:190} INFO - [2025-10-18T20:16:16.086+0000] {dag.py:4180} INFO - Setting next_dagrun for extract_raw_data_pipeline to 2025-10-18 07:59:00+00:00, run_after=2025-10-19 07:00:00+00:00
[2025-10-18T20:16:16.092+0000] {processor.py:208} INFO - Processing /opt/airflow/dags/driven_data_pipeline.py took 0.093 seconds
[2025-10-18T20:16:46.837+0000] {processor.py:186} INFO - Started process (PID=2998) to work on /opt/airflow/dags/driven_data_pipeline.py
[2025-10-18T20:16:46.839+0000] {processor.py:914} INFO - Processing file /opt/airflow/dags/driven_data_pipeline.py for tasks to queue
[2025-10-18T20:16:46.839+0000] {logging_mixin.py:190} INFO - [2025-10-18T20:16:46.839+0000] {dagbag.py:588} INFO - Filling up the DagBag from /opt/airflow/dags/driven_data_pipeline.py
[2025-10-18T20:16:46.998+0000] {processor.py:925} INFO - DAG(s) 'extract_raw_data_pipeline' retrieved from /opt/airflow/dags/driven_data_pipeline.py
[2025-10-18T20:16:47.014+0000] {logging_mixin.py:190} INFO - [2025-10-18T20:16:47.014+0000] {dag.py:3239} INFO - Sync 1 DAGs
[2025-10-18T20:16:47.024+0000] {logging_mixin.py:190} INFO - [2025-10-18T20:16:47.024+0000] {dag.py:4180} INFO - Setting next_dagrun for extract_raw_data_pipeline to 2025-10-18 07:59:00+00:00, run_after=2025-10-19 07:00:00+00:00
[2025-10-18T20:16:47.031+0000] {processor.py:208} INFO - Processing /opt/airflow/dags/driven_data_pipeline.py took 0.203 seconds
[2025-10-18T20:17:17.195+0000] {processor.py:186} INFO - Started process (PID=3006) to work on /opt/airflow/dags/driven_data_pipeline.py
[2025-10-18T20:17:17.197+0000] {processor.py:914} INFO - Processing file /opt/airflow/dags/driven_data_pipeline.py for tasks to queue
[2025-10-18T20:17:17.199+0000] {logging_mixin.py:190} INFO - [2025-10-18T20:17:17.198+0000] {dagbag.py:588} INFO - Filling up the DagBag from /opt/airflow/dags/driven_data_pipeline.py
[2025-10-18T20:17:17.286+0000] {processor.py:925} INFO - DAG(s) 'extract_raw_data_pipeline' retrieved from /opt/airflow/dags/driven_data_pipeline.py
[2025-10-18T20:17:17.296+0000] {logging_mixin.py:190} INFO - [2025-10-18T20:17:17.296+0000] {dag.py:3239} INFO - Sync 1 DAGs
[2025-10-18T20:17:17.306+0000] {logging_mixin.py:190} INFO - [2025-10-18T20:17:17.306+0000] {dag.py:4180} INFO - Setting next_dagrun for extract_raw_data_pipeline to 2025-10-18 07:59:00+00:00, run_after=2025-10-19 07:00:00+00:00
[2025-10-18T20:17:17.312+0000] {processor.py:208} INFO - Processing /opt/airflow/dags/driven_data_pipeline.py took 0.125 seconds
[2025-10-18T20:17:47.562+0000] {processor.py:186} INFO - Started process (PID=3014) to work on /opt/airflow/dags/driven_data_pipeline.py
[2025-10-18T20:17:47.564+0000] {processor.py:914} INFO - Processing file /opt/airflow/dags/driven_data_pipeline.py for tasks to queue
[2025-10-18T20:17:47.565+0000] {logging_mixin.py:190} INFO - [2025-10-18T20:17:47.564+0000] {dagbag.py:588} INFO - Filling up the DagBag from /opt/airflow/dags/driven_data_pipeline.py
[2025-10-18T20:17:47.633+0000] {processor.py:925} INFO - DAG(s) 'extract_raw_data_pipeline' retrieved from /opt/airflow/dags/driven_data_pipeline.py
[2025-10-18T20:17:47.643+0000] {logging_mixin.py:190} INFO - [2025-10-18T20:17:47.643+0000] {dag.py:3239} INFO - Sync 1 DAGs
[2025-10-18T20:17:47.651+0000] {logging_mixin.py:190} INFO - [2025-10-18T20:17:47.651+0000] {dag.py:4180} INFO - Setting next_dagrun for extract_raw_data_pipeline to 2025-10-18 07:59:00+00:00, run_after=2025-10-19 07:00:00+00:00
[2025-10-18T20:17:47.656+0000] {processor.py:208} INFO - Processing /opt/airflow/dags/driven_data_pipeline.py took 0.099 seconds
[2025-10-18T20:18:17.829+0000] {processor.py:186} INFO - Started process (PID=3022) to work on /opt/airflow/dags/driven_data_pipeline.py
[2025-10-18T20:18:17.831+0000] {processor.py:914} INFO - Processing file /opt/airflow/dags/driven_data_pipeline.py for tasks to queue
[2025-10-18T20:18:17.831+0000] {logging_mixin.py:190} INFO - [2025-10-18T20:18:17.831+0000] {dagbag.py:588} INFO - Filling up the DagBag from /opt/airflow/dags/driven_data_pipeline.py
[2025-10-18T20:18:17.886+0000] {processor.py:925} INFO - DAG(s) 'extract_raw_data_pipeline' retrieved from /opt/airflow/dags/driven_data_pipeline.py
[2025-10-18T20:18:17.895+0000] {logging_mixin.py:190} INFO - [2025-10-18T20:18:17.895+0000] {dag.py:3239} INFO - Sync 1 DAGs
[2025-10-18T20:18:17.903+0000] {logging_mixin.py:190} INFO - [2025-10-18T20:18:17.903+0000] {dag.py:4180} INFO - Setting next_dagrun for extract_raw_data_pipeline to 2025-10-18 07:59:00+00:00, run_after=2025-10-19 07:00:00+00:00
[2025-10-18T20:18:17.908+0000] {processor.py:208} INFO - Processing /opt/airflow/dags/driven_data_pipeline.py took 0.082 seconds
[2025-10-18T20:18:48.215+0000] {processor.py:186} INFO - Started process (PID=3030) to work on /opt/airflow/dags/driven_data_pipeline.py
[2025-10-18T20:18:48.215+0000] {processor.py:914} INFO - Processing file /opt/airflow/dags/driven_data_pipeline.py for tasks to queue
[2025-10-18T20:18:48.216+0000] {logging_mixin.py:190} INFO - [2025-10-18T20:18:48.216+0000] {dagbag.py:588} INFO - Filling up the DagBag from /opt/airflow/dags/driven_data_pipeline.py
[2025-10-18T20:18:48.274+0000] {processor.py:925} INFO - DAG(s) 'extract_raw_data_pipeline' retrieved from /opt/airflow/dags/driven_data_pipeline.py
[2025-10-18T20:18:48.284+0000] {logging_mixin.py:190} INFO - [2025-10-18T20:18:48.284+0000] {dag.py:3239} INFO - Sync 1 DAGs
[2025-10-18T20:18:48.298+0000] {logging_mixin.py:190} INFO - [2025-10-18T20:18:48.298+0000] {dag.py:4180} INFO - Setting next_dagrun for extract_raw_data_pipeline to 2025-10-18 07:59:00+00:00, run_after=2025-10-19 07:00:00+00:00
[2025-10-18T20:18:48.309+0000] {processor.py:208} INFO - Processing /opt/airflow/dags/driven_data_pipeline.py took 0.096 seconds
[2025-10-18T20:19:18.492+0000] {processor.py:186} INFO - Started process (PID=3038) to work on /opt/airflow/dags/driven_data_pipeline.py
[2025-10-18T20:19:18.494+0000] {processor.py:914} INFO - Processing file /opt/airflow/dags/driven_data_pipeline.py for tasks to queue
[2025-10-18T20:19:18.494+0000] {logging_mixin.py:190} INFO - [2025-10-18T20:19:18.494+0000] {dagbag.py:588} INFO - Filling up the DagBag from /opt/airflow/dags/driven_data_pipeline.py
[2025-10-18T20:19:18.560+0000] {processor.py:925} INFO - DAG(s) 'extract_raw_data_pipeline' retrieved from /opt/airflow/dags/driven_data_pipeline.py
[2025-10-18T20:19:18.570+0000] {logging_mixin.py:190} INFO - [2025-10-18T20:19:18.570+0000] {dag.py:3239} INFO - Sync 1 DAGs
[2025-10-18T20:19:18.579+0000] {logging_mixin.py:190} INFO - [2025-10-18T20:19:18.579+0000] {dag.py:4180} INFO - Setting next_dagrun for extract_raw_data_pipeline to 2025-10-18 07:59:00+00:00, run_after=2025-10-19 07:00:00+00:00
[2025-10-18T20:19:18.584+0000] {processor.py:208} INFO - Processing /opt/airflow/dags/driven_data_pipeline.py took 0.095 seconds
[2025-10-18T20:19:48.850+0000] {processor.py:186} INFO - Started process (PID=3046) to work on /opt/airflow/dags/driven_data_pipeline.py
[2025-10-18T20:19:48.851+0000] {processor.py:914} INFO - Processing file /opt/airflow/dags/driven_data_pipeline.py for tasks to queue
[2025-10-18T20:19:48.852+0000] {logging_mixin.py:190} INFO - [2025-10-18T20:19:48.852+0000] {dagbag.py:588} INFO - Filling up the DagBag from /opt/airflow/dags/driven_data_pipeline.py
[2025-10-18T20:19:48.911+0000] {processor.py:925} INFO - DAG(s) 'extract_raw_data_pipeline' retrieved from /opt/airflow/dags/driven_data_pipeline.py
[2025-10-18T20:19:48.921+0000] {logging_mixin.py:190} INFO - [2025-10-18T20:19:48.921+0000] {dag.py:3239} INFO - Sync 1 DAGs
[2025-10-18T20:19:48.928+0000] {logging_mixin.py:190} INFO - [2025-10-18T20:19:48.928+0000] {dag.py:4180} INFO - Setting next_dagrun for extract_raw_data_pipeline to 2025-10-18 07:59:00+00:00, run_after=2025-10-19 07:00:00+00:00
[2025-10-18T20:19:48.933+0000] {processor.py:208} INFO - Processing /opt/airflow/dags/driven_data_pipeline.py took 0.086 seconds
[2025-10-18T20:20:19.140+0000] {processor.py:186} INFO - Started process (PID=3054) to work on /opt/airflow/dags/driven_data_pipeline.py
[2025-10-18T20:20:19.141+0000] {processor.py:914} INFO - Processing file /opt/airflow/dags/driven_data_pipeline.py for tasks to queue
[2025-10-18T20:20:19.141+0000] {logging_mixin.py:190} INFO - [2025-10-18T20:20:19.141+0000] {dagbag.py:588} INFO - Filling up the DagBag from /opt/airflow/dags/driven_data_pipeline.py
[2025-10-18T20:20:19.200+0000] {processor.py:925} INFO - DAG(s) 'extract_raw_data_pipeline' retrieved from /opt/airflow/dags/driven_data_pipeline.py
[2025-10-18T20:20:19.211+0000] {logging_mixin.py:190} INFO - [2025-10-18T20:20:19.211+0000] {dag.py:3239} INFO - Sync 1 DAGs
[2025-10-18T20:20:19.219+0000] {logging_mixin.py:190} INFO - [2025-10-18T20:20:19.219+0000] {dag.py:4180} INFO - Setting next_dagrun for extract_raw_data_pipeline to 2025-10-18 07:59:00+00:00, run_after=2025-10-19 07:00:00+00:00
[2025-10-18T20:20:19.225+0000] {processor.py:208} INFO - Processing /opt/airflow/dags/driven_data_pipeline.py took 0.088 seconds
[2025-10-18T20:20:49.519+0000] {processor.py:186} INFO - Started process (PID=3062) to work on /opt/airflow/dags/driven_data_pipeline.py
[2025-10-18T20:20:49.521+0000] {processor.py:914} INFO - Processing file /opt/airflow/dags/driven_data_pipeline.py for tasks to queue
[2025-10-18T20:20:49.522+0000] {logging_mixin.py:190} INFO - [2025-10-18T20:20:49.521+0000] {dagbag.py:588} INFO - Filling up the DagBag from /opt/airflow/dags/driven_data_pipeline.py
[2025-10-18T20:20:49.591+0000] {processor.py:925} INFO - DAG(s) 'extract_raw_data_pipeline' retrieved from /opt/airflow/dags/driven_data_pipeline.py
[2025-10-18T20:20:49.600+0000] {logging_mixin.py:190} INFO - [2025-10-18T20:20:49.600+0000] {dag.py:3239} INFO - Sync 1 DAGs
[2025-10-18T20:20:49.608+0000] {logging_mixin.py:190} INFO - [2025-10-18T20:20:49.608+0000] {dag.py:4180} INFO - Setting next_dagrun for extract_raw_data_pipeline to 2025-10-18 07:59:00+00:00, run_after=2025-10-19 07:00:00+00:00
[2025-10-18T20:20:49.613+0000] {processor.py:208} INFO - Processing /opt/airflow/dags/driven_data_pipeline.py took 0.099 seconds
[2025-10-18T20:21:19.848+0000] {processor.py:186} INFO - Started process (PID=3070) to work on /opt/airflow/dags/driven_data_pipeline.py
[2025-10-18T20:21:19.849+0000] {processor.py:914} INFO - Processing file /opt/airflow/dags/driven_data_pipeline.py for tasks to queue
[2025-10-18T20:21:19.850+0000] {logging_mixin.py:190} INFO - [2025-10-18T20:21:19.850+0000] {dagbag.py:588} INFO - Filling up the DagBag from /opt/airflow/dags/driven_data_pipeline.py
[2025-10-18T20:21:19.920+0000] {processor.py:925} INFO - DAG(s) 'extract_raw_data_pipeline' retrieved from /opt/airflow/dags/driven_data_pipeline.py
[2025-10-18T20:21:19.930+0000] {logging_mixin.py:190} INFO - [2025-10-18T20:21:19.930+0000] {dag.py:3239} INFO - Sync 1 DAGs
[2025-10-18T20:21:19.938+0000] {logging_mixin.py:190} INFO - [2025-10-18T20:21:19.938+0000] {dag.py:4180} INFO - Setting next_dagrun for extract_raw_data_pipeline to 2025-10-18 07:59:00+00:00, run_after=2025-10-19 07:00:00+00:00
[2025-10-18T20:21:19.944+0000] {processor.py:208} INFO - Processing /opt/airflow/dags/driven_data_pipeline.py took 0.102 seconds
[2025-10-18T20:21:50.165+0000] {processor.py:186} INFO - Started process (PID=3078) to work on /opt/airflow/dags/driven_data_pipeline.py
[2025-10-18T20:21:50.167+0000] {processor.py:914} INFO - Processing file /opt/airflow/dags/driven_data_pipeline.py for tasks to queue
[2025-10-18T20:21:50.167+0000] {logging_mixin.py:190} INFO - [2025-10-18T20:21:50.167+0000] {dagbag.py:588} INFO - Filling up the DagBag from /opt/airflow/dags/driven_data_pipeline.py
[2025-10-18T20:21:50.238+0000] {processor.py:925} INFO - DAG(s) 'extract_raw_data_pipeline' retrieved from /opt/airflow/dags/driven_data_pipeline.py
[2025-10-18T20:21:50.252+0000] {logging_mixin.py:190} INFO - [2025-10-18T20:21:50.252+0000] {dag.py:3239} INFO - Sync 1 DAGs
[2025-10-18T20:21:50.261+0000] {logging_mixin.py:190} INFO - [2025-10-18T20:21:50.260+0000] {dag.py:4180} INFO - Setting next_dagrun for extract_raw_data_pipeline to 2025-10-18 07:59:00+00:00, run_after=2025-10-19 07:00:00+00:00
[2025-10-18T20:21:50.266+0000] {processor.py:208} INFO - Processing /opt/airflow/dags/driven_data_pipeline.py took 0.106 seconds
[2025-10-18T20:22:20.420+0000] {processor.py:186} INFO - Started process (PID=3086) to work on /opt/airflow/dags/driven_data_pipeline.py
[2025-10-18T20:22:20.422+0000] {processor.py:914} INFO - Processing file /opt/airflow/dags/driven_data_pipeline.py for tasks to queue
[2025-10-18T20:22:20.423+0000] {logging_mixin.py:190} INFO - [2025-10-18T20:22:20.422+0000] {dagbag.py:588} INFO - Filling up the DagBag from /opt/airflow/dags/driven_data_pipeline.py
[2025-10-18T20:22:20.490+0000] {processor.py:925} INFO - DAG(s) 'extract_raw_data_pipeline' retrieved from /opt/airflow/dags/driven_data_pipeline.py
[2025-10-18T20:22:20.500+0000] {logging_mixin.py:190} INFO - [2025-10-18T20:22:20.500+0000] {dag.py:3239} INFO - Sync 1 DAGs
[2025-10-18T20:22:20.507+0000] {logging_mixin.py:190} INFO - [2025-10-18T20:22:20.507+0000] {dag.py:4180} INFO - Setting next_dagrun for extract_raw_data_pipeline to 2025-10-18 07:59:00+00:00, run_after=2025-10-19 07:00:00+00:00
[2025-10-18T20:22:20.513+0000] {processor.py:208} INFO - Processing /opt/airflow/dags/driven_data_pipeline.py took 0.098 seconds
[2025-10-18T20:22:50.852+0000] {processor.py:186} INFO - Started process (PID=3094) to work on /opt/airflow/dags/driven_data_pipeline.py
[2025-10-18T20:22:50.853+0000] {processor.py:914} INFO - Processing file /opt/airflow/dags/driven_data_pipeline.py for tasks to queue
[2025-10-18T20:22:50.854+0000] {logging_mixin.py:190} INFO - [2025-10-18T20:22:50.854+0000] {dagbag.py:588} INFO - Filling up the DagBag from /opt/airflow/dags/driven_data_pipeline.py
[2025-10-18T20:22:50.923+0000] {processor.py:925} INFO - DAG(s) 'extract_raw_data_pipeline' retrieved from /opt/airflow/dags/driven_data_pipeline.py
[2025-10-18T20:22:50.933+0000] {logging_mixin.py:190} INFO - [2025-10-18T20:22:50.933+0000] {dag.py:3239} INFO - Sync 1 DAGs
[2025-10-18T20:22:50.941+0000] {logging_mixin.py:190} INFO - [2025-10-18T20:22:50.941+0000] {dag.py:4180} INFO - Setting next_dagrun for extract_raw_data_pipeline to 2025-10-18 07:59:00+00:00, run_after=2025-10-19 07:00:00+00:00
[2025-10-18T20:22:50.946+0000] {processor.py:208} INFO - Processing /opt/airflow/dags/driven_data_pipeline.py took 0.100 seconds
[2025-10-18T20:23:21.195+0000] {processor.py:186} INFO - Started process (PID=3102) to work on /opt/airflow/dags/driven_data_pipeline.py
[2025-10-18T20:23:21.197+0000] {processor.py:914} INFO - Processing file /opt/airflow/dags/driven_data_pipeline.py for tasks to queue
[2025-10-18T20:23:21.198+0000] {logging_mixin.py:190} INFO - [2025-10-18T20:23:21.198+0000] {dagbag.py:588} INFO - Filling up the DagBag from /opt/airflow/dags/driven_data_pipeline.py
[2025-10-18T20:23:21.270+0000] {processor.py:925} INFO - DAG(s) 'extract_raw_data_pipeline' retrieved from /opt/airflow/dags/driven_data_pipeline.py
[2025-10-18T20:23:21.279+0000] {logging_mixin.py:190} INFO - [2025-10-18T20:23:21.279+0000] {dag.py:3239} INFO - Sync 1 DAGs
[2025-10-18T20:23:21.288+0000] {logging_mixin.py:190} INFO - [2025-10-18T20:23:21.287+0000] {dag.py:4180} INFO - Setting next_dagrun for extract_raw_data_pipeline to 2025-10-18 07:59:00+00:00, run_after=2025-10-19 07:00:00+00:00
[2025-10-18T20:23:21.293+0000] {processor.py:208} INFO - Processing /opt/airflow/dags/driven_data_pipeline.py took 0.103 seconds
[2025-10-18T20:23:51.568+0000] {processor.py:186} INFO - Started process (PID=3110) to work on /opt/airflow/dags/driven_data_pipeline.py
[2025-10-18T20:23:51.569+0000] {processor.py:914} INFO - Processing file /opt/airflow/dags/driven_data_pipeline.py for tasks to queue
[2025-10-18T20:23:51.570+0000] {logging_mixin.py:190} INFO - [2025-10-18T20:23:51.570+0000] {dagbag.py:588} INFO - Filling up the DagBag from /opt/airflow/dags/driven_data_pipeline.py
[2025-10-18T20:23:51.637+0000] {processor.py:925} INFO - DAG(s) 'extract_raw_data_pipeline' retrieved from /opt/airflow/dags/driven_data_pipeline.py
[2025-10-18T20:23:51.647+0000] {logging_mixin.py:190} INFO - [2025-10-18T20:23:51.647+0000] {dag.py:3239} INFO - Sync 1 DAGs
[2025-10-18T20:23:51.655+0000] {logging_mixin.py:190} INFO - [2025-10-18T20:23:51.655+0000] {dag.py:4180} INFO - Setting next_dagrun for extract_raw_data_pipeline to 2025-10-18 07:59:00+00:00, run_after=2025-10-19 07:00:00+00:00
[2025-10-18T20:23:51.660+0000] {processor.py:208} INFO - Processing /opt/airflow/dags/driven_data_pipeline.py took 0.096 seconds
[2025-10-18T20:24:21.898+0000] {processor.py:186} INFO - Started process (PID=3118) to work on /opt/airflow/dags/driven_data_pipeline.py
[2025-10-18T20:24:21.900+0000] {processor.py:914} INFO - Processing file /opt/airflow/dags/driven_data_pipeline.py for tasks to queue
[2025-10-18T20:24:21.901+0000] {logging_mixin.py:190} INFO - [2025-10-18T20:24:21.900+0000] {dagbag.py:588} INFO - Filling up the DagBag from /opt/airflow/dags/driven_data_pipeline.py
[2025-10-18T20:24:21.973+0000] {processor.py:925} INFO - DAG(s) 'extract_raw_data_pipeline' retrieved from /opt/airflow/dags/driven_data_pipeline.py
[2025-10-18T20:24:21.982+0000] {logging_mixin.py:190} INFO - [2025-10-18T20:24:21.982+0000] {dag.py:3239} INFO - Sync 1 DAGs
[2025-10-18T20:24:21.990+0000] {logging_mixin.py:190} INFO - [2025-10-18T20:24:21.990+0000] {dag.py:4180} INFO - Setting next_dagrun for extract_raw_data_pipeline to 2025-10-18 07:59:00+00:00, run_after=2025-10-19 07:00:00+00:00
[2025-10-18T20:24:21.996+0000] {processor.py:208} INFO - Processing /opt/airflow/dags/driven_data_pipeline.py took 0.104 seconds
[2025-10-18T20:24:52.232+0000] {processor.py:186} INFO - Started process (PID=3126) to work on /opt/airflow/dags/driven_data_pipeline.py
[2025-10-18T20:24:52.234+0000] {processor.py:914} INFO - Processing file /opt/airflow/dags/driven_data_pipeline.py for tasks to queue
[2025-10-18T20:24:52.235+0000] {logging_mixin.py:190} INFO - [2025-10-18T20:24:52.235+0000] {dagbag.py:588} INFO - Filling up the DagBag from /opt/airflow/dags/driven_data_pipeline.py
[2025-10-18T20:24:52.315+0000] {processor.py:925} INFO - DAG(s) 'extract_raw_data_pipeline' retrieved from /opt/airflow/dags/driven_data_pipeline.py
[2025-10-18T20:24:52.327+0000] {logging_mixin.py:190} INFO - [2025-10-18T20:24:52.327+0000] {dag.py:3239} INFO - Sync 1 DAGs
[2025-10-18T20:24:52.335+0000] {logging_mixin.py:190} INFO - [2025-10-18T20:24:52.335+0000] {dag.py:4180} INFO - Setting next_dagrun for extract_raw_data_pipeline to 2025-10-18 07:59:00+00:00, run_after=2025-10-19 07:00:00+00:00
[2025-10-18T20:24:52.340+0000] {processor.py:208} INFO - Processing /opt/airflow/dags/driven_data_pipeline.py took 0.115 seconds
[2025-10-18T20:25:22.596+0000] {processor.py:186} INFO - Started process (PID=3134) to work on /opt/airflow/dags/driven_data_pipeline.py
[2025-10-18T20:25:22.598+0000] {processor.py:914} INFO - Processing file /opt/airflow/dags/driven_data_pipeline.py for tasks to queue
[2025-10-18T20:25:22.599+0000] {logging_mixin.py:190} INFO - [2025-10-18T20:25:22.599+0000] {dagbag.py:588} INFO - Filling up the DagBag from /opt/airflow/dags/driven_data_pipeline.py
[2025-10-18T20:25:22.674+0000] {processor.py:925} INFO - DAG(s) 'extract_raw_data_pipeline' retrieved from /opt/airflow/dags/driven_data_pipeline.py
[2025-10-18T20:25:22.684+0000] {logging_mixin.py:190} INFO - [2025-10-18T20:25:22.684+0000] {dag.py:3239} INFO - Sync 1 DAGs
[2025-10-18T20:25:22.693+0000] {logging_mixin.py:190} INFO - [2025-10-18T20:25:22.693+0000] {dag.py:4180} INFO - Setting next_dagrun for extract_raw_data_pipeline to 2025-10-18 07:59:00+00:00, run_after=2025-10-19 07:00:00+00:00
[2025-10-18T20:25:22.698+0000] {processor.py:208} INFO - Processing /opt/airflow/dags/driven_data_pipeline.py took 0.108 seconds
[2025-10-18T20:25:52.926+0000] {processor.py:186} INFO - Started process (PID=3142) to work on /opt/airflow/dags/driven_data_pipeline.py
[2025-10-18T20:25:52.928+0000] {processor.py:914} INFO - Processing file /opt/airflow/dags/driven_data_pipeline.py for tasks to queue
[2025-10-18T20:25:52.929+0000] {logging_mixin.py:190} INFO - [2025-10-18T20:25:52.929+0000] {dagbag.py:588} INFO - Filling up the DagBag from /opt/airflow/dags/driven_data_pipeline.py
[2025-10-18T20:25:53.006+0000] {processor.py:925} INFO - DAG(s) 'extract_raw_data_pipeline' retrieved from /opt/airflow/dags/driven_data_pipeline.py
[2025-10-18T20:25:53.017+0000] {logging_mixin.py:190} INFO - [2025-10-18T20:25:53.017+0000] {dag.py:3239} INFO - Sync 1 DAGs
[2025-10-18T20:25:53.025+0000] {logging_mixin.py:190} INFO - [2025-10-18T20:25:53.025+0000] {dag.py:4180} INFO - Setting next_dagrun for extract_raw_data_pipeline to 2025-10-18 07:59:00+00:00, run_after=2025-10-19 07:00:00+00:00
[2025-10-18T20:25:53.031+0000] {processor.py:208} INFO - Processing /opt/airflow/dags/driven_data_pipeline.py took 0.111 seconds
[2025-10-18T20:26:23.370+0000] {processor.py:186} INFO - Started process (PID=3150) to work on /opt/airflow/dags/driven_data_pipeline.py
[2025-10-18T20:26:23.371+0000] {processor.py:914} INFO - Processing file /opt/airflow/dags/driven_data_pipeline.py for tasks to queue
[2025-10-18T20:26:23.372+0000] {logging_mixin.py:190} INFO - [2025-10-18T20:26:23.372+0000] {dagbag.py:588} INFO - Filling up the DagBag from /opt/airflow/dags/driven_data_pipeline.py
[2025-10-18T20:26:23.446+0000] {processor.py:925} INFO - DAG(s) 'extract_raw_data_pipeline' retrieved from /opt/airflow/dags/driven_data_pipeline.py
[2025-10-18T20:26:23.456+0000] {logging_mixin.py:190} INFO - [2025-10-18T20:26:23.455+0000] {dag.py:3239} INFO - Sync 1 DAGs
[2025-10-18T20:26:23.463+0000] {logging_mixin.py:190} INFO - [2025-10-18T20:26:23.463+0000] {dag.py:4180} INFO - Setting next_dagrun for extract_raw_data_pipeline to 2025-10-18 07:59:00+00:00, run_after=2025-10-19 07:00:00+00:00
[2025-10-18T20:26:23.469+0000] {processor.py:208} INFO - Processing /opt/airflow/dags/driven_data_pipeline.py took 0.105 seconds
[2025-10-18T20:26:53.715+0000] {processor.py:186} INFO - Started process (PID=3158) to work on /opt/airflow/dags/driven_data_pipeline.py
[2025-10-18T20:26:53.716+0000] {processor.py:914} INFO - Processing file /opt/airflow/dags/driven_data_pipeline.py for tasks to queue
[2025-10-18T20:26:53.717+0000] {logging_mixin.py:190} INFO - [2025-10-18T20:26:53.717+0000] {dagbag.py:588} INFO - Filling up the DagBag from /opt/airflow/dags/driven_data_pipeline.py
[2025-10-18T20:26:53.789+0000] {processor.py:925} INFO - DAG(s) 'extract_raw_data_pipeline' retrieved from /opt/airflow/dags/driven_data_pipeline.py
[2025-10-18T20:26:53.798+0000] {logging_mixin.py:190} INFO - [2025-10-18T20:26:53.798+0000] {dag.py:3239} INFO - Sync 1 DAGs
[2025-10-18T20:26:53.805+0000] {logging_mixin.py:190} INFO - [2025-10-18T20:26:53.805+0000] {dag.py:4180} INFO - Setting next_dagrun for extract_raw_data_pipeline to 2025-10-18 07:59:00+00:00, run_after=2025-10-19 07:00:00+00:00
[2025-10-18T20:26:53.811+0000] {processor.py:208} INFO - Processing /opt/airflow/dags/driven_data_pipeline.py took 0.101 seconds
[2025-10-18T20:27:24.133+0000] {processor.py:186} INFO - Started process (PID=3166) to work on /opt/airflow/dags/driven_data_pipeline.py
[2025-10-18T20:27:24.135+0000] {processor.py:914} INFO - Processing file /opt/airflow/dags/driven_data_pipeline.py for tasks to queue
[2025-10-18T20:27:24.136+0000] {logging_mixin.py:190} INFO - [2025-10-18T20:27:24.135+0000] {dagbag.py:588} INFO - Filling up the DagBag from /opt/airflow/dags/driven_data_pipeline.py
[2025-10-18T20:27:24.209+0000] {processor.py:925} INFO - DAG(s) 'extract_raw_data_pipeline' retrieved from /opt/airflow/dags/driven_data_pipeline.py
[2025-10-18T20:27:24.219+0000] {logging_mixin.py:190} INFO - [2025-10-18T20:27:24.219+0000] {dag.py:3239} INFO - Sync 1 DAGs
[2025-10-18T20:27:24.228+0000] {logging_mixin.py:190} INFO - [2025-10-18T20:27:24.228+0000] {dag.py:4180} INFO - Setting next_dagrun for extract_raw_data_pipeline to 2025-10-18 07:59:00+00:00, run_after=2025-10-19 07:00:00+00:00
[2025-10-18T20:27:24.234+0000] {processor.py:208} INFO - Processing /opt/airflow/dags/driven_data_pipeline.py took 0.107 seconds
[2025-10-18T20:27:54.474+0000] {processor.py:186} INFO - Started process (PID=3174) to work on /opt/airflow/dags/driven_data_pipeline.py
[2025-10-18T20:27:54.475+0000] {processor.py:914} INFO - Processing file /opt/airflow/dags/driven_data_pipeline.py for tasks to queue
[2025-10-18T20:27:54.476+0000] {logging_mixin.py:190} INFO - [2025-10-18T20:27:54.476+0000] {dagbag.py:588} INFO - Filling up the DagBag from /opt/airflow/dags/driven_data_pipeline.py
[2025-10-18T20:27:54.547+0000] {processor.py:925} INFO - DAG(s) 'extract_raw_data_pipeline' retrieved from /opt/airflow/dags/driven_data_pipeline.py
[2025-10-18T20:27:54.558+0000] {logging_mixin.py:190} INFO - [2025-10-18T20:27:54.558+0000] {dag.py:3239} INFO - Sync 1 DAGs
[2025-10-18T20:27:54.566+0000] {logging_mixin.py:190} INFO - [2025-10-18T20:27:54.566+0000] {dag.py:4180} INFO - Setting next_dagrun for extract_raw_data_pipeline to 2025-10-18 07:59:00+00:00, run_after=2025-10-19 07:00:00+00:00
[2025-10-18T20:27:54.571+0000] {processor.py:208} INFO - Processing /opt/airflow/dags/driven_data_pipeline.py took 0.103 seconds
[2025-10-18T20:28:24.925+0000] {processor.py:186} INFO - Started process (PID=3182) to work on /opt/airflow/dags/driven_data_pipeline.py
[2025-10-18T20:28:24.927+0000] {processor.py:914} INFO - Processing file /opt/airflow/dags/driven_data_pipeline.py for tasks to queue
[2025-10-18T20:28:24.928+0000] {logging_mixin.py:190} INFO - [2025-10-18T20:28:24.927+0000] {dagbag.py:588} INFO - Filling up the DagBag from /opt/airflow/dags/driven_data_pipeline.py
[2025-10-18T20:28:24.998+0000] {processor.py:925} INFO - DAG(s) 'extract_raw_data_pipeline' retrieved from /opt/airflow/dags/driven_data_pipeline.py
[2025-10-18T20:28:25.008+0000] {logging_mixin.py:190} INFO - [2025-10-18T20:28:25.007+0000] {dag.py:3239} INFO - Sync 1 DAGs
[2025-10-18T20:28:25.015+0000] {logging_mixin.py:190} INFO - [2025-10-18T20:28:25.015+0000] {dag.py:4180} INFO - Setting next_dagrun for extract_raw_data_pipeline to 2025-10-18 07:59:00+00:00, run_after=2025-10-19 07:00:00+00:00
[2025-10-18T20:28:25.020+0000] {processor.py:208} INFO - Processing /opt/airflow/dags/driven_data_pipeline.py took 0.101 seconds
[2025-10-18T20:32:41.482+0000] {processor.py:186} INFO - Started process (PID=3184) to work on /opt/airflow/dags/driven_data_pipeline.py
[2025-10-18T20:32:41.483+0000] {processor.py:914} INFO - Processing file /opt/airflow/dags/driven_data_pipeline.py for tasks to queue
[2025-10-18T20:32:41.483+0000] {logging_mixin.py:190} INFO - [2025-10-18T20:32:41.483+0000] {dagbag.py:588} INFO - Filling up the DagBag from /opt/airflow/dags/driven_data_pipeline.py
[2025-10-18T20:32:41.545+0000] {processor.py:925} INFO - DAG(s) 'extract_raw_data_pipeline' retrieved from /opt/airflow/dags/driven_data_pipeline.py
[2025-10-18T20:32:41.555+0000] {logging_mixin.py:190} INFO - [2025-10-18T20:32:41.555+0000] {dag.py:3239} INFO - Sync 1 DAGs
[2025-10-18T20:32:41.563+0000] {logging_mixin.py:190} INFO - [2025-10-18T20:32:41.563+0000] {dag.py:4180} INFO - Setting next_dagrun for extract_raw_data_pipeline to 2025-10-18 07:59:00+00:00, run_after=2025-10-19 07:00:00+00:00
[2025-10-18T20:32:41.569+0000] {processor.py:208} INFO - Processing /opt/airflow/dags/driven_data_pipeline.py took 0.090 seconds
[2025-10-18T20:33:11.834+0000] {processor.py:186} INFO - Started process (PID=3192) to work on /opt/airflow/dags/driven_data_pipeline.py
[2025-10-18T20:33:11.835+0000] {processor.py:914} INFO - Processing file /opt/airflow/dags/driven_data_pipeline.py for tasks to queue
[2025-10-18T20:33:11.836+0000] {logging_mixin.py:190} INFO - [2025-10-18T20:33:11.835+0000] {dagbag.py:588} INFO - Filling up the DagBag from /opt/airflow/dags/driven_data_pipeline.py
[2025-10-18T20:33:11.893+0000] {processor.py:925} INFO - DAG(s) 'extract_raw_data_pipeline' retrieved from /opt/airflow/dags/driven_data_pipeline.py
[2025-10-18T20:33:11.903+0000] {logging_mixin.py:190} INFO - [2025-10-18T20:33:11.903+0000] {dag.py:3239} INFO - Sync 1 DAGs
[2025-10-18T20:33:11.912+0000] {logging_mixin.py:190} INFO - [2025-10-18T20:33:11.911+0000] {dag.py:4180} INFO - Setting next_dagrun for extract_raw_data_pipeline to 2025-10-18 07:59:00+00:00, run_after=2025-10-19 07:00:00+00:00
[2025-10-18T20:33:11.917+0000] {processor.py:208} INFO - Processing /opt/airflow/dags/driven_data_pipeline.py took 0.085 seconds
[2025-10-18T20:34:15.673+0000] {processor.py:186} INFO - Started process (PID=3200) to work on /opt/airflow/dags/driven_data_pipeline.py
[2025-10-18T20:34:15.675+0000] {processor.py:914} INFO - Processing file /opt/airflow/dags/driven_data_pipeline.py for tasks to queue
[2025-10-18T20:34:15.676+0000] {logging_mixin.py:190} INFO - [2025-10-18T20:34:15.675+0000] {dagbag.py:588} INFO - Filling up the DagBag from /opt/airflow/dags/driven_data_pipeline.py
[2025-10-18T20:34:15.746+0000] {processor.py:925} INFO - DAG(s) 'extract_raw_data_pipeline' retrieved from /opt/airflow/dags/driven_data_pipeline.py
[2025-10-18T20:34:15.755+0000] {logging_mixin.py:190} INFO - [2025-10-18T20:34:15.755+0000] {dag.py:3239} INFO - Sync 1 DAGs
[2025-10-18T20:34:15.764+0000] {logging_mixin.py:190} INFO - [2025-10-18T20:34:15.764+0000] {dag.py:4180} INFO - Setting next_dagrun for extract_raw_data_pipeline to 2025-10-18 07:59:00+00:00, run_after=2025-10-19 07:00:00+00:00
[2025-10-18T20:34:15.769+0000] {processor.py:208} INFO - Processing /opt/airflow/dags/driven_data_pipeline.py took 0.102 seconds
[2025-10-18T20:49:43.312+0000] {processor.py:186} INFO - Started process (PID=3207) to work on /opt/airflow/dags/driven_data_pipeline.py
[2025-10-18T20:49:43.314+0000] {processor.py:914} INFO - Processing file /opt/airflow/dags/driven_data_pipeline.py for tasks to queue
[2025-10-18T20:49:43.315+0000] {logging_mixin.py:190} INFO - [2025-10-18T20:49:43.314+0000] {dagbag.py:588} INFO - Filling up the DagBag from /opt/airflow/dags/driven_data_pipeline.py
[2025-10-18T20:49:43.383+0000] {processor.py:925} INFO - DAG(s) 'extract_raw_data_pipeline' retrieved from /opt/airflow/dags/driven_data_pipeline.py
[2025-10-18T20:49:43.393+0000] {logging_mixin.py:190} INFO - [2025-10-18T20:49:43.393+0000] {dag.py:3239} INFO - Sync 1 DAGs
[2025-10-18T20:49:43.401+0000] {logging_mixin.py:190} INFO - [2025-10-18T20:49:43.401+0000] {dag.py:4180} INFO - Setting next_dagrun for extract_raw_data_pipeline to 2025-10-18 07:59:00+00:00, run_after=2025-10-19 07:00:00+00:00
[2025-10-18T20:49:43.406+0000] {processor.py:208} INFO - Processing /opt/airflow/dags/driven_data_pipeline.py took 0.099 seconds
[2025-10-18T20:50:13.702+0000] {processor.py:186} INFO - Started process (PID=3215) to work on /opt/airflow/dags/driven_data_pipeline.py
[2025-10-18T20:50:13.704+0000] {processor.py:914} INFO - Processing file /opt/airflow/dags/driven_data_pipeline.py for tasks to queue
[2025-10-18T20:50:13.704+0000] {logging_mixin.py:190} INFO - [2025-10-18T20:50:13.704+0000] {dagbag.py:588} INFO - Filling up the DagBag from /opt/airflow/dags/driven_data_pipeline.py
[2025-10-18T20:50:13.769+0000] {processor.py:925} INFO - DAG(s) 'extract_raw_data_pipeline' retrieved from /opt/airflow/dags/driven_data_pipeline.py
[2025-10-18T20:50:13.779+0000] {logging_mixin.py:190} INFO - [2025-10-18T20:50:13.779+0000] {dag.py:3239} INFO - Sync 1 DAGs
[2025-10-18T20:50:13.786+0000] {logging_mixin.py:190} INFO - [2025-10-18T20:50:13.786+0000] {dag.py:4180} INFO - Setting next_dagrun for extract_raw_data_pipeline to 2025-10-18 07:59:00+00:00, run_after=2025-10-19 07:00:00+00:00
[2025-10-18T20:50:13.792+0000] {processor.py:208} INFO - Processing /opt/airflow/dags/driven_data_pipeline.py took 0.094 seconds
[2025-10-18T20:50:44.246+0000] {processor.py:186} INFO - Started process (PID=3223) to work on /opt/airflow/dags/driven_data_pipeline.py
[2025-10-18T20:50:44.247+0000] {processor.py:914} INFO - Processing file /opt/airflow/dags/driven_data_pipeline.py for tasks to queue
[2025-10-18T20:50:44.247+0000] {logging_mixin.py:190} INFO - [2025-10-18T20:50:44.247+0000] {dagbag.py:588} INFO - Filling up the DagBag from /opt/airflow/dags/driven_data_pipeline.py
[2025-10-18T20:50:44.306+0000] {processor.py:925} INFO - DAG(s) 'extract_raw_data_pipeline' retrieved from /opt/airflow/dags/driven_data_pipeline.py
[2025-10-18T20:50:44.315+0000] {logging_mixin.py:190} INFO - [2025-10-18T20:50:44.315+0000] {dag.py:3239} INFO - Sync 1 DAGs
[2025-10-18T20:50:44.324+0000] {logging_mixin.py:190} INFO - [2025-10-18T20:50:44.324+0000] {dag.py:4180} INFO - Setting next_dagrun for extract_raw_data_pipeline to 2025-10-18 07:59:00+00:00, run_after=2025-10-19 07:00:00+00:00
[2025-10-18T20:50:44.329+0000] {processor.py:208} INFO - Processing /opt/airflow/dags/driven_data_pipeline.py took 0.086 seconds
[2025-10-18T21:06:11.346+0000] {processor.py:186} INFO - Started process (PID=3231) to work on /opt/airflow/dags/driven_data_pipeline.py
[2025-10-18T21:06:11.347+0000] {processor.py:914} INFO - Processing file /opt/airflow/dags/driven_data_pipeline.py for tasks to queue
[2025-10-18T21:06:11.347+0000] {logging_mixin.py:190} INFO - [2025-10-18T21:06:11.347+0000] {dagbag.py:588} INFO - Filling up the DagBag from /opt/airflow/dags/driven_data_pipeline.py
[2025-10-18T21:06:11.403+0000] {processor.py:925} INFO - DAG(s) 'extract_raw_data_pipeline' retrieved from /opt/airflow/dags/driven_data_pipeline.py
[2025-10-18T21:06:11.412+0000] {logging_mixin.py:190} INFO - [2025-10-18T21:06:11.412+0000] {dag.py:3239} INFO - Sync 1 DAGs
[2025-10-18T21:06:11.420+0000] {logging_mixin.py:190} INFO - [2025-10-18T21:06:11.420+0000] {dag.py:4180} INFO - Setting next_dagrun for extract_raw_data_pipeline to 2025-10-18 07:59:00+00:00, run_after=2025-10-19 07:00:00+00:00
[2025-10-18T21:06:11.426+0000] {processor.py:208} INFO - Processing /opt/airflow/dags/driven_data_pipeline.py took 0.083 seconds
[2025-10-18T21:06:41.672+0000] {processor.py:186} INFO - Started process (PID=3239) to work on /opt/airflow/dags/driven_data_pipeline.py
[2025-10-18T21:06:41.675+0000] {processor.py:914} INFO - Processing file /opt/airflow/dags/driven_data_pipeline.py for tasks to queue
[2025-10-18T21:06:41.676+0000] {logging_mixin.py:190} INFO - [2025-10-18T21:06:41.675+0000] {dagbag.py:588} INFO - Filling up the DagBag from /opt/airflow/dags/driven_data_pipeline.py
[2025-10-18T21:06:41.746+0000] {processor.py:925} INFO - DAG(s) 'extract_raw_data_pipeline' retrieved from /opt/airflow/dags/driven_data_pipeline.py
[2025-10-18T21:06:41.755+0000] {logging_mixin.py:190} INFO - [2025-10-18T21:06:41.755+0000] {dag.py:3239} INFO - Sync 1 DAGs
[2025-10-18T21:06:41.763+0000] {logging_mixin.py:190} INFO - [2025-10-18T21:06:41.763+0000] {dag.py:4180} INFO - Setting next_dagrun for extract_raw_data_pipeline to 2025-10-18 07:59:00+00:00, run_after=2025-10-19 07:00:00+00:00
[2025-10-18T21:06:41.769+0000] {processor.py:208} INFO - Processing /opt/airflow/dags/driven_data_pipeline.py took 0.103 seconds
[2025-10-18T21:07:12.056+0000] {processor.py:186} INFO - Started process (PID=3247) to work on /opt/airflow/dags/driven_data_pipeline.py
[2025-10-18T21:07:12.058+0000] {processor.py:914} INFO - Processing file /opt/airflow/dags/driven_data_pipeline.py for tasks to queue
[2025-10-18T21:07:12.059+0000] {logging_mixin.py:190} INFO - [2025-10-18T21:07:12.059+0000] {dagbag.py:588} INFO - Filling up the DagBag from /opt/airflow/dags/driven_data_pipeline.py
[2025-10-18T21:07:12.129+0000] {processor.py:925} INFO - DAG(s) 'extract_raw_data_pipeline' retrieved from /opt/airflow/dags/driven_data_pipeline.py
[2025-10-18T21:07:12.138+0000] {logging_mixin.py:190} INFO - [2025-10-18T21:07:12.138+0000] {dag.py:3239} INFO - Sync 1 DAGs
[2025-10-18T21:07:12.146+0000] {logging_mixin.py:190} INFO - [2025-10-18T21:07:12.146+0000] {dag.py:4180} INFO - Setting next_dagrun for extract_raw_data_pipeline to 2025-10-18 07:59:00+00:00, run_after=2025-10-19 07:00:00+00:00
[2025-10-18T21:07:12.151+0000] {processor.py:208} INFO - Processing /opt/airflow/dags/driven_data_pipeline.py took 0.101 seconds
[2025-10-18T21:22:39.614+0000] {processor.py:186} INFO - Started process (PID=3255) to work on /opt/airflow/dags/driven_data_pipeline.py
[2025-10-18T21:22:39.615+0000] {processor.py:914} INFO - Processing file /opt/airflow/dags/driven_data_pipeline.py for tasks to queue
[2025-10-18T21:22:39.616+0000] {logging_mixin.py:190} INFO - [2025-10-18T21:22:39.616+0000] {dagbag.py:588} INFO - Filling up the DagBag from /opt/airflow/dags/driven_data_pipeline.py
[2025-10-18T21:22:39.684+0000] {processor.py:925} INFO - DAG(s) 'extract_raw_data_pipeline' retrieved from /opt/airflow/dags/driven_data_pipeline.py
[2025-10-18T21:22:39.695+0000] {logging_mixin.py:190} INFO - [2025-10-18T21:22:39.694+0000] {dag.py:3239} INFO - Sync 1 DAGs
[2025-10-18T21:22:39.704+0000] {logging_mixin.py:190} INFO - [2025-10-18T21:22:39.704+0000] {dag.py:4180} INFO - Setting next_dagrun for extract_raw_data_pipeline to 2025-10-18 07:59:00+00:00, run_after=2025-10-19 07:00:00+00:00
[2025-10-18T21:22:39.710+0000] {processor.py:208} INFO - Processing /opt/airflow/dags/driven_data_pipeline.py took 0.101 seconds
[2025-10-18T21:23:09.952+0000] {processor.py:186} INFO - Started process (PID=3263) to work on /opt/airflow/dags/driven_data_pipeline.py
[2025-10-18T21:23:09.954+0000] {processor.py:914} INFO - Processing file /opt/airflow/dags/driven_data_pipeline.py for tasks to queue
[2025-10-18T21:23:09.955+0000] {logging_mixin.py:190} INFO - [2025-10-18T21:23:09.954+0000] {dagbag.py:588} INFO - Filling up the DagBag from /opt/airflow/dags/driven_data_pipeline.py
[2025-10-18T21:23:10.027+0000] {processor.py:925} INFO - DAG(s) 'extract_raw_data_pipeline' retrieved from /opt/airflow/dags/driven_data_pipeline.py
[2025-10-18T21:23:10.036+0000] {logging_mixin.py:190} INFO - [2025-10-18T21:23:10.036+0000] {dag.py:3239} INFO - Sync 1 DAGs
[2025-10-18T21:23:10.044+0000] {logging_mixin.py:190} INFO - [2025-10-18T21:23:10.044+0000] {dag.py:4180} INFO - Setting next_dagrun for extract_raw_data_pipeline to 2025-10-18 07:59:00+00:00, run_after=2025-10-19 07:00:00+00:00
[2025-10-18T21:23:10.050+0000] {processor.py:208} INFO - Processing /opt/airflow/dags/driven_data_pipeline.py took 0.104 seconds
[2025-10-18T21:27:42.975+0000] {processor.py:186} INFO - Started process (PID=3271) to work on /opt/airflow/dags/driven_data_pipeline.py
[2025-10-18T21:27:42.976+0000] {processor.py:914} INFO - Processing file /opt/airflow/dags/driven_data_pipeline.py for tasks to queue
[2025-10-18T21:27:42.977+0000] {logging_mixin.py:190} INFO - [2025-10-18T21:27:42.977+0000] {dagbag.py:588} INFO - Filling up the DagBag from /opt/airflow/dags/driven_data_pipeline.py
[2025-10-18T21:27:43.044+0000] {processor.py:925} INFO - DAG(s) 'extract_raw_data_pipeline' retrieved from /opt/airflow/dags/driven_data_pipeline.py
[2025-10-18T21:27:43.054+0000] {logging_mixin.py:190} INFO - [2025-10-18T21:27:43.053+0000] {dag.py:3239} INFO - Sync 1 DAGs
[2025-10-18T21:27:43.063+0000] {logging_mixin.py:190} INFO - [2025-10-18T21:27:43.063+0000] {dag.py:4180} INFO - Setting next_dagrun for extract_raw_data_pipeline to 2025-10-18 07:59:00+00:00, run_after=2025-10-19 07:00:00+00:00
[2025-10-18T21:27:43.069+0000] {processor.py:208} INFO - Processing /opt/airflow/dags/driven_data_pipeline.py took 0.098 seconds
[2025-10-18T21:28:13.274+0000] {processor.py:186} INFO - Started process (PID=3279) to work on /opt/airflow/dags/driven_data_pipeline.py
[2025-10-18T21:28:13.277+0000] {processor.py:914} INFO - Processing file /opt/airflow/dags/driven_data_pipeline.py for tasks to queue
[2025-10-18T21:28:13.278+0000] {logging_mixin.py:190} INFO - [2025-10-18T21:28:13.278+0000] {dagbag.py:588} INFO - Filling up the DagBag from /opt/airflow/dags/driven_data_pipeline.py
[2025-10-18T21:28:13.353+0000] {processor.py:925} INFO - DAG(s) 'extract_raw_data_pipeline' retrieved from /opt/airflow/dags/driven_data_pipeline.py
[2025-10-18T21:28:13.363+0000] {logging_mixin.py:190} INFO - [2025-10-18T21:28:13.363+0000] {dag.py:3239} INFO - Sync 1 DAGs
[2025-10-18T21:28:13.372+0000] {logging_mixin.py:190} INFO - [2025-10-18T21:28:13.372+0000] {dag.py:4180} INFO - Setting next_dagrun for extract_raw_data_pipeline to 2025-10-18 07:59:00+00:00, run_after=2025-10-19 07:00:00+00:00
[2025-10-18T21:28:13.380+0000] {processor.py:208} INFO - Processing /opt/airflow/dags/driven_data_pipeline.py took 0.111 seconds
[2025-10-18T21:43:39.967+0000] {processor.py:186} INFO - Started process (PID=3287) to work on /opt/airflow/dags/driven_data_pipeline.py
[2025-10-18T21:43:39.969+0000] {processor.py:914} INFO - Processing file /opt/airflow/dags/driven_data_pipeline.py for tasks to queue
[2025-10-18T21:43:39.970+0000] {logging_mixin.py:190} INFO - [2025-10-18T21:43:39.969+0000] {dagbag.py:588} INFO - Filling up the DagBag from /opt/airflow/dags/driven_data_pipeline.py
[2025-10-18T21:43:40.037+0000] {processor.py:925} INFO - DAG(s) 'extract_raw_data_pipeline' retrieved from /opt/airflow/dags/driven_data_pipeline.py
[2025-10-18T21:43:40.046+0000] {logging_mixin.py:190} INFO - [2025-10-18T21:43:40.046+0000] {dag.py:3239} INFO - Sync 1 DAGs
[2025-10-18T21:43:40.055+0000] {logging_mixin.py:190} INFO - [2025-10-18T21:43:40.054+0000] {dag.py:4180} INFO - Setting next_dagrun for extract_raw_data_pipeline to 2025-10-18 07:59:00+00:00, run_after=2025-10-19 07:00:00+00:00
[2025-10-18T21:43:40.060+0000] {processor.py:208} INFO - Processing /opt/airflow/dags/driven_data_pipeline.py took 0.097 seconds
[2025-10-18T21:44:10.351+0000] {processor.py:186} INFO - Started process (PID=3295) to work on /opt/airflow/dags/driven_data_pipeline.py
[2025-10-18T21:44:10.354+0000] {processor.py:914} INFO - Processing file /opt/airflow/dags/driven_data_pipeline.py for tasks to queue
[2025-10-18T21:44:10.355+0000] {logging_mixin.py:190} INFO - [2025-10-18T21:44:10.354+0000] {dagbag.py:588} INFO - Filling up the DagBag from /opt/airflow/dags/driven_data_pipeline.py
[2025-10-18T21:44:10.423+0000] {processor.py:925} INFO - DAG(s) 'extract_raw_data_pipeline' retrieved from /opt/airflow/dags/driven_data_pipeline.py
[2025-10-18T21:44:10.433+0000] {logging_mixin.py:190} INFO - [2025-10-18T21:44:10.432+0000] {dag.py:3239} INFO - Sync 1 DAGs
[2025-10-18T21:44:10.441+0000] {logging_mixin.py:190} INFO - [2025-10-18T21:44:10.441+0000] {dag.py:4180} INFO - Setting next_dagrun for extract_raw_data_pipeline to 2025-10-18 07:59:00+00:00, run_after=2025-10-19 07:00:00+00:00
[2025-10-18T21:44:10.447+0000] {processor.py:208} INFO - Processing /opt/airflow/dags/driven_data_pipeline.py took 0.101 seconds
[2025-10-18T21:59:37.355+0000] {processor.py:186} INFO - Started process (PID=3303) to work on /opt/airflow/dags/driven_data_pipeline.py
[2025-10-18T21:59:37.356+0000] {processor.py:914} INFO - Processing file /opt/airflow/dags/driven_data_pipeline.py for tasks to queue
[2025-10-18T21:59:37.357+0000] {logging_mixin.py:190} INFO - [2025-10-18T21:59:37.357+0000] {dagbag.py:588} INFO - Filling up the DagBag from /opt/airflow/dags/driven_data_pipeline.py
[2025-10-18T21:59:37.421+0000] {processor.py:925} INFO - DAG(s) 'extract_raw_data_pipeline' retrieved from /opt/airflow/dags/driven_data_pipeline.py
[2025-10-18T21:59:37.430+0000] {logging_mixin.py:190} INFO - [2025-10-18T21:59:37.430+0000] {dag.py:3239} INFO - Sync 1 DAGs
[2025-10-18T21:59:37.438+0000] {logging_mixin.py:190} INFO - [2025-10-18T21:59:37.438+0000] {dag.py:4180} INFO - Setting next_dagrun for extract_raw_data_pipeline to 2025-10-18 07:59:00+00:00, run_after=2025-10-19 07:00:00+00:00
[2025-10-18T21:59:37.443+0000] {processor.py:208} INFO - Processing /opt/airflow/dags/driven_data_pipeline.py took 0.092 seconds
[2025-10-18T22:00:07.685+0000] {processor.py:186} INFO - Started process (PID=3311) to work on /opt/airflow/dags/driven_data_pipeline.py
[2025-10-18T22:00:07.687+0000] {processor.py:914} INFO - Processing file /opt/airflow/dags/driven_data_pipeline.py for tasks to queue
[2025-10-18T22:00:07.688+0000] {logging_mixin.py:190} INFO - [2025-10-18T22:00:07.688+0000] {dagbag.py:588} INFO - Filling up the DagBag from /opt/airflow/dags/driven_data_pipeline.py
[2025-10-18T22:00:07.760+0000] {processor.py:925} INFO - DAG(s) 'extract_raw_data_pipeline' retrieved from /opt/airflow/dags/driven_data_pipeline.py
[2025-10-18T22:00:07.769+0000] {logging_mixin.py:190} INFO - [2025-10-18T22:00:07.769+0000] {dag.py:3239} INFO - Sync 1 DAGs
[2025-10-18T22:00:07.777+0000] {logging_mixin.py:190} INFO - [2025-10-18T22:00:07.777+0000] {dag.py:4180} INFO - Setting next_dagrun for extract_raw_data_pipeline to 2025-10-18 07:59:00+00:00, run_after=2025-10-19 07:00:00+00:00
[2025-10-18T22:00:07.782+0000] {processor.py:208} INFO - Processing /opt/airflow/dags/driven_data_pipeline.py took 0.103 seconds
[2025-10-18T22:15:35.283+0000] {processor.py:186} INFO - Started process (PID=3319) to work on /opt/airflow/dags/driven_data_pipeline.py
[2025-10-18T22:15:35.285+0000] {processor.py:914} INFO - Processing file /opt/airflow/dags/driven_data_pipeline.py for tasks to queue
[2025-10-18T22:15:35.286+0000] {logging_mixin.py:190} INFO - [2025-10-18T22:15:35.285+0000] {dagbag.py:588} INFO - Filling up the DagBag from /opt/airflow/dags/driven_data_pipeline.py
[2025-10-18T22:15:35.355+0000] {processor.py:925} INFO - DAG(s) 'extract_raw_data_pipeline' retrieved from /opt/airflow/dags/driven_data_pipeline.py
[2025-10-18T22:15:35.365+0000] {logging_mixin.py:190} INFO - [2025-10-18T22:15:35.365+0000] {dag.py:3239} INFO - Sync 1 DAGs
[2025-10-18T22:15:35.374+0000] {logging_mixin.py:190} INFO - [2025-10-18T22:15:35.374+0000] {dag.py:4180} INFO - Setting next_dagrun for extract_raw_data_pipeline to 2025-10-18 07:59:00+00:00, run_after=2025-10-19 07:00:00+00:00
[2025-10-18T22:15:35.379+0000] {processor.py:208} INFO - Processing /opt/airflow/dags/driven_data_pipeline.py took 0.100 seconds
[2025-10-18T22:23:31.537+0000] {processor.py:186} INFO - Started process (PID=3327) to work on /opt/airflow/dags/driven_data_pipeline.py
[2025-10-18T22:23:31.538+0000] {processor.py:914} INFO - Processing file /opt/airflow/dags/driven_data_pipeline.py for tasks to queue
[2025-10-18T22:23:31.539+0000] {logging_mixin.py:190} INFO - [2025-10-18T22:23:31.539+0000] {dagbag.py:588} INFO - Filling up the DagBag from /opt/airflow/dags/driven_data_pipeline.py
[2025-10-18T22:23:31.611+0000] {processor.py:925} INFO - DAG(s) 'extract_raw_data_pipeline' retrieved from /opt/airflow/dags/driven_data_pipeline.py
[2025-10-18T22:23:31.622+0000] {logging_mixin.py:190} INFO - [2025-10-18T22:23:31.622+0000] {dag.py:3239} INFO - Sync 1 DAGs
[2025-10-18T22:23:31.631+0000] {logging_mixin.py:190} INFO - [2025-10-18T22:23:31.631+0000] {dag.py:4180} INFO - Setting next_dagrun for extract_raw_data_pipeline to 2025-10-18 07:59:00+00:00, run_after=2025-10-19 07:00:00+00:00
[2025-10-18T22:23:31.636+0000] {processor.py:208} INFO - Processing /opt/airflow/dags/driven_data_pipeline.py took 0.104 seconds
[2025-10-18T22:24:01.846+0000] {processor.py:186} INFO - Started process (PID=3335) to work on /opt/airflow/dags/driven_data_pipeline.py
[2025-10-18T22:24:01.849+0000] {processor.py:914} INFO - Processing file /opt/airflow/dags/driven_data_pipeline.py for tasks to queue
[2025-10-18T22:24:01.851+0000] {logging_mixin.py:190} INFO - [2025-10-18T22:24:01.851+0000] {dagbag.py:588} INFO - Filling up the DagBag from /opt/airflow/dags/driven_data_pipeline.py
[2025-10-18T22:24:01.923+0000] {processor.py:925} INFO - DAG(s) 'extract_raw_data_pipeline' retrieved from /opt/airflow/dags/driven_data_pipeline.py
[2025-10-18T22:24:01.933+0000] {logging_mixin.py:190} INFO - [2025-10-18T22:24:01.933+0000] {dag.py:3239} INFO - Sync 1 DAGs
[2025-10-18T22:24:01.941+0000] {logging_mixin.py:190} INFO - [2025-10-18T22:24:01.941+0000] {dag.py:4180} INFO - Setting next_dagrun for extract_raw_data_pipeline to 2025-10-18 07:59:00+00:00, run_after=2025-10-19 07:00:00+00:00
[2025-10-18T22:24:01.946+0000] {processor.py:208} INFO - Processing /opt/airflow/dags/driven_data_pipeline.py took 0.106 seconds
[2025-10-18T22:28:34.116+0000] {processor.py:186} INFO - Started process (PID=3343) to work on /opt/airflow/dags/driven_data_pipeline.py
[2025-10-18T22:28:34.119+0000] {processor.py:914} INFO - Processing file /opt/airflow/dags/driven_data_pipeline.py for tasks to queue
[2025-10-18T22:28:34.120+0000] {logging_mixin.py:190} INFO - [2025-10-18T22:28:34.119+0000] {dagbag.py:588} INFO - Filling up the DagBag from /opt/airflow/dags/driven_data_pipeline.py
[2025-10-18T22:28:34.186+0000] {processor.py:925} INFO - DAG(s) 'extract_raw_data_pipeline' retrieved from /opt/airflow/dags/driven_data_pipeline.py
[2025-10-18T22:28:34.195+0000] {logging_mixin.py:190} INFO - [2025-10-18T22:28:34.195+0000] {dag.py:3239} INFO - Sync 1 DAGs
[2025-10-18T22:28:34.202+0000] {logging_mixin.py:190} INFO - [2025-10-18T22:28:34.202+0000] {dag.py:4180} INFO - Setting next_dagrun for extract_raw_data_pipeline to 2025-10-18 07:59:00+00:00, run_after=2025-10-19 07:00:00+00:00
[2025-10-18T22:28:34.207+0000] {processor.py:208} INFO - Processing /opt/airflow/dags/driven_data_pipeline.py took 0.096 seconds
[2025-10-18T22:29:04.456+0000] {processor.py:186} INFO - Started process (PID=3351) to work on /opt/airflow/dags/driven_data_pipeline.py
[2025-10-18T22:29:04.458+0000] {processor.py:914} INFO - Processing file /opt/airflow/dags/driven_data_pipeline.py for tasks to queue
[2025-10-18T22:29:04.459+0000] {logging_mixin.py:190} INFO - [2025-10-18T22:29:04.459+0000] {dagbag.py:588} INFO - Filling up the DagBag from /opt/airflow/dags/driven_data_pipeline.py
[2025-10-18T22:29:04.533+0000] {processor.py:925} INFO - DAG(s) 'extract_raw_data_pipeline' retrieved from /opt/airflow/dags/driven_data_pipeline.py
[2025-10-18T22:29:04.543+0000] {logging_mixin.py:190} INFO - [2025-10-18T22:29:04.543+0000] {dag.py:3239} INFO - Sync 1 DAGs
[2025-10-18T22:29:04.553+0000] {logging_mixin.py:190} INFO - [2025-10-18T22:29:04.553+0000] {dag.py:4180} INFO - Setting next_dagrun for extract_raw_data_pipeline to 2025-10-18 07:59:00+00:00, run_after=2025-10-19 07:00:00+00:00
[2025-10-18T22:29:04.558+0000] {processor.py:208} INFO - Processing /opt/airflow/dags/driven_data_pipeline.py took 0.107 seconds
[2025-10-18T22:33:47.845+0000] {processor.py:186} INFO - Started process (PID=3359) to work on /opt/airflow/dags/driven_data_pipeline.py
[2025-10-18T22:33:47.846+0000] {processor.py:914} INFO - Processing file /opt/airflow/dags/driven_data_pipeline.py for tasks to queue
[2025-10-18T22:33:47.847+0000] {logging_mixin.py:190} INFO - [2025-10-18T22:33:47.847+0000] {dagbag.py:588} INFO - Filling up the DagBag from /opt/airflow/dags/driven_data_pipeline.py
[2025-10-18T22:33:47.924+0000] {processor.py:925} INFO - DAG(s) 'extract_raw_data_pipeline' retrieved from /opt/airflow/dags/driven_data_pipeline.py
[2025-10-18T22:33:47.934+0000] {logging_mixin.py:190} INFO - [2025-10-18T22:33:47.934+0000] {dag.py:3239} INFO - Sync 1 DAGs
[2025-10-18T22:33:47.945+0000] {logging_mixin.py:190} INFO - [2025-10-18T22:33:47.944+0000] {dag.py:4180} INFO - Setting next_dagrun for extract_raw_data_pipeline to 2025-10-18 07:59:00+00:00, run_after=2025-10-19 07:00:00+00:00
[2025-10-18T22:33:47.950+0000] {processor.py:208} INFO - Processing /opt/airflow/dags/driven_data_pipeline.py took 0.110 seconds
[2025-10-18T22:34:18.619+0000] {processor.py:186} INFO - Started process (PID=3367) to work on /opt/airflow/dags/driven_data_pipeline.py
[2025-10-18T22:34:18.676+0000] {processor.py:914} INFO - Processing file /opt/airflow/dags/driven_data_pipeline.py for tasks to queue
[2025-10-18T22:34:18.676+0000] {logging_mixin.py:190} INFO - [2025-10-18T22:34:18.676+0000] {dagbag.py:588} INFO - Filling up the DagBag from /opt/airflow/dags/driven_data_pipeline.py
[2025-10-18T22:34:18.745+0000] {processor.py:925} INFO - DAG(s) 'extract_raw_data_pipeline' retrieved from /opt/airflow/dags/driven_data_pipeline.py
[2025-10-18T22:34:18.757+0000] {logging_mixin.py:190} INFO - [2025-10-18T22:34:18.757+0000] {dag.py:3239} INFO - Sync 1 DAGs
[2025-10-18T22:34:18.767+0000] {logging_mixin.py:190} INFO - [2025-10-18T22:34:18.767+0000] {dag.py:4180} INFO - Setting next_dagrun for extract_raw_data_pipeline to 2025-10-18 07:59:00+00:00, run_after=2025-10-19 07:00:00+00:00
[2025-10-18T22:34:18.774+0000] {processor.py:208} INFO - Processing /opt/airflow/dags/driven_data_pipeline.py took 0.160 seconds
[2025-10-18T22:34:51.113+0000] {processor.py:186} INFO - Started process (PID=3375) to work on /opt/airflow/dags/driven_data_pipeline.py
[2025-10-18T22:34:51.115+0000] {processor.py:914} INFO - Processing file /opt/airflow/dags/driven_data_pipeline.py for tasks to queue
[2025-10-18T22:34:51.116+0000] {logging_mixin.py:190} INFO - [2025-10-18T22:34:51.115+0000] {dagbag.py:588} INFO - Filling up the DagBag from /opt/airflow/dags/driven_data_pipeline.py
[2025-10-18T22:34:51.183+0000] {processor.py:925} INFO - DAG(s) 'extract_raw_data_pipeline' retrieved from /opt/airflow/dags/driven_data_pipeline.py
[2025-10-18T22:34:51.193+0000] {logging_mixin.py:190} INFO - [2025-10-18T22:34:51.193+0000] {dag.py:3239} INFO - Sync 1 DAGs
[2025-10-18T22:34:51.200+0000] {logging_mixin.py:190} INFO - [2025-10-18T22:34:51.200+0000] {dag.py:4180} INFO - Setting next_dagrun for extract_raw_data_pipeline to 2025-10-18 07:59:00+00:00, run_after=2025-10-19 07:00:00+00:00
[2025-10-18T22:34:51.206+0000] {processor.py:208} INFO - Processing /opt/airflow/dags/driven_data_pipeline.py took 0.099 seconds
[2025-10-18T22:35:21.480+0000] {processor.py:186} INFO - Started process (PID=3383) to work on /opt/airflow/dags/driven_data_pipeline.py
[2025-10-18T22:35:21.483+0000] {processor.py:914} INFO - Processing file /opt/airflow/dags/driven_data_pipeline.py for tasks to queue
[2025-10-18T22:35:21.484+0000] {logging_mixin.py:190} INFO - [2025-10-18T22:35:21.483+0000] {dagbag.py:588} INFO - Filling up the DagBag from /opt/airflow/dags/driven_data_pipeline.py
[2025-10-18T22:35:21.554+0000] {processor.py:925} INFO - DAG(s) 'extract_raw_data_pipeline' retrieved from /opt/airflow/dags/driven_data_pipeline.py
[2025-10-18T22:35:21.564+0000] {logging_mixin.py:190} INFO - [2025-10-18T22:35:21.563+0000] {dag.py:3239} INFO - Sync 1 DAGs
[2025-10-18T22:35:21.572+0000] {logging_mixin.py:190} INFO - [2025-10-18T22:35:21.572+0000] {dag.py:4180} INFO - Setting next_dagrun for extract_raw_data_pipeline to 2025-10-18 07:59:00+00:00, run_after=2025-10-19 07:00:00+00:00
[2025-10-18T22:35:21.577+0000] {processor.py:208} INFO - Processing /opt/airflow/dags/driven_data_pipeline.py took 0.103 seconds
[2025-10-18T22:35:51.840+0000] {processor.py:186} INFO - Started process (PID=3391) to work on /opt/airflow/dags/driven_data_pipeline.py
[2025-10-18T22:35:51.841+0000] {processor.py:914} INFO - Processing file /opt/airflow/dags/driven_data_pipeline.py for tasks to queue
[2025-10-18T22:35:51.842+0000] {logging_mixin.py:190} INFO - [2025-10-18T22:35:51.841+0000] {dagbag.py:588} INFO - Filling up the DagBag from /opt/airflow/dags/driven_data_pipeline.py
[2025-10-18T22:35:51.905+0000] {processor.py:925} INFO - DAG(s) 'extract_raw_data_pipeline' retrieved from /opt/airflow/dags/driven_data_pipeline.py
[2025-10-18T22:35:51.915+0000] {logging_mixin.py:190} INFO - [2025-10-18T22:35:51.914+0000] {dag.py:3239} INFO - Sync 1 DAGs
[2025-10-18T22:35:51.923+0000] {logging_mixin.py:190} INFO - [2025-10-18T22:35:51.923+0000] {dag.py:4180} INFO - Setting next_dagrun for extract_raw_data_pipeline to 2025-10-18 07:59:00+00:00, run_after=2025-10-19 07:00:00+00:00
[2025-10-18T22:35:51.929+0000] {processor.py:208} INFO - Processing /opt/airflow/dags/driven_data_pipeline.py took 0.092 seconds
[2025-10-18T22:36:22.158+0000] {processor.py:186} INFO - Started process (PID=3399) to work on /opt/airflow/dags/driven_data_pipeline.py
[2025-10-18T22:36:22.160+0000] {processor.py:914} INFO - Processing file /opt/airflow/dags/driven_data_pipeline.py for tasks to queue
[2025-10-18T22:36:22.161+0000] {logging_mixin.py:190} INFO - [2025-10-18T22:36:22.161+0000] {dagbag.py:588} INFO - Filling up the DagBag from /opt/airflow/dags/driven_data_pipeline.py
[2025-10-18T22:36:22.233+0000] {processor.py:925} INFO - DAG(s) 'extract_raw_data_pipeline' retrieved from /opt/airflow/dags/driven_data_pipeline.py
[2025-10-18T22:36:22.242+0000] {logging_mixin.py:190} INFO - [2025-10-18T22:36:22.242+0000] {dag.py:3239} INFO - Sync 1 DAGs
[2025-10-18T22:36:22.249+0000] {logging_mixin.py:190} INFO - [2025-10-18T22:36:22.249+0000] {dag.py:4180} INFO - Setting next_dagrun for extract_raw_data_pipeline to 2025-10-18 07:59:00+00:00, run_after=2025-10-19 07:00:00+00:00
[2025-10-18T22:36:22.254+0000] {processor.py:208} INFO - Processing /opt/airflow/dags/driven_data_pipeline.py took 0.102 seconds
[2025-10-18T22:38:52.060+0000] {processor.py:186} INFO - Started process (PID=3407) to work on /opt/airflow/dags/driven_data_pipeline.py
[2025-10-18T22:38:52.062+0000] {processor.py:914} INFO - Processing file /opt/airflow/dags/driven_data_pipeline.py for tasks to queue
[2025-10-18T22:38:52.063+0000] {logging_mixin.py:190} INFO - [2025-10-18T22:38:52.062+0000] {dagbag.py:588} INFO - Filling up the DagBag from /opt/airflow/dags/driven_data_pipeline.py
[2025-10-18T22:38:52.125+0000] {processor.py:925} INFO - DAG(s) 'extract_raw_data_pipeline' retrieved from /opt/airflow/dags/driven_data_pipeline.py
[2025-10-18T22:38:52.134+0000] {logging_mixin.py:190} INFO - [2025-10-18T22:38:52.134+0000] {dag.py:3239} INFO - Sync 1 DAGs
[2025-10-18T22:38:52.142+0000] {logging_mixin.py:190} INFO - [2025-10-18T22:38:52.142+0000] {dag.py:4180} INFO - Setting next_dagrun for extract_raw_data_pipeline to 2025-10-18 07:59:00+00:00, run_after=2025-10-19 07:00:00+00:00
[2025-10-18T22:38:52.148+0000] {processor.py:208} INFO - Processing /opt/airflow/dags/driven_data_pipeline.py took 0.091 seconds
[2025-10-18T22:39:22.403+0000] {processor.py:186} INFO - Started process (PID=3415) to work on /opt/airflow/dags/driven_data_pipeline.py
[2025-10-18T22:39:22.412+0000] {processor.py:914} INFO - Processing file /opt/airflow/dags/driven_data_pipeline.py for tasks to queue
[2025-10-18T22:39:22.412+0000] {logging_mixin.py:190} INFO - [2025-10-18T22:39:22.412+0000] {dagbag.py:588} INFO - Filling up the DagBag from /opt/airflow/dags/driven_data_pipeline.py
[2025-10-18T22:39:22.472+0000] {processor.py:925} INFO - DAG(s) 'extract_raw_data_pipeline' retrieved from /opt/airflow/dags/driven_data_pipeline.py
[2025-10-18T22:39:22.485+0000] {logging_mixin.py:190} INFO - [2025-10-18T22:39:22.485+0000] {dag.py:3239} INFO - Sync 1 DAGs
[2025-10-18T22:39:22.495+0000] {logging_mixin.py:190} INFO - [2025-10-18T22:39:22.495+0000] {dag.py:4180} INFO - Setting next_dagrun for extract_raw_data_pipeline to 2025-10-18 07:59:00+00:00, run_after=2025-10-19 07:00:00+00:00
[2025-10-18T22:39:22.505+0000] {processor.py:208} INFO - Processing /opt/airflow/dags/driven_data_pipeline.py took 0.105 seconds
[2025-10-18T22:39:52.810+0000] {processor.py:186} INFO - Started process (PID=3423) to work on /opt/airflow/dags/driven_data_pipeline.py
[2025-10-18T22:39:52.813+0000] {processor.py:914} INFO - Processing file /opt/airflow/dags/driven_data_pipeline.py for tasks to queue
[2025-10-18T22:39:52.814+0000] {logging_mixin.py:190} INFO - [2025-10-18T22:39:52.813+0000] {dagbag.py:588} INFO - Filling up the DagBag from /opt/airflow/dags/driven_data_pipeline.py
[2025-10-18T22:39:52.885+0000] {processor.py:925} INFO - DAG(s) 'extract_raw_data_pipeline' retrieved from /opt/airflow/dags/driven_data_pipeline.py
[2025-10-18T22:39:52.896+0000] {logging_mixin.py:190} INFO - [2025-10-18T22:39:52.896+0000] {dag.py:3239} INFO - Sync 1 DAGs
[2025-10-18T22:39:52.906+0000] {logging_mixin.py:190} INFO - [2025-10-18T22:39:52.905+0000] {dag.py:4180} INFO - Setting next_dagrun for extract_raw_data_pipeline to 2025-10-18 07:59:00+00:00, run_after=2025-10-19 07:00:00+00:00
[2025-10-18T22:39:52.911+0000] {processor.py:208} INFO - Processing /opt/airflow/dags/driven_data_pipeline.py took 0.107 seconds
[2025-10-18T22:40:23.142+0000] {processor.py:186} INFO - Started process (PID=3431) to work on /opt/airflow/dags/driven_data_pipeline.py
[2025-10-18T22:40:23.143+0000] {processor.py:914} INFO - Processing file /opt/airflow/dags/driven_data_pipeline.py for tasks to queue
[2025-10-18T22:40:23.144+0000] {logging_mixin.py:190} INFO - [2025-10-18T22:40:23.144+0000] {dagbag.py:588} INFO - Filling up the DagBag from /opt/airflow/dags/driven_data_pipeline.py
[2025-10-18T22:40:23.204+0000] {processor.py:925} INFO - DAG(s) 'extract_raw_data_pipeline' retrieved from /opt/airflow/dags/driven_data_pipeline.py
[2025-10-18T22:40:23.214+0000] {logging_mixin.py:190} INFO - [2025-10-18T22:40:23.214+0000] {dag.py:3239} INFO - Sync 1 DAGs
[2025-10-18T22:40:23.222+0000] {logging_mixin.py:190} INFO - [2025-10-18T22:40:23.221+0000] {dag.py:4180} INFO - Setting next_dagrun for extract_raw_data_pipeline to 2025-10-18 07:59:00+00:00, run_after=2025-10-19 07:00:00+00:00
[2025-10-18T22:40:23.226+0000] {processor.py:208} INFO - Processing /opt/airflow/dags/driven_data_pipeline.py took 0.088 seconds
[2025-10-18T22:40:53.517+0000] {processor.py:186} INFO - Started process (PID=3439) to work on /opt/airflow/dags/driven_data_pipeline.py
[2025-10-18T22:40:53.519+0000] {processor.py:914} INFO - Processing file /opt/airflow/dags/driven_data_pipeline.py for tasks to queue
[2025-10-18T22:40:53.520+0000] {logging_mixin.py:190} INFO - [2025-10-18T22:40:53.520+0000] {dagbag.py:588} INFO - Filling up the DagBag from /opt/airflow/dags/driven_data_pipeline.py
[2025-10-18T22:40:53.591+0000] {processor.py:925} INFO - DAG(s) 'extract_raw_data_pipeline' retrieved from /opt/airflow/dags/driven_data_pipeline.py
[2025-10-18T22:40:53.602+0000] {logging_mixin.py:190} INFO - [2025-10-18T22:40:53.602+0000] {dag.py:3239} INFO - Sync 1 DAGs
[2025-10-18T22:40:53.610+0000] {logging_mixin.py:190} INFO - [2025-10-18T22:40:53.610+0000] {dag.py:4180} INFO - Setting next_dagrun for extract_raw_data_pipeline to 2025-10-18 07:59:00+00:00, run_after=2025-10-19 07:00:00+00:00
[2025-10-18T22:40:53.615+0000] {processor.py:208} INFO - Processing /opt/airflow/dags/driven_data_pipeline.py took 0.104 seconds
[2025-10-18T22:43:51.262+0000] {processor.py:186} INFO - Started process (PID=3447) to work on /opt/airflow/dags/driven_data_pipeline.py
[2025-10-18T22:43:51.264+0000] {processor.py:914} INFO - Processing file /opt/airflow/dags/driven_data_pipeline.py for tasks to queue
[2025-10-18T22:43:51.265+0000] {logging_mixin.py:190} INFO - [2025-10-18T22:43:51.265+0000] {dagbag.py:588} INFO - Filling up the DagBag from /opt/airflow/dags/driven_data_pipeline.py
[2025-10-18T22:43:51.335+0000] {processor.py:925} INFO - DAG(s) 'extract_raw_data_pipeline' retrieved from /opt/airflow/dags/driven_data_pipeline.py
[2025-10-18T22:43:51.344+0000] {logging_mixin.py:190} INFO - [2025-10-18T22:43:51.344+0000] {dag.py:3239} INFO - Sync 1 DAGs
[2025-10-18T22:43:51.352+0000] {logging_mixin.py:190} INFO - [2025-10-18T22:43:51.352+0000] {dag.py:4180} INFO - Setting next_dagrun for extract_raw_data_pipeline to 2025-10-18 07:59:00+00:00, run_after=2025-10-19 07:00:00+00:00
[2025-10-18T22:43:51.357+0000] {processor.py:208} INFO - Processing /opt/airflow/dags/driven_data_pipeline.py took 0.101 seconds
[2025-10-18T22:44:21.680+0000] {processor.py:186} INFO - Started process (PID=3455) to work on /opt/airflow/dags/driven_data_pipeline.py
[2025-10-18T22:44:21.682+0000] {processor.py:914} INFO - Processing file /opt/airflow/dags/driven_data_pipeline.py for tasks to queue
[2025-10-18T22:44:21.683+0000] {logging_mixin.py:190} INFO - [2025-10-18T22:44:21.683+0000] {dagbag.py:588} INFO - Filling up the DagBag from /opt/airflow/dags/driven_data_pipeline.py
[2025-10-18T22:44:21.752+0000] {processor.py:925} INFO - DAG(s) 'extract_raw_data_pipeline' retrieved from /opt/airflow/dags/driven_data_pipeline.py
[2025-10-18T22:44:21.762+0000] {logging_mixin.py:190} INFO - [2025-10-18T22:44:21.762+0000] {dag.py:3239} INFO - Sync 1 DAGs
[2025-10-18T22:44:21.771+0000] {logging_mixin.py:190} INFO - [2025-10-18T22:44:21.770+0000] {dag.py:4180} INFO - Setting next_dagrun for extract_raw_data_pipeline to 2025-10-18 07:59:00+00:00, run_after=2025-10-19 07:00:00+00:00
[2025-10-18T22:44:21.775+0000] {processor.py:208} INFO - Processing /opt/airflow/dags/driven_data_pipeline.py took 0.101 seconds
[2025-10-18T22:44:51.995+0000] {processor.py:186} INFO - Started process (PID=3463) to work on /opt/airflow/dags/driven_data_pipeline.py
[2025-10-18T22:44:51.997+0000] {processor.py:914} INFO - Processing file /opt/airflow/dags/driven_data_pipeline.py for tasks to queue
[2025-10-18T22:44:51.998+0000] {logging_mixin.py:190} INFO - [2025-10-18T22:44:51.998+0000] {dagbag.py:588} INFO - Filling up the DagBag from /opt/airflow/dags/driven_data_pipeline.py
[2025-10-18T22:44:52.057+0000] {processor.py:925} INFO - DAG(s) 'extract_raw_data_pipeline' retrieved from /opt/airflow/dags/driven_data_pipeline.py
[2025-10-18T22:44:52.067+0000] {logging_mixin.py:190} INFO - [2025-10-18T22:44:52.067+0000] {dag.py:3239} INFO - Sync 1 DAGs
[2025-10-18T22:44:52.075+0000] {logging_mixin.py:190} INFO - [2025-10-18T22:44:52.075+0000] {dag.py:4180} INFO - Setting next_dagrun for extract_raw_data_pipeline to 2025-10-18 07:59:00+00:00, run_after=2025-10-19 07:00:00+00:00
[2025-10-18T22:44:52.080+0000] {processor.py:208} INFO - Processing /opt/airflow/dags/driven_data_pipeline.py took 0.087 seconds
[2025-10-18T22:45:22.389+0000] {processor.py:186} INFO - Started process (PID=3471) to work on /opt/airflow/dags/driven_data_pipeline.py
[2025-10-18T22:45:22.391+0000] {processor.py:914} INFO - Processing file /opt/airflow/dags/driven_data_pipeline.py for tasks to queue
[2025-10-18T22:45:22.391+0000] {logging_mixin.py:190} INFO - [2025-10-18T22:45:22.391+0000] {dagbag.py:588} INFO - Filling up the DagBag from /opt/airflow/dags/driven_data_pipeline.py
[2025-10-18T22:45:22.450+0000] {processor.py:925} INFO - DAG(s) 'extract_raw_data_pipeline' retrieved from /opt/airflow/dags/driven_data_pipeline.py
[2025-10-18T22:45:22.460+0000] {logging_mixin.py:190} INFO - [2025-10-18T22:45:22.459+0000] {dag.py:3239} INFO - Sync 1 DAGs
[2025-10-18T22:45:22.468+0000] {logging_mixin.py:190} INFO - [2025-10-18T22:45:22.468+0000] {dag.py:4180} INFO - Setting next_dagrun for extract_raw_data_pipeline to 2025-10-18 07:59:00+00:00, run_after=2025-10-19 07:00:00+00:00
[2025-10-18T22:45:22.473+0000] {processor.py:208} INFO - Processing /opt/airflow/dags/driven_data_pipeline.py took 0.086 seconds
[2025-10-18T22:45:52.740+0000] {processor.py:186} INFO - Started process (PID=3479) to work on /opt/airflow/dags/driven_data_pipeline.py
[2025-10-18T22:45:52.742+0000] {processor.py:914} INFO - Processing file /opt/airflow/dags/driven_data_pipeline.py for tasks to queue
[2025-10-18T22:45:52.743+0000] {logging_mixin.py:190} INFO - [2025-10-18T22:45:52.742+0000] {dagbag.py:588} INFO - Filling up the DagBag from /opt/airflow/dags/driven_data_pipeline.py
[2025-10-18T22:45:52.809+0000] {processor.py:925} INFO - DAG(s) 'extract_raw_data_pipeline' retrieved from /opt/airflow/dags/driven_data_pipeline.py
[2025-10-18T22:45:52.818+0000] {logging_mixin.py:190} INFO - [2025-10-18T22:45:52.818+0000] {dag.py:3239} INFO - Sync 1 DAGs
[2025-10-18T22:45:52.826+0000] {logging_mixin.py:190} INFO - [2025-10-18T22:45:52.826+0000] {dag.py:4180} INFO - Setting next_dagrun for extract_raw_data_pipeline to 2025-10-18 07:59:00+00:00, run_after=2025-10-19 07:00:00+00:00
[2025-10-18T22:45:52.832+0000] {processor.py:208} INFO - Processing /opt/airflow/dags/driven_data_pipeline.py took 0.097 seconds
[2025-10-18T22:46:23.087+0000] {processor.py:186} INFO - Started process (PID=3487) to work on /opt/airflow/dags/driven_data_pipeline.py
[2025-10-18T22:46:23.089+0000] {processor.py:914} INFO - Processing file /opt/airflow/dags/driven_data_pipeline.py for tasks to queue
[2025-10-18T22:46:23.090+0000] {logging_mixin.py:190} INFO - [2025-10-18T22:46:23.090+0000] {dagbag.py:588} INFO - Filling up the DagBag from /opt/airflow/dags/driven_data_pipeline.py
[2025-10-18T22:46:23.159+0000] {processor.py:925} INFO - DAG(s) 'extract_raw_data_pipeline' retrieved from /opt/airflow/dags/driven_data_pipeline.py
[2025-10-18T22:46:23.169+0000] {logging_mixin.py:190} INFO - [2025-10-18T22:46:23.169+0000] {dag.py:3239} INFO - Sync 1 DAGs
[2025-10-18T22:46:23.177+0000] {logging_mixin.py:190} INFO - [2025-10-18T22:46:23.177+0000] {dag.py:4180} INFO - Setting next_dagrun for extract_raw_data_pipeline to 2025-10-18 07:59:00+00:00, run_after=2025-10-19 07:00:00+00:00
[2025-10-18T22:46:23.182+0000] {processor.py:208} INFO - Processing /opt/airflow/dags/driven_data_pipeline.py took 0.101 seconds
[2025-10-18T22:46:53.533+0000] {processor.py:186} INFO - Started process (PID=3501) to work on /opt/airflow/dags/driven_data_pipeline.py
[2025-10-18T22:46:53.535+0000] {processor.py:914} INFO - Processing file /opt/airflow/dags/driven_data_pipeline.py for tasks to queue
[2025-10-18T22:46:53.536+0000] {logging_mixin.py:190} INFO - [2025-10-18T22:46:53.535+0000] {dagbag.py:588} INFO - Filling up the DagBag from /opt/airflow/dags/driven_data_pipeline.py
[2025-10-18T22:46:53.601+0000] {processor.py:925} INFO - DAG(s) 'extract_raw_data_pipeline' retrieved from /opt/airflow/dags/driven_data_pipeline.py
[2025-10-18T22:46:53.610+0000] {logging_mixin.py:190} INFO - [2025-10-18T22:46:53.610+0000] {dag.py:3239} INFO - Sync 1 DAGs
[2025-10-18T22:46:53.618+0000] {logging_mixin.py:190} INFO - [2025-10-18T22:46:53.618+0000] {dag.py:4180} INFO - Setting next_dagrun for extract_raw_data_pipeline to 2025-10-18 07:59:00+00:00, run_after=2025-10-19 07:00:00+00:00
[2025-10-18T22:46:53.623+0000] {processor.py:208} INFO - Processing /opt/airflow/dags/driven_data_pipeline.py took 0.095 seconds
[2025-10-18T23:02:20.799+0000] {processor.py:186} INFO - Started process (PID=3503) to work on /opt/airflow/dags/driven_data_pipeline.py
[2025-10-18T23:02:20.801+0000] {processor.py:914} INFO - Processing file /opt/airflow/dags/driven_data_pipeline.py for tasks to queue
[2025-10-18T23:02:20.801+0000] {logging_mixin.py:190} INFO - [2025-10-18T23:02:20.801+0000] {dagbag.py:588} INFO - Filling up the DagBag from /opt/airflow/dags/driven_data_pipeline.py
[2025-10-18T23:02:20.865+0000] {processor.py:925} INFO - DAG(s) 'extract_raw_data_pipeline' retrieved from /opt/airflow/dags/driven_data_pipeline.py
[2025-10-18T23:02:20.875+0000] {logging_mixin.py:190} INFO - [2025-10-18T23:02:20.875+0000] {dag.py:3239} INFO - Sync 1 DAGs
[2025-10-18T23:02:20.882+0000] {logging_mixin.py:190} INFO - [2025-10-18T23:02:20.882+0000] {dag.py:4180} INFO - Setting next_dagrun for extract_raw_data_pipeline to 2025-10-18 07:59:00+00:00, run_after=2025-10-19 07:00:00+00:00
[2025-10-18T23:02:20.888+0000] {processor.py:208} INFO - Processing /opt/airflow/dags/driven_data_pipeline.py took 0.093 seconds
[2025-10-18T23:17:51.021+0000] {processor.py:186} INFO - Started process (PID=3511) to work on /opt/airflow/dags/driven_data_pipeline.py
[2025-10-18T23:17:51.023+0000] {processor.py:914} INFO - Processing file /opt/airflow/dags/driven_data_pipeline.py for tasks to queue
[2025-10-18T23:17:51.023+0000] {logging_mixin.py:190} INFO - [2025-10-18T23:17:51.023+0000] {dagbag.py:588} INFO - Filling up the DagBag from /opt/airflow/dags/driven_data_pipeline.py
[2025-10-18T23:17:51.094+0000] {processor.py:925} INFO - DAG(s) 'extract_raw_data_pipeline' retrieved from /opt/airflow/dags/driven_data_pipeline.py
[2025-10-18T23:17:51.105+0000] {logging_mixin.py:190} INFO - [2025-10-18T23:17:51.105+0000] {dag.py:3239} INFO - Sync 1 DAGs
[2025-10-18T23:17:51.114+0000] {logging_mixin.py:190} INFO - [2025-10-18T23:17:51.114+0000] {dag.py:4180} INFO - Setting next_dagrun for extract_raw_data_pipeline to 2025-10-18 07:59:00+00:00, run_after=2025-10-19 07:00:00+00:00
[2025-10-18T23:17:51.120+0000] {processor.py:208} INFO - Processing /opt/airflow/dags/driven_data_pipeline.py took 0.103 seconds
[2025-10-18T23:18:21.345+0000] {processor.py:186} INFO - Started process (PID=3519) to work on /opt/airflow/dags/driven_data_pipeline.py
[2025-10-18T23:18:21.346+0000] {processor.py:914} INFO - Processing file /opt/airflow/dags/driven_data_pipeline.py for tasks to queue
[2025-10-18T23:18:21.348+0000] {logging_mixin.py:190} INFO - [2025-10-18T23:18:21.348+0000] {dagbag.py:588} INFO - Filling up the DagBag from /opt/airflow/dags/driven_data_pipeline.py
[2025-10-18T23:18:21.420+0000] {processor.py:925} INFO - DAG(s) 'extract_raw_data_pipeline' retrieved from /opt/airflow/dags/driven_data_pipeline.py
[2025-10-18T23:18:21.430+0000] {logging_mixin.py:190} INFO - [2025-10-18T23:18:21.430+0000] {dag.py:3239} INFO - Sync 1 DAGs
[2025-10-18T23:18:21.438+0000] {logging_mixin.py:190} INFO - [2025-10-18T23:18:21.438+0000] {dag.py:4180} INFO - Setting next_dagrun for extract_raw_data_pipeline to 2025-10-18 07:59:00+00:00, run_after=2025-10-19 07:00:00+00:00
[2025-10-18T23:18:21.443+0000] {processor.py:208} INFO - Processing /opt/airflow/dags/driven_data_pipeline.py took 0.103 seconds
[2025-10-18T23:18:51.742+0000] {processor.py:186} INFO - Started process (PID=3527) to work on /opt/airflow/dags/driven_data_pipeline.py
[2025-10-18T23:18:51.744+0000] {processor.py:914} INFO - Processing file /opt/airflow/dags/driven_data_pipeline.py for tasks to queue
[2025-10-18T23:18:51.745+0000] {logging_mixin.py:190} INFO - [2025-10-18T23:18:51.745+0000] {dagbag.py:588} INFO - Filling up the DagBag from /opt/airflow/dags/driven_data_pipeline.py
[2025-10-18T23:18:51.815+0000] {processor.py:925} INFO - DAG(s) 'extract_raw_data_pipeline' retrieved from /opt/airflow/dags/driven_data_pipeline.py
[2025-10-18T23:18:51.825+0000] {logging_mixin.py:190} INFO - [2025-10-18T23:18:51.825+0000] {dag.py:3239} INFO - Sync 1 DAGs
[2025-10-18T23:18:51.833+0000] {logging_mixin.py:190} INFO - [2025-10-18T23:18:51.833+0000] {dag.py:4180} INFO - Setting next_dagrun for extract_raw_data_pipeline to 2025-10-18 07:59:00+00:00, run_after=2025-10-19 07:00:00+00:00
[2025-10-18T23:18:51.838+0000] {processor.py:208} INFO - Processing /opt/airflow/dags/driven_data_pipeline.py took 0.101 seconds
[2025-10-18T23:24:58.595+0000] {processor.py:186} INFO - Started process (PID=3535) to work on /opt/airflow/dags/driven_data_pipeline.py
[2025-10-18T23:24:58.596+0000] {processor.py:914} INFO - Processing file /opt/airflow/dags/driven_data_pipeline.py for tasks to queue
[2025-10-18T23:24:58.597+0000] {logging_mixin.py:190} INFO - [2025-10-18T23:24:58.597+0000] {dagbag.py:588} INFO - Filling up the DagBag from /opt/airflow/dags/driven_data_pipeline.py
[2025-10-18T23:24:58.664+0000] {processor.py:925} INFO - DAG(s) 'extract_raw_data_pipeline' retrieved from /opt/airflow/dags/driven_data_pipeline.py
[2025-10-18T23:24:58.673+0000] {logging_mixin.py:190} INFO - [2025-10-18T23:24:58.673+0000] {dag.py:3239} INFO - Sync 1 DAGs
[2025-10-18T23:24:58.680+0000] {logging_mixin.py:190} INFO - [2025-10-18T23:24:58.680+0000] {dag.py:4180} INFO - Setting next_dagrun for extract_raw_data_pipeline to 2025-10-18 07:59:00+00:00, run_after=2025-10-19 07:00:00+00:00
[2025-10-18T23:24:58.686+0000] {processor.py:208} INFO - Processing /opt/airflow/dags/driven_data_pipeline.py took 0.095 seconds
[2025-10-18T23:40:27.433+0000] {processor.py:186} INFO - Started process (PID=3543) to work on /opt/airflow/dags/driven_data_pipeline.py
[2025-10-18T23:40:27.435+0000] {processor.py:914} INFO - Processing file /opt/airflow/dags/driven_data_pipeline.py for tasks to queue
[2025-10-18T23:40:27.436+0000] {logging_mixin.py:190} INFO - [2025-10-18T23:40:27.436+0000] {dagbag.py:588} INFO - Filling up the DagBag from /opt/airflow/dags/driven_data_pipeline.py
[2025-10-18T23:40:27.502+0000] {processor.py:925} INFO - DAG(s) 'extract_raw_data_pipeline' retrieved from /opt/airflow/dags/driven_data_pipeline.py
[2025-10-18T23:40:27.511+0000] {logging_mixin.py:190} INFO - [2025-10-18T23:40:27.511+0000] {dag.py:3239} INFO - Sync 1 DAGs
[2025-10-18T23:40:27.519+0000] {logging_mixin.py:190} INFO - [2025-10-18T23:40:27.519+0000] {dag.py:4180} INFO - Setting next_dagrun for extract_raw_data_pipeline to 2025-10-18 07:59:00+00:00, run_after=2025-10-19 07:00:00+00:00
[2025-10-18T23:40:27.524+0000] {processor.py:208} INFO - Processing /opt/airflow/dags/driven_data_pipeline.py took 0.096 seconds
[2025-10-18T23:40:57.870+0000] {processor.py:186} INFO - Started process (PID=3551) to work on /opt/airflow/dags/driven_data_pipeline.py
[2025-10-18T23:40:57.873+0000] {processor.py:914} INFO - Processing file /opt/airflow/dags/driven_data_pipeline.py for tasks to queue
[2025-10-18T23:40:57.874+0000] {logging_mixin.py:190} INFO - [2025-10-18T23:40:57.874+0000] {dagbag.py:588} INFO - Filling up the DagBag from /opt/airflow/dags/driven_data_pipeline.py
[2025-10-18T23:40:57.943+0000] {processor.py:925} INFO - DAG(s) 'extract_raw_data_pipeline' retrieved from /opt/airflow/dags/driven_data_pipeline.py
[2025-10-18T23:40:57.952+0000] {logging_mixin.py:190} INFO - [2025-10-18T23:40:57.952+0000] {dag.py:3239} INFO - Sync 1 DAGs
[2025-10-18T23:40:57.960+0000] {logging_mixin.py:190} INFO - [2025-10-18T23:40:57.960+0000] {dag.py:4180} INFO - Setting next_dagrun for extract_raw_data_pipeline to 2025-10-18 07:59:00+00:00, run_after=2025-10-19 07:00:00+00:00
[2025-10-18T23:40:57.966+0000] {processor.py:208} INFO - Processing /opt/airflow/dags/driven_data_pipeline.py took 0.102 seconds
[2025-10-18T23:56:27.125+0000] {processor.py:186} INFO - Started process (PID=3559) to work on /opt/airflow/dags/driven_data_pipeline.py
[2025-10-18T23:56:27.127+0000] {processor.py:914} INFO - Processing file /opt/airflow/dags/driven_data_pipeline.py for tasks to queue
[2025-10-18T23:56:27.128+0000] {logging_mixin.py:190} INFO - [2025-10-18T23:56:27.127+0000] {dagbag.py:588} INFO - Filling up the DagBag from /opt/airflow/dags/driven_data_pipeline.py
[2025-10-18T23:56:27.198+0000] {processor.py:925} INFO - DAG(s) 'extract_raw_data_pipeline' retrieved from /opt/airflow/dags/driven_data_pipeline.py
[2025-10-18T23:56:27.208+0000] {logging_mixin.py:190} INFO - [2025-10-18T23:56:27.208+0000] {dag.py:3239} INFO - Sync 1 DAGs
[2025-10-18T23:56:27.216+0000] {logging_mixin.py:190} INFO - [2025-10-18T23:56:27.216+0000] {dag.py:4180} INFO - Setting next_dagrun for extract_raw_data_pipeline to 2025-10-18 07:59:00+00:00, run_after=2025-10-19 07:00:00+00:00
[2025-10-18T23:56:27.221+0000] {processor.py:208} INFO - Processing /opt/airflow/dags/driven_data_pipeline.py took 0.102 seconds
